timestamp,sg1,sg2,sg3,sg4,sg5,sg6,lc1,lc2,imu1,imu2,temp,condition
2026-09-23T10:37:04.310100,41.567729011266216,40.481289199005445,37.72171034608084,40.75495931274716,43.61723514865134,38.50793975697713,25.166159172033858,24.866331260751416,0.38915206579274025,0.4057942393350428,30.23229773690672,NORMAL
2026-09-23T10:37:04.320100,45.49067605979743,42.96990952039601,38.27626794360958,37.15419599413795,40.95601289753685,43.7390265856336,25.655540413602026,25.020828431951692,0.3946838353114608,0.4265888110200435,28.546454701991323,NORMAL
2026-09-23T10:37:04.330100,41.06316804856632,42.471087597780574,40.18351096344862,38.39842581836216,45.12979957606373,43.744640347985246,25.391163404351822,24.443388892875912,0.4284125343792693,0.324273980413743,27.38005457778115,NORMAL
2026-09-23T10:37:04.340100,40.17932781540149,38.25256986096201,40.19003060764101,40.660664749032236,40.342775776112916,45.542084270044,24.498898587878823,24.95687807683186,0.3853050111021734,0.4057209928730461,30.818636311543766,NORMAL
2026-09-23T10:37:04.350100,43.91524137237733,42.04965530560763,39.62487024451575,40.1962300941253,42.1190436043412,40.84788671855027,24.765015862931993,25.24966320023839,0.3874942214501308,0.5167877111240274,29.180707457813508,NORMAL
2026-09-23T10:37:04.360100,38.703376200293526,43.30542054640909,41.55462495335866,40.26423172709815,46.50745203790302,47.27903493232649,24.95298626199185,24.28852053343051,0.3733961725840644,0.44764478786582884,28.556321593921712,NORMAL
2026-09-23T10:37:04.370100,42.100593962361785,41.75971207802618,37.21101958796582,40.80907996592024,45.7423392245797,49.964225550702196,25.309983883886567,24.695298270678467,0.3719101203832985,0.35842094493789967,30.952273559815822,NORMAL
2026-09-23T10:37:04.380100,40.2995014955589,40.789217678898204,39.87325654822419,37.19134252337148,43.119026109146844,37.47614120318825,24.458760690480645,24.716131793904076,0.4207880494258336,0.4596746636221649,29.981533186836288,NORMAL
2026-09-23T10:37:04.390100,42.78409283759941,41.5039081056417,40.71185278363401,41.233387996845515,44.821079946222625,39.967167089664066,25.4516926571723,25.190523563977877,0.461347077485711,0.39850467036593934,31.953100924483845,NORMAL
2026-09-23T10:37:04.400100,40.92337097903453,45.77918124278913,38.28779743151808,37.709327476886244,40.614656381622815,42.54690834538349,25.711660513083594,25.408187248307364,0.4344441932133002,0.28120637134544013,30.71096420457004,NORMAL
2026-09-23T10:37:04.410100,43.66755723275953,39.350221146784016,36.43153908454901,38.994223870466044,49.174628789446196,39.83469790173303,24.786097482631856,25.680892375175294,0.3776924600286125,0.381787426206953,30.097776347288676,NORMAL
2026-09-23T10:37:04.420100,38.27613187009291,41.65983629045004,34.97595600756591,41.212995775895365,44.00954246827397,49.85029440054325,25.140420256765516,25.682844745216375,0.3348368014141318,0.39389303282390675,30.323145654014102,NORMAL
2026-09-23T10:37:04.430100,47.23716275511315,35.95725218593711,40.476549199522054,40.47838503453979,48.60063858721439,45.137156554236164,25.026035592551974,24.73917517479092,0.337591014107864,0.40977113824514855,29.80830323100469,NORMAL
2026-09-23T10:37:04.440100,48.060802014238924,39.16692551604546,38.800979613012785,35.07749645081068,42.81361226502146,43.7834436402733,25.411980006259753,25.72405084341405,0.39779259118353655,0.34413775604695573,30.45785039949154,NORMAL
2026-09-23T10:37:04.450100,43.55096129524138,42.47497502851481,36.249280752063164,41.83346099396722,44.26368773271354,45.09947386514796,25.637036620047223,25.304636160282925,0.41432580139908853,0.5076397617550262,30.24370304097215,NORMAL
2026-09-23T10:37:04.460100,41.11210730168376,41.33590111274909,41.706921671092836,39.296781217217,45.558132965417634,46.58719432099649,24.743570694886586,24.13671511537318,0.4149711576108221,0.4114867397261985,29.391989821439186,NORMAL
2026-09-23T10:37:04.470100,44.61325914312725,42.82270213095371,35.51251894600146,40.29554611005301,43.41168512329227,38.55092418937816,25.226475116532985,24.977392686660306,0.36273585504050665,0.4261472793448374,30.48809327219238,NORMAL
2026-09-23T10:37:04.480100,40.267388448167104,42.201056571604035,40.53766234048111,37.218333410785746,45.14267008220478,43.00826725144392,26.133005155325442,24.068848514610906,0.43476419657032317,0.3846877490109392,29.899802451170167,NORMAL
2026-09-23T10:37:04.490100,47.70476692914981,40.97428054621762,43.60235925943892,37.89463008646614,45.051536124044326,41.52745749497532,24.65465599369106,25.031241563225766,0.3858714237325449,0.4101245791993214,27.894972132275836,NORMAL
2026-09-23T10:37:04.500100,48.0074030658288,40.49900927365616,42.35726376558498,36.482219684733806,44.877607114172804,52.49482630443066,24.565135408446857,24.252350113445868,0.37267452323316796,0.4236244213661303,30.693340040061297,NORMAL
2026-09-23T10:37:04.510100,45.87110006406428,40.22896280482006,33.994373101249245,37.91242548881229,47.720668084405276,44.39698795951387,24.0215306073125,24.98247424415592,0.4699084045661065,0.5063274068475218,30.561686638784778,NORMAL
2026-09-23T10:37:04.520100,42.92790693839851,37.27938299604281,35.891892815081235,39.11728964376542,45.509593222440586,44.740552573359295,24.76089572243293,24.424028885788243,0.36111090794500433,0.34215128028701197,30.643409182763993,NORMAL
2026-09-23T10:37:04.530100,35.06315668186302,40.00016592317152,39.124695830253025,42.80503181166235,44.21389902515291,46.00385181854233,24.800497964109454,24.627798006733954,0.3662803480781267,0.47636678909509167,30.994221143897747,NORMAL
2026-09-23T10:37:04.540100,43.462193779387846,50.99080659068532,37.919146568684624,40.550874127572,44.92277465767553,42.33434292962752,26.158085673885758,25.753302401518557,0.33002601826897227,0.38000768388573924,30.42833653836829,NORMAL
2026-09-23T10:37:04.550100,44.349549645126146,36.95465879055986,32.361096032445495,34.234082578095546,43.786665609976346,42.69039046288097,25.172609688057257,24.61516261106047,0.3387881162046969,0.29884774712103257,30.329187358747436,NORMAL
2026-09-23T10:37:04.560100,43.11016187546333,43.978981011067134,39.97698921994808,38.52321104765765,48.04778288826046,42.590899265420354,24.669581806840963,24.739710778348215,0.37075941776473037,0.29171316402498293,30.156326052985765,NORMAL
2026-09-23T10:37:04.570100,42.749656775286496,39.91320256735371,36.21539632478396,39.92950956088819,49.150611762643074,43.11476545751494,24.746183196395148,24.704276398788533,0.3965121780927419,0.33676172144792793,29.87473931180192,NORMAL
2026-09-23T10:37:04.580100,42.18354679301034,46.53403606329857,40.35868441028344,41.5850730891247,41.86115437670228,45.00976462970873,24.43030876272504,25.155980348345434,0.42093686302094296,0.36167952919688817,31.99937980516149,NORMAL
2026-09-23T10:37:04.590100,43.70212098825199,35.29181509131647,39.38214971648952,37.98147045277498,44.00412864744891,44.39729437274255,25.19526633365577,23.98042432848269,0.34208401281932077,0.4386312079287296,31.30120424922929,NORMAL
2026-09-23T10:37:04.600100,47.709458659987504,46.409504715959315,32.861158488423804,40.923705302341126,38.25112939665469,47.84080218562599,25.126674701411023,24.42941560601148,0.5004950473545571,0.4321985435145436,28.108851111048526,NORMAL
2026-09-23T10:37:04.610100,42.88040435238186,38.80658027700386,38.2782386999256,37.83701346361159,48.120481658805964,38.730140835449276,25.158702584130708,25.907094170299988,0.35865198505148643,0.41053243380291093,30.202001640950076,NORMAL
2026-09-23T10:37:04.620100,39.93089343336423,42.94368086829576,38.24262570452474,36.64058123804219,49.28604831469655,45.37484498976941,24.916446527488734,24.681662616278267,0.3607818688894737,0.46154704862802765,29.85352176545945,NORMAL
2026-09-23T10:37:04.630100,43.37831461159427,40.446629897321195,39.541023674543396,38.710052174685295,46.291561617431206,42.450367270535416,25.41479364855926,25.336192054674818,0.394169509966941,0.3570111379786707,29.059880009456194,NORMAL
2026-09-23T10:37:04.640100,39.77778953957769,38.04653707014557,40.16449105313513,38.883494218723996,48.71030293271759,49.83798948311542,25.012111235536118,24.225991398828313,0.38092732342298596,0.39623257915417787,28.5115576548472,NORMAL
2026-09-23T10:37:04.650100,41.24852016809084,41.860838927425654,36.85143038450656,37.07893519271786,41.72372972131157,48.360051191078234,24.920176959851155,24.58503494265822,0.38135508046524375,0.4477171854022685,29.31531195595744,NORMAL
2026-09-23T10:37:04.660100,43.445541927995485,43.1836548466991,39.872794580502436,42.499236677991625,42.34855406109077,46.398198586545995,24.603573200094317,24.801730061500386,0.4598043586530183,0.44111877015555884,30.002097550598407,NORMAL
2026-09-23T10:37:04.670100,38.42575852191037,42.684979481279974,36.42406825129192,36.69028792947522,42.055597236714206,43.73948211970133,23.939483947284245,25.180381576605996,0.4086954809854972,0.37077367987814974,31.036927293450354,NORMAL
2026-09-23T10:37:04.680100,43.834321271078274,39.18114756360455,36.32495844557269,40.737878688654824,39.45177932175178,42.00213271073767,24.684476736262663,25.034938742326982,0.4105563261195383,0.40183939574821403,31.134848076219413,NORMAL
2026-09-23T10:37:04.690100,42.684189103896024,40.05502324634835,34.97286273110605,40.80462449214433,45.584439637555064,47.352428634690256,24.626272583274098,25.013209020042844,0.3970653651203031,0.3956194570375217,30.010390211327113,NORMAL
2026-09-23T10:37:04.700100,36.85638152915561,43.47495660207696,39.63301467832992,41.82618350214704,50.74872309948305,42.04309841909269,24.981928411784345,25.00489178256167,0.49710927253542286,0.3134390138632534,30.485767970207398,NORMAL
2026-09-23T10:37:04.710100,37.58750589765469,33.25528765363044,32.94791802128016,35.545578610729066,47.207076318262104,40.394918761102694,24.88627117035929,24.418243619910054,0.4305475239112373,0.3449019237749593,31.317652176005165,NORMAL
2026-09-23T10:37:04.720100,39.02068375719816,38.70551768606413,38.30685261350608,39.061778052069656,48.274070266258654,43.361221864279514,24.396082855819564,24.71983236295184,0.3713608028316083,0.4362521110565621,30.38379300881221,NORMAL
2026-09-23T10:37:04.730100,41.64182693096359,43.60882166001016,36.67875895705433,38.65941562921975,44.54228121299986,47.58454384829434,24.950733409838204,24.82460054559263,0.34770814811438544,0.43430260916582303,29.41235462575296,NORMAL
2026-09-23T10:37:04.740100,43.0310550536037,35.295170328830864,40.60796739703753,35.67015558002849,41.66797290927375,46.17574340455792,24.332764632012807,24.960272482313382,0.40371280405402454,0.35007215933335784,31.342933001549973,NORMAL
2026-09-23T10:37:04.750100,46.49633490697325,35.085147489215146,34.37752425650374,41.02058050623252,40.09092759389806,41.83408793929893,25.064776044166916,25.34592504115668,0.3888373702794345,0.40476104599010193,29.22326708264952,NORMAL
2026-09-23T10:37:04.760100,45.87708479530168,39.51405842929465,38.849332218940006,37.72090478354191,44.318970472203304,42.4955106868001,24.918767914217447,24.493109570894752,0.4398206397119019,0.4707021208369131,30.243148097779432,NORMAL
2026-09-23T10:37:04.770100,44.197005821243145,43.514203642155735,40.3199644524767,39.758391878397795,44.6367718399472,45.59202181606237,25.034416162801392,24.513040803117523,0.4011924177227966,0.3055792304230279,29.994099761244904,NORMAL
2026-09-23T10:37:04.780100,43.2401170088925,44.707942328941854,38.37819319349273,41.32034955295387,43.99838745742578,39.92957096185957,24.294310141140354,24.51513281093136,0.3316926140676598,0.43168539052596294,29.7923853143017,NORMAL
2026-09-23T10:37:04.790100,43.71094467004595,41.220294289494454,40.610123861805334,41.65048197722209,42.06398597666855,42.1770521171647,24.73358570661269,24.18934396212953,0.4337608572700436,0.45943973940968036,29.9935716087258,NORMAL
2026-09-23T10:37:04.800100,40.520423344653,44.27271508666867,32.137594277461275,39.44368798983844,44.42985192230088,41.28742883642358,25.69578726537969,25.485367709527246,0.3869421376151022,0.3956652004974083,29.611976036451292,NORMAL
2026-09-23T10:37:04.810100,40.4636402740371,37.07540021940841,41.449871134240965,41.57000037572676,46.39449899341836,39.71699224067177,26.040422582316666,25.990082632778634,0.4094028584500643,0.3547889673930012,29.133569916455833,NORMAL
2026-09-23T10:37:04.820100,43.255645893265466,38.26095757916728,37.91447278935819,41.72161177446691,39.4795287689506,49.01718608678717,25.783354204498124,24.38145707518127,0.32931793528764797,0.38582890732202674,28.968856799699633,NORMAL
2026-09-23T10:37:04.830100,41.208837519268435,33.25644210377474,37.428244861995054,43.507141178947045,40.65021589778711,42.180793489511835,24.255195399529562,25.319118762620985,0.38873404053764227,0.4970366529829617,30.2068394434394,NORMAL
2026-09-23T10:37:04.840100,40.88346009528399,42.650817487267354,36.73443010202976,35.65172955545187,44.90584330936582,42.475393605374485,25.08315752516943,25.187728666280034,0.3744840164202773,0.4210788186246227,31.73769657314321,NORMAL
2026-09-23T10:37:04.850100,38.6766014108245,46.21227652170234,37.39299187252596,37.08343338537662,51.28166171345538,43.46506489937574,25.68520150229559,25.40879712045893,0.31597025874801377,0.40604097993262595,29.474680240329338,NORMAL
2026-09-23T10:37:04.860100,37.97462221501229,35.68486590104068,38.255725609309714,40.47563252699768,45.17200455570859,42.08251433451654,24.600741510195917,24.506569409191464,0.3722419702770275,0.3483472398439634,29.796725348700132,NORMAL
2026-09-23T10:37:04.870100,41.931338748093786,38.31203550516812,37.419874663924965,37.099199903778995,43.98658278424385,44.52126312386419,25.08906261697438,25.236075437245514,0.3173992711196064,0.3810651750710748,30.27673937673079,NORMAL
2026-09-23T10:37:04.880100,43.923487378774,36.205989911779675,38.39794563454502,42.016051621329076,43.464167912563454,42.71572566556979,25.225228441013005,25.123559091978727,0.43373186751292736,0.40362069320424543,30.15249607035272,NORMAL
2026-09-23T10:37:04.890100,39.6526666885769,40.4886864159137,41.132805093171626,38.48957561085174,43.49430716155611,41.525489884241466,25.39359294122036,24.57266046116861,0.4455251097526025,0.35315133028697676,28.94221887485671,NORMAL
2026-09-23T10:37:04.900100,42.61781838628233,41.390538408805426,38.743893257534765,41.6563428022235,42.76251210439906,44.328980778681846,24.545091367325405,25.62958451484944,0.43162293332100077,0.4268259382676619,30.187878491309785,NORMAL
2026-09-23T10:37:04.910100,39.64320166758281,40.017885314997834,39.25444865456254,38.95203970115964,44.371233987414776,38.920541479594874,25.090546989938122,24.654036304929548,0.3458331723123863,0.39226573052402264,28.14349574738738,NORMAL
2026-09-23T10:37:04.920100,44.095709971218284,43.55603869307374,37.86640975188322,36.51554456362024,41.163893538758295,42.54663083959529,23.788133134415222,25.090238391537177,0.4332216011990038,0.38440525757420685,29.5055976305904,NORMAL
2026-09-23T10:37:04.930100,42.545901775705985,42.05193220111968,40.73537937966475,39.04599169803287,41.93072704539846,41.61620486208295,25.09097287093004,25.778100187498467,0.3839863347606152,0.3473736670299335,29.1298933798673,NORMAL
2026-09-23T10:37:04.940100,35.710996181330536,41.989381993043125,34.59668927679451,35.91622618096855,38.07195615753589,39.646034861250925,25.28420723846891,24.344322941687377,0.3125178831631985,0.40891315669849343,29.658828711063986,NORMAL
2026-09-23T10:37:04.950100,43.29657004056084,43.22167941472351,37.978752673667216,35.75559793404543,43.62860011631881,44.500778440449935,24.7085055214694,24.281269376143552,0.4551306030437743,0.37923761784077503,29.590769987585222,NORMAL
2026-09-23T10:37:04.960100,42.0478867251936,44.091417072527754,38.659049379891556,38.16693503410737,46.046400035797234,49.44107347842268,25.693893129052757,25.336435710338993,0.3438859760071468,0.5876029371532665,28.80134288132808,NORMAL
2026-09-23T10:37:04.970100,40.88459128944264,38.90033241731429,42.06722965380765,40.05060018868951,39.718625111439245,43.80276153178367,25.27345283392447,24.840758488220644,0.3389905105342733,0.3637483291019243,29.563150980875598,NORMAL
2026-09-23T10:37:04.980100,42.06819458682012,39.440270150909775,39.838051010611125,36.62513125486789,38.80583939447258,40.78181966839228,25.674445323190724,24.713421846424655,0.5170404443895612,0.42457421171924303,28.835573935755676,NORMAL
2026-09-23T10:37:04.990100,39.497141409650524,41.73011741418144,35.05589019428805,44.936446632579,41.02732765732034,45.04283036785205,25.73006494513007,24.945399796497664,0.3502069437309246,0.38634668288626917,30.362216397467407,NORMAL
2026-09-23T10:37:05.000100,44.62725627858457,41.17015080798875,34.499443935047864,39.10580976652427,41.97992548534251,36.45029248772377,24.651219905918108,24.28377466260604,0.42934272036342563,0.49720823770205397,31.858753656760396,NORMAL
2026-09-23T10:37:05.010100,40.280373766653625,39.59781688933019,39.72195499830959,41.653214030182156,42.74378424032094,42.57209218518527,26.103464674576447,24.94627424055639,0.37573392788544274,0.40599569919374784,30.579702362129858,NORMAL
2026-09-23T10:37:05.020100,38.93507442834426,40.254791582989334,35.08409845320378,38.304341116248565,49.63077358634031,45.22516653600367,24.953728374640672,24.533443987206816,0.3844296020260419,0.45253666638726037,29.438313189699333,NORMAL
2026-09-23T10:37:05.030100,46.35126197256039,36.8790909342145,37.274884266786984,43.356910833210556,37.97648369283896,46.56523947204946,24.074311462679784,24.954960076467007,0.391373263079446,0.4412146745355877,26.845456853875618,NORMAL
2026-09-23T10:37:05.040100,36.246570561446106,39.30195111909865,38.09223760068997,36.76695786385221,43.337399070340474,39.44148049956838,24.799363516364107,24.57661692565491,0.4122010650506869,0.4290709925121343,31.432930062807053,NORMAL
2026-09-23T10:37:05.050100,40.03074436435121,40.046024530243024,38.119363568605934,38.26270183227303,43.84402835869449,38.313463812915344,25.18587741178509,24.54240421984938,0.35215192160016995,0.3205936898048925,31.161001630661403,NORMAL
2026-09-23T10:37:05.060100,41.57817269610838,44.44847594714,38.68075420462037,34.74159768426021,40.7489107073154,45.27379592182183,24.617158642904478,24.45482797556251,0.3910310435863855,0.3911516418621871,28.988132600906702,NORMAL
2026-09-23T10:37:05.070100,41.021564233159616,39.564521979991085,31.525025906352663,40.256658817382664,41.56587510093973,46.91331827427573,24.424937882370273,24.21020081013932,0.459381197199334,0.32074724421018314,29.363825730620835,NORMAL
2026-09-23T10:37:05.080100,43.79201015545764,40.01106169983555,33.861320077726916,39.47008808652909,43.41703126648627,46.85156519220314,25.294323952005165,26.51785714905578,0.3177052982010262,0.39891626233526045,28.933345508966216,NORMAL
2026-09-23T10:37:05.090100,45.46425150249603,43.46551393326045,39.88509456637766,37.05667010853654,41.764545273849315,36.9109603370095,25.85475007095443,25.254109647148162,0.3869570024740206,0.44667576717695,30.75091553663436,NORMAL
2026-09-23T10:37:05.100100,44.92579258421242,36.12938766624048,36.21541014250815,39.488604952668865,45.06626343563021,45.87170459034805,24.495682224872734,25.063604567888888,0.5102676895988272,0.43459609888053946,30.870562884107464,NORMAL
2026-09-23T10:37:05.110100,41.9424381891991,43.302881039058406,42.509974466744346,39.266604968160834,47.671935214482026,40.374581865005695,25.295049383315416,25.45210833759848,0.3623998310370902,0.4549062099274448,29.324753403966916,NORMAL
2026-09-23T10:37:05.120100,39.584282227380534,40.99642294668461,42.82997435744143,39.772882382682006,46.80735434616339,40.804606836069695,25.0387487278714,24.411721815006455,0.3714446813330441,0.4417820334396102,29.96160269408891,NORMAL
2026-09-23T10:37:05.130100,46.35388902643209,40.39275067636796,37.50516018131889,42.19170386933385,42.05415048316046,38.44070618247946,25.650638460394273,25.207093937971443,0.2917402526210891,0.40222646606845935,29.596213000816682,NORMAL
2026-09-23T10:37:05.140100,47.234518980357834,38.81302576034487,36.54807986069113,36.72399794131617,40.837831740020185,40.898512237936075,24.282037762756936,24.484401309363946,0.31967073816761216,0.3251360640441624,28.44032496873256,NORMAL
2026-09-23T10:37:05.150100,40.43652319721809,38.94893436323677,34.93382400589564,40.195677187548846,43.8557723552912,41.704072142473635,24.768013360469947,25.79643978079792,0.4119907053938751,0.4237689163497334,27.413960056123614,NORMAL
2026-09-23T10:37:05.160100,40.03879653178642,34.48697964798237,36.93448918204372,39.933275365857305,41.9771066987077,44.555826490727085,24.488625012472315,25.287901573773777,0.32231953346831077,0.3869155874345854,30.419807198023843,NORMAL
2026-09-23T10:37:05.170100,43.607762364652295,40.61820991132695,42.84928567407638,37.96395040754448,42.64701277259203,34.72147760301609,25.88446691222502,24.815500854412313,0.3411992252141532,0.46604522235277446,31.235506123475666,NORMAL
2026-09-23T10:37:05.180100,42.32497687369818,36.695235294113814,39.04744012732116,37.446520028892536,40.48768461390723,46.13011710143056,23.933703956806895,25.283581628683528,0.4229677548285081,0.5025505401561339,30.32517383182993,NORMAL
2026-09-23T10:37:05.190100,35.824705526508794,38.491637037287816,38.16166730326399,39.88890910902446,46.94244822903115,37.120972713762825,24.83502515639997,25.484930473051264,0.4771984897771231,0.49305119116563145,29.609780822635518,NORMAL
2026-09-23T10:37:05.200100,45.292815769819256,46.13513702722638,40.99517380848203,40.80921315508006,46.48339078342706,40.630347065195146,24.276375114492776,25.49142396432001,0.38264665958086014,0.3985933209640799,29.421279948085626,NORMAL
2026-09-23T10:37:05.210100,40.82127947445096,41.69824818405766,35.445351564520905,39.171250029791935,44.73816462568723,42.7679337376338,24.628185096172796,25.393309926759176,0.493631848199665,0.3699378520096788,31.234462850627974,NORMAL
2026-09-23T10:37:05.220100,44.66779217783827,33.04024484584798,36.09701475013395,37.4103992385368,46.34531465234346,43.565463643112466,25.237199044734755,25.31813943393563,0.3550541642578834,0.36267250242494886,28.77711103728669,NORMAL
2026-09-23T10:37:05.230100,41.4891882017791,40.642690380014336,38.428013317499115,37.1817309347705,46.71957379442918,45.75133244782561,25.773259404334052,25.35565394769851,0.4092755619234658,0.4336211986426326,30.609751789253195,NORMAL
2026-09-23T10:37:05.240100,40.04455530028338,44.86815602513506,42.29629538041215,43.94238295102462,44.10567712713923,43.97281132989431,25.208179445260747,24.998727218399704,0.4309644383106895,0.39394100745963784,29.806216596251858,NORMAL
2026-09-23T10:37:05.250100,47.27694650695989,41.494146319705656,38.16752550269339,41.20504819258114,44.45099888734794,43.874866771627794,24.968217911760497,24.389791753922353,0.3984514142111356,0.3431557619042528,30.210151225690847,NORMAL
2026-09-23T10:37:05.260100,38.45568536040177,43.75012739464978,39.87308691399709,39.70107063063404,43.699598366931774,44.248903838604974,24.017500831370924,24.451590051650832,0.3925633368443025,0.4172629716771282,29.920604227797153,NORMAL
2026-09-23T10:37:05.270100,38.986169584847154,41.40033810386328,36.86574894382781,36.32850739150719,44.98850604525167,42.370065380886935,25.598241587848225,25.332766033477167,0.43673356669232344,0.41608333117530305,29.154822022772343,NORMAL
2026-09-23T10:37:05.280100,39.19311857361495,36.58652570692671,45.197531243909005,36.30138802711825,43.37050449663358,41.918832503689835,24.859451189285963,24.707974746826785,0.3065827575364669,0.3500903131253404,28.609330469772743,NORMAL
2026-09-23T10:37:05.290100,41.61966122701927,38.947401783944606,36.28204935276601,39.53969811412099,42.25164476342523,45.79628241001544,24.806910106845528,25.112578364112004,0.333735164095366,0.432843651045097,29.594816607280727,NORMAL
2026-09-23T10:37:05.300100,43.22627424987084,41.99001550334339,37.566392110635164,39.543597790737316,42.84411069214164,47.03832925102376,25.467144427342177,25.241247130399373,0.3409929792473328,0.34503471722096035,29.336138430618302,NORMAL
2026-09-23T10:37:05.310100,41.26499236933711,42.34404700696802,35.758655378386734,41.94268517835893,44.01078447812258,36.96165467589579,24.762341443470373,23.707407357759113,0.3624135646553372,0.37254360752734983,29.389589865430114,NORMAL
2026-09-23T10:37:05.320100,41.02423937322798,39.817694555353434,36.51566411599672,42.756242280117085,47.64470674289732,39.574478029630484,25.626949949256705,24.18931625905972,0.35926939151414616,0.476259637295099,27.76044666191604,NORMAL
2026-09-23T10:37:05.330100,43.72435698879886,37.2395176503208,37.63999968799273,38.54949197324277,49.09161263511437,40.56818967554926,24.965492408376647,25.313509907792604,0.38741112542683814,0.35889663366172797,29.94080022014798,NORMAL
2026-09-23T10:37:05.340100,42.280534457572706,43.652166301727135,35.6423691359913,37.87717371627987,44.96882806857276,42.49849768798788,24.90735988450928,24.99149844833793,0.36520802558815535,0.36001547991836513,30.440730178609464,NORMAL
2026-09-23T10:37:05.350100,38.71469972162507,44.496151553622724,38.54326228299148,35.80864727107844,44.84908098714578,43.50183579725692,25.38108069189198,25.5794247859225,0.38167904421676757,0.36461186461467543,29.394018456112406,NORMAL
2026-09-23T10:37:05.360100,39.05673471359725,38.7606752995066,38.71125609402836,39.03816453204708,42.52592897830124,40.78523256765276,25.173943134755742,24.749200493639073,0.347992162861346,0.3924162571196928,29.73550640190504,NORMAL
2026-09-23T10:37:05.370100,38.78987612070995,43.481529068784226,40.11503107463672,39.102234211276304,44.39312110672714,44.58192429923974,24.984538763868205,25.44564612232133,0.48280042423497427,0.4040246521263067,30.440253423976962,NORMAL
2026-09-23T10:37:05.385065,44.620355003884086,39.985871579603945,35.17923870702029,41.26500203836547,39.293706929761214,48.36651007006621,25.435216714191057,25.09384558475516,0.4025547966954247,0.487567897405647,29.053774043226294,NORMAL
2026-09-23T10:37:05.395065,38.51941961902912,39.20559222586357,37.34550628982445,36.48382689901118,44.46158322071287,43.40783484202825,24.59307142600609,25.801526326221783,0.33039630300609985,0.33616385706723445,30.37612003170845,NORMAL
2026-09-23T10:37:05.405065,41.37755134726607,42.25318056476232,36.4525734476556,36.41665055495623,42.06336957872995,40.94921407889199,25.262498004167284,24.76002082301309,0.43807151887455903,0.429403767290247,31.040596332300467,NORMAL
2026-09-23T10:37:05.415065,44.70215708647563,43.353058471871734,39.92463242252467,37.70826932618944,43.21434757477914,37.50961859242169,25.1458752809463,24.66311704325498,0.4200772732175271,0.42637420392903047,28.64790629540467,NORMAL
2026-09-23T10:37:05.425065,38.958481902019344,39.951960992747594,36.70599836092014,39.41755046033877,40.533728700162804,43.14153499646582,24.155757229093005,23.922444820252423,0.4358331819797788,0.33473432554419674,29.440082292399676,NORMAL
2026-09-23T10:37:05.435065,37.74791118944836,36.77338762979352,37.0028586007601,37.974679066793804,46.94776139731396,44.34853603274178,24.869440731334517,25.37884176533031,0.45582771090035323,0.42056489909383155,29.593683862174434,NORMAL
2026-09-23T10:37:05.445065,45.055810129855736,46.305564878318286,39.651335796779314,43.42669147600186,46.779796749991206,45.54657574938565,24.45490675754115,24.443225327014122,0.39752582576674966,0.31652711530481925,29.407046187009524,NORMAL
2026-09-23T10:37:05.455065,44.602012182603715,39.00453374594066,39.33297754663944,35.62187275860032,42.519076948441665,46.07032128825197,25.10425621844265,25.145141263588922,0.48523619157973147,0.46484017512439735,29.123143096802274,NORMAL
2026-09-23T10:37:05.465065,45.95369584951091,39.154267632059415,37.95602541820034,39.03803271117204,47.21912074062054,39.612200084701776,25.225930442021042,25.262007439789837,0.4405756636418948,0.38948071013365865,31.00341223337108,NORMAL
2026-09-23T10:37:05.475065,39.86536804214175,44.44117624030492,38.88060042002558,35.499792751968066,45.22376101502453,43.537913781334076,24.82217182777369,24.631873196984237,0.3879903521588481,0.3278921493402851,31.690719464084125,NORMAL
2026-09-23T10:37:05.485065,38.61516358479589,39.01615068797989,40.862247620146434,40.46257711401397,46.160736113966784,47.55012535360019,24.843928632163166,24.476752537980595,0.44221339846203955,0.4398139145117857,29.673110578655283,NORMAL
2026-09-23T10:37:05.495065,38.203260229993106,44.717451654736756,39.43961847041377,35.56631519579054,46.33986144957865,38.677067784752865,24.7586847793398,24.438345274654715,0.368108471385552,0.35833444975120876,29.386689187160123,NORMAL
2026-09-23T10:37:05.505065,44.17279188614105,41.88377290117122,39.57182900511166,41.73085530885735,42.88189248625208,43.239684049762566,25.26907649891882,25.853369286299422,0.4449539126691019,0.4690775577710209,31.018964724458726,NORMAL
2026-09-23T10:37:05.515065,45.17179625242018,35.645989502243154,40.202147985558646,39.532312116796994,44.16264312318607,41.418234585054186,24.787362960859678,25.208090369413515,0.44199878817892524,0.32511071975334177,30.218103820659394,NORMAL
2026-09-23T10:37:05.525065,40.317939664058116,38.14759170103568,38.98155568819555,38.17820542026207,42.02288995797729,40.69250489075454,25.14064942432876,24.994980862874268,0.34541798115206274,0.3579501185122018,29.81749352035618,NORMAL
2026-09-23T10:37:05.535065,43.21544343039063,37.85085648171427,39.22026648232359,36.93999318846782,52.18323379609771,40.17699141359012,24.604937229856187,25.097001687426825,0.3548809516418778,0.4413815615302108,31.80141634675678,NORMAL
2026-09-23T10:37:05.545065,40.83714058767123,41.518313123643324,36.70560083429127,38.999927772546194,48.29520325550916,45.68273859312009,24.54788753324806,25.772952182607852,0.45810306644999077,0.42431841593670466,29.340782583680713,NORMAL
2026-09-23T10:37:05.555065,42.197122619206695,38.6136021773863,39.16901442417987,38.20882225419062,37.29511391365859,45.778609168832105,25.09572651884149,25.539241534567047,0.3931910133426876,0.4094233309457253,31.1153261444867,NORMAL
2026-09-23T10:37:05.565065,43.163391214286214,41.864005190653465,46.035977429773084,38.577499522947626,44.50755724933524,48.2020861035212,24.597496149235752,24.479501349257387,0.3283967099708748,0.42668312296726696,30.62563074474693,NORMAL
2026-09-23T10:37:05.575065,44.22446293966476,36.93931975985989,40.514647898704716,41.99316470348354,43.70806602602695,43.09769939786812,25.337797889131103,25.1835717500715,0.4320984832521656,0.34569569710174886,29.82537761427359,NORMAL
2026-09-23T10:37:05.585065,38.362579920783816,42.89383085616874,39.32554115569178,38.75296252297989,44.890397688231005,38.330450925607096,25.42896263219357,24.766364465039064,0.40645255067078634,0.45576848594892916,29.243499391725145,NORMAL
2026-09-23T10:37:05.595065,45.59170055454381,41.372225928535904,38.0704753887947,40.390113920907716,40.25892325259965,44.78231853268326,25.030754729352626,25.51813848130247,0.3891596484352345,0.3818341276608999,30.36963815265673,NORMAL
2026-09-23T10:37:05.605065,41.821896622427495,37.478093976316245,37.51510567557221,42.169075049635474,43.72068882239992,40.38862011769681,25.35796850260849,24.07327816486276,0.29398663746872666,0.39979248519134114,30.180925230864315,NORMAL
2026-09-23T10:37:05.615065,42.66119763487903,38.32165132642528,37.62375094966203,35.503166870392064,44.65868693204284,38.15404343626066,24.9253786291604,25.130789655566485,0.31216871502880683,0.3738748537244532,30.788146246415074,NORMAL
2026-09-23T10:37:05.625065,46.64690365077191,36.488119135245135,38.84979614607888,35.91012656321138,39.964225994274884,47.78822149319306,25.334091117924867,24.597902851335576,0.41095138344149523,0.43209731681319125,30.18129265639184,NORMAL
2026-09-23T10:37:05.635065,48.74183623109832,42.817337423415154,30.51754594892789,38.27450059358226,41.790271346323046,42.38755966658079,25.006732948149562,24.67442853701582,0.34575411970019976,0.46817027454713545,30.597341993948568,NORMAL
2026-09-23T10:37:05.645065,39.987781949212,43.038948960302115,39.68795141626807,42.16826865286588,40.83406002027442,45.33964488806418,24.696105827746475,25.577522285679578,0.39037754226519783,0.28641103836799486,30.035353973686536,NORMAL
2026-09-23T10:37:05.655065,36.64751243395,40.348551722167755,37.85452092448713,37.996737460474755,39.539240344104336,39.65281327834396,24.577704700333758,24.875945694488774,0.4644249889956616,0.43545427151871247,29.527804766510403,NORMAL
2026-09-23T10:37:05.665065,45.82163311619806,36.89581253869582,39.71255329265997,38.56191324949564,44.708974371933856,44.91538658363715,24.660212491692356,25.40057906694345,0.3995345006883692,0.5205899451043416,29.695738914789732,NORMAL
2026-09-23T10:37:05.675065,45.80752450959405,42.94127127798708,35.0646839588732,42.40155559808661,40.818767589118984,36.304014488853966,25.426657843005977,25.53447669264407,0.4026012815531307,0.3869490344037658,31.583681799491032,NORMAL
2026-09-23T10:37:05.685065,44.13560422135692,39.032402228816785,39.82883244908992,35.8917709256995,42.32309618690645,39.84660990339724,23.89999130998082,24.411353726272264,0.4611163951540032,0.3451089060569028,29.4499679699968,NORMAL
2026-09-23T10:37:05.695065,38.51707895003713,43.59682164987223,38.00299362041815,40.22686323392041,43.68293965840554,39.48691909833439,24.51302860220314,25.418632970150625,0.3971296652241447,0.438720084436169,26.837404129492306,NORMAL
2026-09-23T10:37:05.705065,45.3303262070656,39.51809843196559,43.4321431159891,37.723112291979554,44.08480661503848,44.98113288699249,24.56210241984494,25.436368965481968,0.3677392045572343,0.4644551544113056,30.793206256734877,NORMAL
2026-09-23T10:37:05.715065,43.48690993987812,38.8274174638308,37.473572078528164,39.74977902089922,37.89997177836856,41.34475211060143,25.46903675194572,24.36590961379181,0.4639489153779102,0.3685842405981642,30.323257343040492,NORMAL
2026-09-23T10:37:05.725065,38.55700845087532,42.45313479328532,39.15682007706445,41.84093489403895,48.0622103099324,46.76057107510896,25.10445949188894,24.386917940818552,0.46618825418905124,0.3347932632097025,29.561290169664254,NORMAL
2026-09-23T10:37:05.735065,44.211325827123055,42.33067307550513,41.98266345906189,38.98986643346306,38.92979308070271,42.17422478607636,25.087030244706515,24.824695486282387,0.4706226775845023,0.3876193694260143,28.564152700056113,NORMAL
2026-09-23T10:37:05.745065,43.40036839685513,37.556944349303144,42.24973084915237,39.67523551191751,39.790146801049815,46.23817548048706,26.18462327407913,23.997971973481224,0.4451536754485477,0.4242013790169759,30.17568029694849,NORMAL
2026-09-23T10:37:05.755065,43.02998526038106,42.47565699452638,36.26748791163214,42.52747459529444,39.95142751694586,48.875690110839436,25.763843608107326,24.406932476695097,0.3997299934499762,0.47099294935721603,29.50900556649516,NORMAL
2026-09-23T10:37:05.765065,41.51277436578815,39.792867806081546,40.91868202001415,37.48079311718938,43.97052321645512,44.62064620560467,24.896199143986312,24.566784237160384,0.3329225698859007,0.3240871780697138,28.820195749721435,NORMAL
2026-09-23T10:37:05.775065,36.838351338038656,38.819369636233084,38.750537013146406,39.135238422039244,41.52010075650415,39.94594313385125,24.503305718540812,24.306050988654498,0.3382061211125128,0.4357180786886154,28.595388493124823,NORMAL
2026-09-23T10:37:05.785065,42.05194754594628,39.14583844954951,44.06986121694453,34.50767991681349,44.57990256477716,41.99874821800677,24.61443481776004,25.15760647714607,0.40777923086372597,0.3465547417961881,30.42627735884261,NORMAL
2026-09-23T10:37:05.795065,43.167505736007044,44.92840916973337,36.47507196678144,42.67611109536387,43.40954792510794,37.07196294693217,25.261547900362263,24.959204896618324,0.35588245220318193,0.4466620171925439,29.52837171573675,NORMAL
2026-09-23T10:37:05.805065,45.050656823100745,40.751896617159495,39.87580433952171,40.69869440287671,45.41950374654358,39.903869712482646,25.459856488580165,25.010880862513854,0.5001130386822901,0.42393349416475323,30.751126234024518,NORMAL
2026-09-23T10:37:05.815065,39.705321133439355,39.78157524320724,38.241794985823326,36.07380989536575,40.489167890257264,42.67425172629962,24.961064400535296,25.10103744341431,0.45585520670020496,0.3799831318926131,30.680875709056266,NORMAL
2026-09-23T10:37:05.825065,41.566093990656135,40.417964256387314,38.64267013046973,33.83067932117604,44.19907059352202,41.08522757637714,24.535080730386884,24.0565042913139,0.37785544545164695,0.3061281964063464,30.870123159361615,NORMAL
2026-09-23T10:37:05.835065,41.282078042150864,35.953784671627496,36.31618781317331,40.8873843799846,42.21534959955431,42.15634658146721,24.81540839291468,24.935861947694715,0.315011647827499,0.3977270161028595,29.441907303788277,NORMAL
2026-09-23T10:37:05.845065,50.861337792419796,40.3609748601375,36.860938519398545,41.47119251750914,43.5319034914845,43.76002657224326,24.562942016731103,25.777614035223152,0.3686162662290405,0.4187675141309685,31.132357530882246,NORMAL
2026-09-23T10:37:05.855065,41.08648522754592,40.99955285040533,39.46628341803272,40.70670478365601,40.729706045033986,43.544449689764036,24.527315482208632,24.627314896957717,0.3675804411707971,0.4607988925036142,31.596577334121005,NORMAL
2026-09-23T10:37:05.865065,49.816357781638985,40.83034874485953,35.89648279540981,36.57629557252458,48.82244236695341,38.384865402534544,24.841515720758398,24.716968477066096,0.4874997637003064,0.34933279505210274,31.101663337259765,NORMAL
2026-09-23T10:37:05.875065,45.94005922289058,40.49968992037072,39.163738236911215,35.15321417148113,43.73537656452162,42.35491883368511,23.710208677574062,25.207688484242716,0.4177583208408087,0.3153311974899238,28.58772417069059,NORMAL
2026-09-23T10:37:05.885065,39.75213256389131,39.41245465312285,37.234085260237734,36.60468942213387,40.97642860775904,43.9195397314024,24.762375980468526,24.946599698311296,0.38851600655268037,0.42286001550529684,29.845725118016887,NORMAL
2026-09-23T10:37:05.895065,44.58461840744227,41.308995584193546,40.22258574617599,42.1177055625128,39.618573630915314,45.76598536424792,25.891411074200306,24.513735436021097,0.39840646462496776,0.3821397952936754,30.440833932069612,NORMAL
2026-09-23T10:37:05.905065,43.559975618943135,38.992113193278456,41.28139130592225,36.858297970780974,43.58504313890309,46.07077685069868,25.976718945984736,24.7436723787598,0.43911473059838063,0.41100208523577725,28.417556340153336,NORMAL
2026-09-23T10:37:05.915065,39.13443522256765,37.3856876973929,36.7417073619896,37.95802958961507,44.08384638126655,46.8330817941286,25.211238090236282,26.326531328030438,0.38782860291717786,0.43946264606810015,30.414411694694344,NORMAL
2026-09-23T10:37:05.925065,46.519700077735855,39.86385183471133,40.113144616145625,43.07268189287339,41.83756146114945,42.77538501514402,25.25215315308469,24.78261027472613,0.3562377966822371,0.4916366497932269,29.770349895589415,NORMAL
2026-09-23T10:37:05.935065,47.20227927471391,39.474724051298146,37.48227770613486,40.99284786576799,43.38194256046278,40.30339556969075,24.640044408297573,25.136336179171316,0.36669429909078727,0.4044033876782725,27.742714148931288,NORMAL
2026-09-23T10:37:05.945065,40.32563317278028,40.45906472962489,36.71839573634631,36.51603345458317,41.349486260695826,43.21156267223912,25.743529762803426,24.300786829733667,0.3861869895029704,0.4488524801342875,30.334457854917176,NORMAL
2026-09-23T10:37:05.955065,41.71872785474772,39.64786218966044,38.03315471320951,38.74733970804897,37.44061471535509,40.85265030613809,24.025205540202755,25.645528263483243,0.4411324253269983,0.36058829540172743,30.804877764555634,NORMAL
2026-09-23T10:37:05.965065,49.34594247630485,39.13077061682386,41.248187767267225,39.90626279185292,43.28990234038675,39.68226835007874,24.722037473797215,24.80254374185602,0.2842112184446465,0.4265230935626517,29.678268705165806,NORMAL
2026-09-23T10:37:05.975065,43.37773265091076,39.74231832104447,45.49568185864864,34.856788410474756,41.20082163593828,45.11561632945559,26.179233870475073,24.50379065011017,0.49146074475016976,0.3541485295312181,31.293367123944854,NORMAL
2026-09-23T10:37:05.985065,42.22618364671528,47.689995621562346,42.45496316845468,37.38069332256963,52.80710439517175,39.627523415524855,24.843189653708542,25.903951568743782,0.36326084471469167,0.3679324322369285,30.130630397305247,NORMAL
2026-09-23T10:37:05.995065,43.357460014499104,42.16154693059394,36.13575661952861,39.492233789439815,45.912276226073196,47.511971788190976,25.164080244105815,24.373510280875497,0.4014208748617755,0.3689703213725953,31.31903090851057,NORMAL
2026-09-23T10:37:06.005065,36.9737325101142,42.67919941609303,35.33650924411922,42.18014280926437,46.3134863712099,43.65799342579124,25.252469355907195,24.83155996060982,0.433788864623751,0.3975186658868976,30.731204006844685,NORMAL
2026-09-23T10:37:06.015065,42.175728826943526,33.556425544083986,36.71585578986063,42.79373112730693,48.357620646907364,43.31364736156609,24.936983210946835,24.832375930650986,0.4315280452100272,0.4289518862174332,29.020908161028576,NORMAL
2026-09-23T10:37:06.025065,43.98495043358756,44.69868983300435,35.61283794653439,38.53289666489417,45.39069452068483,45.168258902338195,24.78973244999398,24.735661205504393,0.3768057326006003,0.41926163096166014,30.429119115190474,NORMAL
2026-09-23T10:37:06.035065,41.941747368371466,36.90732813372278,35.27503297020219,40.59206008382872,40.336735360673835,43.679071113991355,24.819601189149438,24.698885746940633,0.40133492306826984,0.483817604559571,30.288816582066865,NORMAL
2026-09-23T10:37:06.045065,41.113002820122944,36.57988522119229,39.28059602082815,41.84175838425639,45.82212814013937,46.49786232171984,25.238299088918758,24.3483625954585,0.3977525119575189,0.4262433991717929,30.72101152546834,NORMAL
2026-09-23T10:37:06.055065,40.52077067901501,40.80990396292664,38.9146741057056,42.17823254199187,47.01571640536862,44.938954961718885,25.198111281342346,24.48735931660412,0.34495200921786134,0.3954072672706667,31.041583383075803,NORMAL
2026-09-23T10:37:06.065065,43.18606027044491,42.68328780594981,34.246110219873,35.34586560873407,47.35965147960495,42.89608471481722,24.34315606051783,25.441083713108473,0.4129018080670467,0.5475732137253873,31.250000447331608,NORMAL
2026-09-23T10:37:06.075065,43.04009197389145,40.546671318849405,38.58073877034224,38.743369572973414,39.68360985553535,45.78256635916166,25.13742875874701,23.622646607434504,0.368223838743248,0.35856290804461877,30.98089018266933,NORMAL
2026-09-23T10:37:06.085065,41.86783442969523,45.462220563699475,34.021201015753846,36.31053470877471,47.20128358017338,41.034335946047776,24.470683804189676,24.736664298669492,0.3620087863910706,0.4269663923645936,31.118167611156842,NORMAL
2026-09-23T10:37:06.095065,37.23924230660596,40.1276705174196,38.035609699356776,39.20548408643484,46.49976670898366,43.35954131844267,24.71009832150663,24.44405323952972,0.308764536431983,0.38144440387807305,30.014409874964226,NORMAL
2026-09-23T10:37:06.105065,44.76517464326694,39.866692665378096,43.809260685639735,38.80880103485018,42.54996872177731,44.14178578564486,24.51472052268008,25.104454020670474,0.29679515725075284,0.4338047037955566,30.06667865592621,NORMAL
2026-09-23T10:37:06.115065,42.63171234763544,41.46442627399998,34.81560982726634,36.7534465154528,48.69927473926633,44.48379274143671,24.70136835988919,25.210540277283926,0.4203855450351165,0.49772422316778664,31.11035088586697,NORMAL
2026-09-23T10:37:06.125065,43.233506081932866,39.65244427371065,42.459224787841606,38.746128369721575,41.38846423309471,39.33926054223915,24.568801730975952,24.81795737791648,0.43827007415581587,0.4456592711879473,31.151069783685404,NORMAL
2026-09-23T10:37:06.135065,42.458930084955576,43.49447759012574,43.6482889395922,41.27572355130169,48.80864772360885,38.46808434672497,24.629100524676737,24.62444252216089,0.2661482878460927,0.40368391363407824,31.392448992811808,NORMAL
2026-09-23T10:37:06.145065,40.39404936337001,41.586326692651824,35.86486450807577,37.770680887841166,44.85592952755481,39.41267268436049,25.58701651554716,24.040620403416415,0.41611170440431516,0.37542591136484366,31.489144745045753,NORMAL
2026-09-23T10:37:06.155065,44.28553527578821,34.7475225760341,31.944008482544508,36.49660897353237,42.493320867152704,42.4329791780224,25.015122704182133,25.336798009057087,0.3317004643461282,0.30997266738489526,30.25246146300501,NORMAL
2026-09-23T10:37:06.165065,40.91705696634468,40.689880003032115,36.39542538389349,38.56697808948824,48.45952071085907,38.13018911460052,24.387234775800206,25.320800801259278,0.4783703883299768,0.3897175546337968,28.737284142501842,NORMAL
2026-09-23T10:37:06.175065,35.99664016437699,41.7816273402313,34.8766144466206,44.4389473140948,51.02481060771581,43.678903879641275,25.242730850798544,24.94104362877439,0.45708978306222137,0.3998464761135933,30.063356752604314,NORMAL
2026-09-23T10:37:06.185065,46.08120978691304,42.8785475592838,43.327453209792694,34.90792611023183,42.33325274576281,40.28828195467637,25.42088958466292,24.753204823648556,0.430116599389439,0.34155060229383494,29.905658906298832,NORMAL
2026-09-23T10:37:06.195065,48.89098631925942,45.91510466437778,33.30367016519813,39.9114661606173,46.479058762742376,41.51977778281822,24.448809847666578,25.33099390224113,0.40504127150342695,0.4276270434297865,29.841948564842454,NORMAL
2026-09-23T10:37:06.205065,48.993495547460526,38.258476757030564,36.760003156619874,40.28721364176022,46.19522529097436,38.863859107688235,25.648656356885088,24.270940777590475,0.40031998000230773,0.38464866847143186,29.292375189058202,NORMAL
2026-09-23T10:37:06.215065,45.39975128886176,33.95884164718087,36.17304296923581,36.743090372641035,46.62469222044,47.651263948040736,25.387734386772404,25.697642511088084,0.2887722891143773,0.4081800058511962,28.616966603832044,NORMAL
2026-09-23T10:37:06.225065,40.875103837129586,41.734014945916584,38.236561503307065,42.439384491936345,38.064093979012625,40.49279065069776,24.259685007315863,24.18060460146168,0.4502889719067812,0.40912094190236087,31.556613784443567,NORMAL
2026-09-23T10:37:06.235065,45.5556190129899,41.20445074080587,35.57595904726854,41.47947948275286,41.92519080321655,39.40172855372123,24.424794945169563,25.0609285562337,0.46327649232256213,0.4026304408489138,31.224428532290855,NORMAL
2026-09-23T10:37:06.245065,42.2740262025477,39.720653699422286,44.80293434761208,43.552611324789325,44.590720939314416,40.503415814367386,24.19548527415359,25.200678815487198,0.38722441361454224,0.4233500405919093,30.32304122103895,NORMAL
2026-09-23T10:37:06.255065,43.308828544326936,44.42668284325273,38.78554968847417,37.19138991788522,41.68835432004452,44.74938059510618,24.464086522814213,25.359171097785637,0.4357096705359332,0.39780582554218846,29.218576723364194,NORMAL
2026-09-23T10:37:06.265065,36.670983808453734,37.628105113060776,33.93517502107506,39.06667773084236,42.67313738852341,40.23801538890924,25.436302735454138,25.06466394272678,0.4023793464282758,0.427905839024114,31.036452446140224,NORMAL
2026-09-23T10:37:06.275065,37.1915280374557,43.12003953967232,33.47765800173863,37.014041147406544,47.03643673569833,45.0736674984268,25.33237044799616,25.091042452805386,0.47064882781330064,0.3229599607734482,29.694844686685098,NORMAL
2026-09-23T10:37:06.285065,42.14204715480539,47.10585547441462,40.56637476543817,41.59606915670466,41.71596345464881,49.74898466213982,25.235904179667724,24.497037785439616,0.5172679648543499,0.32865458956387184,29.13130024791277,NORMAL
2026-09-23T10:37:06.295065,41.29799677275295,38.058740786653146,39.31802799070969,39.69190671491828,44.34052495040698,48.681420495071315,24.18301541631489,25.683192884133497,0.3587674085212439,0.47310819514929076,31.905213993186393,NORMAL
2026-09-23T10:37:06.305065,48.904659116271894,40.42845715033886,35.091851327008044,39.81981524520981,43.839894295014666,37.71145184381601,25.36777249423203,24.53866101529988,0.47210044121206957,0.4482581798169913,29.71866260795665,NORMAL
2026-09-23T10:37:06.315065,42.10849308590844,40.27229828222652,36.85651674573032,46.74577664247844,41.19140935625607,43.166012765508185,25.49573578524841,24.80783046774774,0.36857286060674865,0.33354494762949427,31.192035332750876,NORMAL
2026-09-23T10:37:06.325065,44.13600898480711,42.40980084168109,34.228010311763654,40.25895709669701,44.855913221637536,41.985808672314846,24.31162960201301,24.971658695870016,0.35645789643097603,0.40400173877808315,30.063340063329758,NORMAL
2026-09-23T10:37:06.335065,40.98552520856672,43.646070389707646,37.83487360960342,40.32271739023396,45.25520699531376,46.024519439571215,24.517970152138265,24.827347576767657,0.44609972538192155,0.4076766417837595,31.125805252821266,NORMAL
2026-09-23T10:37:06.345065,44.23572838760002,39.665959767889056,40.20127735069243,38.35628565552432,46.86981348571046,48.56129328944321,25.545797253455728,26.144750458732293,0.3224209032445464,0.3725812579803805,29.733655412374628,NORMAL
2026-09-23T10:37:06.355065,40.799128375701315,42.117344118581414,37.07972864279951,41.765268561912585,46.954281454728374,44.240420233328756,24.49389335620354,25.27368688956288,0.43371450078294765,0.41769427151342403,30.03000709180896,NORMAL
2026-09-23T10:37:06.365065,46.201004619102946,39.35485765790536,37.08325632029302,40.6676396529031,45.59237389422521,45.55779257590494,24.857994611242173,24.34264696154957,0.33812089312326216,0.378366364245459,30.792425165882356,NORMAL
2026-09-23T10:37:06.375065,44.37679254947356,35.55226632567853,39.3347394295859,38.78193357400397,40.87368238876757,49.57232509417193,25.13197894317768,25.413707612827714,0.528376271796878,0.370944029805976,29.603209806709323,NORMAL
2026-09-23T10:37:06.385065,46.46704697738703,37.076987075959096,38.184914240728375,39.11553771691027,46.9105431130413,44.21617267843373,24.543410066161794,25.486123163206603,0.44225747062178333,0.3474497951893784,29.312196805807517,NORMAL
2026-09-23T10:37:06.395065,40.42257750957659,37.551979765782676,40.66166700696262,38.1903930218905,43.166509448450626,39.886732806907666,24.802730571970663,25.742475814886912,0.4374144128518195,0.3191301396034222,29.010292714047573,NORMAL
2026-09-23T10:37:06.405065,43.9068030458797,39.50563369256039,36.6169011020209,36.848769616703876,40.00679261300461,43.28586811859781,24.80986404575272,25.570188935133178,0.39666460299325956,0.3517414430986983,30.69380550109628,NORMAL
2026-09-23T10:37:06.415065,46.03844194835407,38.792789257104694,33.74356023905441,37.80258488002699,39.95027055953095,47.924853319276004,24.306127719706208,24.83615257094511,0.4736760825225609,0.443560626391062,29.48633865938885,NORMAL
2026-09-23T10:37:06.425065,39.65080786447018,40.45551029229959,37.39961199362767,42.740996384692686,43.536003937043155,38.95009050077397,25.49288649330564,25.5182664460904,0.38866019858971296,0.43860625172454565,30.051246564386645,NORMAL
2026-09-23T10:37:06.435065,38.3796050076492,40.75677608441916,35.13830510884474,37.41461231167583,41.18330675612581,43.99853461952037,25.09324185044053,24.34016032105077,0.3540072488809333,0.3998653975876755,30.46436792396641,NORMAL
2026-09-23T10:37:06.445065,42.21672347231537,34.379616429888834,41.21726237827909,43.43077922334122,48.75137805935939,44.63231184975287,25.33599294317085,24.672903830584346,0.4094289334179515,0.34346854743497013,30.12176034671323,NORMAL
2026-09-23T10:37:06.455065,37.71092124241984,42.75560530603573,37.11361007300618,40.91767211937489,44.547721278340774,41.62132196134152,25.42166298685872,24.41329764966242,0.3867573800748085,0.3731227870522698,30.743972421117707,NORMAL
2026-09-23T10:37:06.465065,41.77345420291509,41.81005623855681,39.31367756471099,33.134711307211354,41.22104554185283,43.347789880951396,25.506237949785422,25.286293880767712,0.4655383084029937,0.3889188063994653,30.10068045298568,NORMAL
2026-09-23T10:37:06.475065,40.50060300118795,39.69298323911023,35.923907870537064,37.64179851642011,43.42859533532587,41.04533782120095,25.013287448417245,24.09068294337757,0.42139668999439855,0.4088728420605262,30.44622878505573,NORMAL
2026-09-23T10:37:06.485065,40.6095091995004,39.475340875179164,40.45590234462587,38.613740678277956,49.95964815062672,38.78164693075697,24.87631758713474,24.436313213218508,0.36066277087446713,0.3605004192726505,29.51926772221039,NORMAL
2026-09-23T10:37:06.495065,44.34852633266344,37.56831785584722,39.525029354148344,35.39778061237447,42.78342298467852,46.95942810595136,25.231021394581667,25.136140167746085,0.43150529640614665,0.4287987507418993,30.62800564330248,NORMAL
2026-09-23T10:37:06.505065,46.21098910800348,37.88463691273964,37.82315191312411,40.593172184495934,46.248926855894155,44.67417373197097,25.653268289710326,24.749502377270087,0.3325139902555646,0.4636193459126315,29.999196958516144,NORMAL
2026-09-23T10:37:06.515065,40.353940798784,41.10727879638503,36.91930947760815,41.5155199394658,46.67049967594155,43.93519854046447,25.270434794233612,25.016303812620166,0.45132544776225547,0.281834020534906,28.831804878772118,NORMAL
2026-09-23T10:37:06.525065,41.880208406199216,39.7595678347122,35.62371112705356,40.54992139780649,41.06484895217072,43.652083809379086,25.062144854948215,25.028848483007287,0.3585407601184652,0.3903417208425882,31.226936940944693,NORMAL
2026-09-23T10:37:06.535065,43.63057003421352,43.888516141938,37.79979504536555,34.74429224672427,42.600595473853495,42.54796617932023,25.650754081065603,25.567976936596416,0.42124225772200674,0.35717361744498055,30.12844721483935,NORMAL
2026-09-23T10:37:06.545065,41.21480552141595,40.26947522877368,34.916194748428545,40.15976163198328,43.910471716478995,45.413145457334046,24.269186816053548,24.43650912864517,0.5823136179555294,0.3559974935596669,30.28758278116318,NORMAL
2026-09-23T10:37:06.555065,43.31326534692225,38.05344338593383,42.31901776707386,38.8359497124944,44.44844012201308,48.455159004940064,24.60448953835862,24.756179511103166,0.382724360073433,0.33136767906720627,30.27583946848401,NORMAL
2026-09-23T10:37:06.565065,43.41916175281658,41.54995987728053,39.63957587950567,41.164135193434866,45.016108422532376,42.27567673971905,25.610208322411754,24.65166806442239,0.46981787715260254,0.39035218137812,30.76480276701483,NORMAL
2026-09-23T10:37:06.575065,47.47965593107016,34.20560711076945,37.51934905276587,37.99012909620398,49.1221595726175,41.77953278946602,26.364509750928487,24.23604854819688,0.4174752773974663,0.38068490652051556,30.50509033340638,NORMAL
2026-09-23T10:37:06.585065,40.30456891239174,39.64690432070377,33.44292990645932,39.27043417853365,39.50623394814486,39.07099314712895,25.043435038648653,24.939325420183497,0.45135449666131855,0.3323435199598994,30.421012028582947,NORMAL
2026-09-23T10:37:06.595065,42.967500430917624,40.09288645444219,35.99091136547334,38.80226897384259,46.65195771749773,41.87873277166701,25.423647507964628,24.863095915827326,0.486239778391091,0.4013401750386926,29.82445762106615,NORMAL
2026-09-23T10:37:06.605065,37.16751614024313,36.718544628823814,38.95322565818516,38.43137541080904,44.84382982482737,40.946074305923915,24.92478090864028,24.68815259974144,0.4147599306205393,0.3890917958404767,31.86465159765701,NORMAL
2026-09-23T10:37:06.615065,39.935768528755034,44.35642928042318,35.363767602471384,37.83666955657398,41.475368389073,46.77891169558854,25.218494713193547,25.06858658354951,0.4117227480974148,0.3457815824167602,31.402913003162766,NORMAL
2026-09-23T10:37:06.625065,46.16858664717395,40.897100674224134,38.03315169026717,40.62283887718905,43.47423711026025,42.39947048173538,24.75359776502873,24.827054635482337,0.37619699355330555,0.4364926484059115,29.671703217301307,NORMAL
2026-09-23T10:37:06.635065,40.71490643991721,39.11953278236808,34.251258228610105,42.9004543427317,45.52578812013434,45.599502278817376,24.735051249683412,25.728600288350457,0.407260140271912,0.4726318244184965,29.986626524491886,NORMAL
2026-09-23T10:37:06.645065,41.86600579853743,39.416136426504494,38.193717305109075,39.56246024290138,48.47808941580341,47.61913874994491,25.044973421023133,25.60951921451103,0.2641174320909148,0.3764853790939351,30.249711402964802,NORMAL
2026-09-23T10:37:06.655065,44.66136491618829,42.2693027459835,37.859867077368094,37.846255899798095,41.60070290541606,48.705881268456764,25.56111289006883,25.653888573594486,0.40053029120123634,0.3732765329629103,30.554694179895545,NORMAL
2026-09-23T10:37:06.665065,41.926135653140335,40.61576711874678,37.93785928407603,37.4176218326003,41.385753816284684,42.27278631845093,24.307289158735998,25.299124883301296,0.4419275377404005,0.3615230507712047,28.172570063510594,NORMAL
2026-09-23T10:37:06.675065,43.18073858191544,41.715297376662896,38.05126759315798,35.66392977321435,38.24677861566676,48.134678091954875,24.8917960197366,25.252199575399686,0.3964625108646833,0.4206770052614129,28.721734023301437,NORMAL
2026-09-23T10:37:06.685065,40.66287171979892,36.93391073385805,35.282117743483255,37.22745014909112,38.58035152515835,41.61640204176365,24.644555553682604,24.406892550326283,0.3933580448404851,0.3994329658257159,29.16302648386133,NORMAL
2026-09-23T10:37:06.695065,48.035914468069,43.15462224104877,40.804141434798794,38.17904169742392,46.68079826918165,45.29672541809897,24.490746489600138,24.658895034123347,0.5457611157930427,0.3794391159323203,30.48686120031481,NORMAL
2026-09-23T10:37:06.705065,41.35619513973721,43.494191544203,35.51353671961011,36.48676900913459,47.40302183071807,43.595597289813306,23.76118956178037,25.01170717529511,0.39090161467022294,0.4355334116939563,30.32105410647881,NORMAL
2026-09-23T10:37:06.715065,43.026590148797666,41.26239347454489,38.72617188289733,36.11844113567736,41.55530083610592,40.44306869984557,24.329420229441546,25.394126944053973,0.4538791964162473,0.43069977059840747,29.39876809105227,NORMAL
2026-09-23T10:37:06.725065,40.38861569164115,39.6803762290558,40.782245633058736,40.31656958164877,49.21673077036339,40.09126702862016,24.88718198280607,24.3696600525933,0.3291379109462033,0.3922370080568372,29.664294011278887,NORMAL
2026-09-23T10:37:06.735065,40.461549042769064,36.39582865350724,38.49192447918823,38.29032589501419,46.744596527505,44.65150756336941,24.344129148640317,25.19784593795335,0.37005658840861744,0.4766252853234022,29.97041159411032,NORMAL
2026-09-23T10:37:06.745065,40.489459703661446,39.780376507263334,34.24775702978096,42.18614176087925,50.358064577097885,37.8106093321367,24.874103518272413,24.94479766633079,0.3702861505556014,0.46087682923198287,31.247439105076406,NORMAL
2026-09-23T10:37:06.755065,41.26396927107443,47.213846595936616,38.081927007248424,38.39523965219056,44.839410858561514,40.76190130297311,25.7265664756166,25.30831812450964,0.38225270078690343,0.39072406472755833,29.092227859687085,NORMAL
2026-09-23T10:37:06.765065,42.787528042441835,37.119086138042896,38.00792486159854,37.70698646354961,45.701167535572345,46.12770486277439,25.39346904604804,24.93871471177402,0.3645188108073862,0.38501689399096173,29.983367169223197,NORMAL
2026-09-23T10:37:06.775065,43.46375615900794,39.29547580868557,35.58180185059543,39.43356668489158,48.07640662248313,48.61697380805971,25.396599890999337,24.504868049687456,0.4704296535396278,0.35771698979421607,29.22942805679365,NORMAL
2026-09-23T10:37:06.785065,43.2828321309456,36.859024168301985,40.00420046464252,38.8659269489978,45.19736860879916,40.529712548540324,25.423213679113044,25.2565618078976,0.38183358004037565,0.4472640639694063,27.33971392485337,NORMAL
2026-09-23T10:37:06.795065,43.086934534994526,40.67738699998707,36.012502810767415,39.44302358183761,45.49940232229352,40.78911284991081,24.940236747489024,24.97929004543927,0.41964457919252307,0.4613387308525746,29.53605009755321,NORMAL
2026-09-23T10:37:06.805065,45.95075362013906,37.087334148783185,38.75194274294642,34.70097823099648,44.215331049884924,45.16676282868484,26.011484626736735,25.024678349191877,0.3625842581559199,0.45132479846712403,30.041157236822286,NORMAL
2026-09-23T10:37:06.815065,42.295013580399626,43.75105341052982,40.731875354953644,34.6696773469864,44.154649966737246,42.950812864861625,24.465215008488833,24.18805014846134,0.39665769044552135,0.37681339147814924,29.275301907655006,NORMAL
2026-09-23T10:37:06.825065,41.587895092240025,39.946927448596625,38.043988563166174,42.941977554095146,43.90961300431308,48.64111081418235,25.62204933467463,25.483791485388387,0.36357478414316907,0.38532824310754277,29.08027533720626,NORMAL
2026-09-23T10:37:06.835065,43.24762473789269,40.79881648412477,39.10424535675707,39.75631119135354,44.50354090295823,41.9292731793711,24.51350419797865,24.779157393296536,0.43583081014644937,0.3918058761321814,29.93997516575966,NORMAL
2026-09-23T10:37:06.845065,44.603432999232716,42.46272898739422,34.31298039832641,38.798967624766675,41.38611621442941,42.83745052526991,25.1951355733693,25.254707419326103,0.4831892298138394,0.37495915572911426,29.705056436294,NORMAL
2026-09-23T10:37:06.855065,43.72208397784259,43.88595816187767,35.42143957226641,40.716792867157174,45.996436864822,42.54893003629949,24.85944906214777,25.366323922562497,0.42135850276264414,0.4200351496317153,29.268206916322832,NORMAL
2026-09-23T10:37:06.865065,36.83309025665146,40.71799038179566,37.32225279155164,40.14537050803382,41.70646108349849,44.90409100343086,25.204804539948114,24.629935383394216,0.4472514472088953,0.38285417544519895,29.30353082792454,NORMAL
2026-09-23T10:37:06.875065,42.752601380742895,40.95586171750404,35.73736653705423,40.55034811359707,43.97253586436616,40.72536014935271,24.123017075490583,25.213208689479877,0.4049511901193576,0.40596913956703967,31.376824475897777,NORMAL
2026-09-23T10:37:06.885065,34.528155503329074,44.80762194603438,41.409497402938385,36.549810258366634,47.04402418065547,40.56411966984344,24.478747095440816,24.949302226433353,0.49138256387606644,0.41808337085811,30.049851407405626,NORMAL
2026-09-23T10:37:06.895065,44.65703486460092,39.132506898889496,41.74378641469534,42.9265514890755,45.287631136626125,40.635197818084976,25.53600773769238,25.147346016638792,0.43218321422682476,0.4568283504343863,30.436434768088283,NORMAL
2026-09-23T10:37:06.905065,39.29238740069947,45.4709637633959,38.69818220841996,39.81039364431486,45.84528509715946,43.935198970066395,25.373974164144652,25.09872933793731,0.39112052689447163,0.37249084578783287,29.488674663362932,NORMAL
2026-09-23T10:37:06.915065,41.13549689630487,43.968316991497936,37.157767481414524,38.72230727442595,43.69681358192477,44.60160293847035,25.324490516681376,25.987222851638673,0.33034683334203,0.3886025181890858,30.573022729849214,NORMAL
2026-09-23T10:37:06.925065,36.944634086745644,46.22402141671841,37.70972900429572,37.01500516264377,46.91226394578117,36.40597717538737,25.106119882017047,24.50425055426231,0.39925447207531967,0.41870289110317943,30.792532116965607,NORMAL
2026-09-23T10:37:06.935065,43.23398331746744,47.25916760470619,38.15494289907458,38.14518093812525,47.6783551265901,42.80408882046675,25.209107190355443,23.031362703525765,0.4226621579691172,0.39626161150528244,29.565099206993462,NORMAL
2026-09-23T10:37:06.945065,40.030961508146895,43.70945411415167,32.89582932241779,46.87291065764832,47.462362224933784,44.10940748642542,25.950187069032793,25.137327763666455,0.35525157619789094,0.45135403350946,28.36396271215388,NORMAL
2026-09-23T10:37:06.955065,43.800196295535095,44.59430289581238,39.337414656904784,35.371987038394764,44.61535450399985,42.63073702100413,24.628894461108533,23.84401062787891,0.3407250432694851,0.3749633075233333,31.12555347859444,NORMAL
2026-09-23T10:37:06.965065,50.259464731160065,43.57036864564772,36.02935266772144,37.947406199487446,47.2465609921035,44.84137174825062,25.195458563187497,25.11904616276677,0.4599646003859512,0.5117972429007002,30.00960240122314,NORMAL
2026-09-23T10:37:06.975065,42.476339330265006,42.5132578878729,36.8446069832456,33.51842995982017,45.4811920094066,40.79926275959219,25.658301556553006,25.091213890066552,0.4748712111781336,0.3571220558102374,31.131190810396415,NORMAL
2026-09-23T10:37:06.985065,37.10510691608595,43.81299749479652,37.40688523830102,41.343579056427764,42.9256591361151,45.04739479096371,25.25131711667582,25.191577513484276,0.4221339492526216,0.48402179477462864,29.43870151442718,NORMAL
2026-09-23T10:37:06.995065,46.21023648936258,39.937644847688546,41.01737349505101,44.8493003712013,41.60503446860053,36.53190157298682,25.081862883615372,24.65415523244009,0.3736759647766263,0.3835368235771589,29.46621150278472,NORMAL
2026-09-23T10:37:07.005065,46.293011219218805,44.376175772932875,40.89775642110727,44.7803376962107,41.687685523775144,35.509655629974674,26.011774456277543,25.125236458936378,0.39721582670529193,0.3098542617942496,28.648304418623354,NORMAL
2026-09-23T10:37:07.015065,44.075708986151824,40.57057228449318,32.61782405785947,36.64879896700683,47.14739494782197,46.836014534060354,25.107078573401203,26.41699848861862,0.45133624270068506,0.49051325551070046,31.333293647989926,NORMAL
2026-09-23T10:37:07.025065,44.493714923573606,36.98239485555427,33.99910119770776,37.14662587037389,44.775071388455856,43.00324289837603,25.18735222340217,24.99000105093648,0.42388807022230063,0.44937743973447547,30.007949692567593,NORMAL
2026-09-23T10:37:07.035065,41.136044955406526,33.1361187323248,40.18054193225136,37.06665781018632,41.27257204887839,45.60306214175499,25.45922107966637,25.33998289564731,0.44765037106634487,0.3452969572911559,29.770802499212785,NORMAL
2026-09-23T10:37:07.045065,40.34997182607742,46.189537576299244,40.15950864097295,38.39014614403792,46.52436629113796,44.12411371046849,24.941281489698245,25.233440597755962,0.44252925386751896,0.39289240986673635,28.749510729870416,NORMAL
2026-09-23T10:37:07.055065,43.063747826686665,40.207820001748715,35.136622001024584,37.07944263269951,43.25162548732169,43.081494517263344,25.280844176548342,24.893761373389616,0.4224953531493958,0.3813314099787147,30.545659813522896,NORMAL
2026-09-23T10:37:07.065065,43.209215948416364,42.70751228861653,41.59286479204789,38.292910966538734,39.22021935335716,42.7663821692983,25.40471571233457,25.01246955196441,0.4159057606508047,0.31386710301296694,29.16585691447895,NORMAL
2026-09-23T10:37:07.075065,43.61615165733996,43.33335599255567,36.123933341520406,39.91752733098902,41.866980228332764,39.54266559298738,25.035504352362054,25.10851620012705,0.4198194439723689,0.43650225047633656,31.67711480044049,NORMAL
2026-09-23T10:37:07.085065,44.84624925837021,39.91745394720618,40.349222039501775,35.3312061729465,44.30207728439345,46.16043533241049,25.33958097076025,25.414120411030677,0.49550196881683706,0.36296287993473897,30.794777168213518,NORMAL
2026-09-23T10:37:07.095065,41.719987099729664,44.344000057648884,38.29404866759701,40.955203444503006,48.64030852435927,44.89274648381032,24.895092080074022,24.816161500608146,0.36529818513349266,0.4519057117899493,31.312315957931357,NORMAL
2026-09-23T10:37:07.105065,41.26705952435487,35.571896270561176,36.41621461998924,40.08497057526941,41.15965244380142,37.12451401132509,24.777786588247384,23.9799055616587,0.41627210987946783,0.3799462758885143,30.06026720299716,NORMAL
2026-09-23T10:37:07.115065,45.88996996867561,38.27619270781385,32.63024223047806,38.9290939874793,45.406888830441204,38.71136972968639,24.81577081853774,24.826401393383506,0.40139098957526814,0.3692252311614679,32.66346299510462,NORMAL
2026-09-23T10:37:07.125065,41.21266003484888,41.55957219466399,36.788120645077846,32.39223423133239,48.14271125690021,33.52960085634501,25.67840926429892,24.33928636685388,0.33205391806366225,0.3945550327233042,32.1959030012287,NORMAL
2026-09-23T10:37:07.135065,42.958808452163154,40.42622446426896,36.08066848327645,40.62680780833622,42.889729768092124,45.141411549320374,24.018261544060806,25.264220970870227,0.4158995803929188,0.33198880868781255,28.967365250735224,NORMAL
2026-09-23T10:37:07.145065,41.55787140303268,39.54047226904312,38.725065477181374,35.413303564732516,41.346307377836325,49.342017769395845,24.57881160642794,24.78694642287289,0.3911461984947789,0.3860755568055251,31.20689941883568,NORMAL
2026-09-23T10:37:07.155065,40.28348412018172,43.564787861388766,35.861369114062,40.9326962293908,43.35776609884434,42.4757143410865,24.955690509508976,25.275123737617488,0.34032686817753854,0.3514774670268588,32.03722590252325,NORMAL
2026-09-23T10:37:07.165065,43.51947505708578,39.91735513579901,39.6052219301285,38.849656684658946,37.245784606789314,43.483989980809184,24.93906276359056,25.174567271898244,0.3612636314739269,0.38897743462281104,31.14212533699083,NORMAL
2026-09-23T10:37:07.175065,41.54746636921409,39.713110081825285,38.91263363506457,38.01458364307536,47.20358027982924,42.476483976661164,25.18168546240876,24.64793658294278,0.33761011578512085,0.43596540217014296,30.261993457585103,NORMAL
2026-09-23T10:37:07.185065,43.912314591991084,43.210044456287434,34.326846887683075,39.2994635446078,37.98254481159178,44.558081194603886,24.45718556625505,25.233653270309063,0.43629772564969493,0.37302670674296873,29.97695297350618,NORMAL
2026-09-23T10:37:07.195065,45.66694850224706,36.03830690127629,39.60908364396365,39.29594157364489,46.84443606350662,38.044326524757686,25.001768256574557,25.55209821350547,0.46795821486070355,0.36153728852474454,29.720463813513668,NORMAL
2026-09-23T10:37:07.205065,47.52423719510177,36.7405601431472,37.885630109118324,39.443562458562866,44.52478866207604,40.19726127489395,25.482235149130062,25.44426665333552,0.4908069438682562,0.3603516062258393,29.518305955116958,NORMAL
2026-09-23T10:37:07.215065,45.2897806076105,46.445985948460475,37.975064608091216,35.179934303735514,43.35175783340185,45.894142227576694,25.33905076568678,25.556472985925236,0.4962463167871966,0.3784340793527974,29.095561307313478,NORMAL
2026-09-23T10:37:07.225065,38.39187650068809,40.63165330695544,40.54769526340596,43.31795464004504,44.65631328940958,43.044196522152234,24.93355720099017,25.613193771750986,0.36189966310158544,0.3947535619599469,29.92260845754218,NORMAL
2026-09-23T10:37:07.235065,41.9185178249596,46.424653357699015,35.770070411963076,45.1381815535017,42.034088790625944,40.53853422145894,24.669565066999443,25.3243644155211,0.3992959336836018,0.45606105146764697,29.17633496929132,NORMAL
2026-09-23T10:37:07.245065,36.98035030823221,39.887196994561634,38.699434450222334,35.32561372139795,43.68046381620101,44.60674412557975,24.596671161251695,24.588009711770184,0.3452412620273755,0.39282734140556025,30.45632649224428,NORMAL
2026-09-23T10:37:07.255065,50.24266695205728,44.495636734339435,34.84573486390287,35.1580063390072,43.669161868001915,47.71596251118805,25.328568797096153,24.736338719532185,0.4500819969410128,0.46886759743225875,31.461740418273823,NORMAL
2026-09-23T10:37:07.265065,38.80075677061332,42.31225866886499,34.79705983881205,36.986342992507,40.16418908283519,42.21414229532171,24.281994764530502,25.38746235028211,0.39938380092090914,0.35677689788776557,30.485437953782753,NORMAL
2026-09-23T10:37:07.275065,46.592239012693746,42.03615580566143,36.540849403804366,38.2903640054808,43.68764101334895,40.895396864637526,24.14413549931058,24.81075087081874,0.46213604350152077,0.35863798949228276,28.06966452832873,NORMAL
2026-09-23T10:37:07.285065,41.733654342366286,44.308421564431754,33.69392863992128,39.475092405129416,45.234337011989254,44.61056911300858,25.27854761278926,25.304069091913778,0.3208029640178097,0.4308029303579866,31.377513511521197,NORMAL
2026-09-23T10:37:07.295065,41.33503819048104,42.114259248758366,35.46395993255835,42.25744967251648,42.144857591160545,47.948451167349894,24.810028746959592,25.338882684748445,0.37332907869253645,0.4938876426111398,28.027865459895583,NORMAL
2026-09-23T10:37:07.305065,43.10795543260787,34.76165916223052,34.988059185051995,43.729983678851326,46.72406345735278,36.96837707726107,24.99698475008925,24.690165539658878,0.4284898218315387,0.49252036462570875,30.65389402231211,NORMAL
2026-09-23T10:37:07.318250,43.30395770511288,42.52412360297725,35.268725150294436,40.75283713666383,46.76328763645155,41.16293135464785,24.67875815110351,25.72499022844578,0.4104561585062981,0.34313410169211755,29.575914918146818,NORMAL
2026-09-23T10:37:07.328250,40.627445116479244,40.80645898184158,37.81821585538781,38.37680902628674,49.021808962435436,45.496842332926526,25.741494996794223,24.15267376151329,0.4055570074245393,0.4587388386629179,30.72541201456247,NORMAL
2026-09-23T10:37:07.338250,39.9619564673025,38.732108207735365,40.40004705388521,38.46871436419982,45.94490524686889,43.46984356918342,24.941180511884113,25.060239840598186,0.35851989294378106,0.485059150285499,30.548179876736302,NORMAL
2026-09-23T10:37:07.348250,46.19801293819064,39.41240925076422,36.64866064290338,38.20189049341388,41.4152270139121,45.03445982280328,25.356253353408892,24.743433019666625,0.384016783688832,0.4188301118734752,29.247410597702718,NORMAL
2026-09-23T10:37:07.358250,40.77201550296517,45.681462574003184,36.133559229883105,37.70794424523377,51.51419039931359,36.62088401291483,24.407812711860867,25.89865118936581,0.37952260259205733,0.42499149734089126,32.1196571417648,NORMAL
2026-09-23T10:37:07.368250,39.84888928737519,39.22548053678669,39.026965998781755,38.81044256803398,42.42521763244114,42.60002880401561,24.33593614478403,25.232861871025882,0.44172471369849536,0.3919274358823834,29.776187260000242,NORMAL
2026-09-23T10:37:07.378250,43.64635003113279,39.38529009993299,37.22967341380507,38.8291657721943,48.416034759783805,42.852338699996764,24.943136158491626,24.917926113990774,0.38081027475241497,0.3517540628493171,29.08088669555498,NORMAL
2026-09-23T10:37:07.388250,44.581053554130065,39.292684958448326,38.23087859397116,37.80932655387254,40.016257929181954,41.605743766124014,25.69846984550795,24.792709149706745,0.3661813328104768,0.37860612744428873,29.665364283787007,NORMAL
2026-09-23T10:37:07.398250,42.68552827910927,39.765052912290855,37.756006456738945,37.77270776960832,45.07250295793712,43.93377664365604,25.105842128717402,25.316563753951915,0.39503752764315664,0.46064733769349947,30.46619238222929,NORMAL
2026-09-23T10:37:07.408250,46.46350620940164,40.76086581380816,38.68031406555922,37.294547456479954,44.04688224374169,45.454083452307934,24.817251351145597,25.746087879060866,0.401283648134643,0.47915882265743837,28.951196856200134,NORMAL
2026-09-23T10:37:07.418250,41.16941396203837,39.510919730332226,40.52657905998724,40.605257449867196,43.77075729495943,41.63260643656815,24.98658135169643,25.362293145068502,0.44178703839267847,0.3970191346523457,29.55292203800056,NORMAL
2026-09-23T10:37:07.428250,42.306201978587175,41.38781477862356,38.631347412923375,37.866263099392945,49.221416517878644,41.11362065943298,25.7562355221371,25.696831814621973,0.44735566216508627,0.49370317399376085,30.55583707611594,NORMAL
2026-09-23T10:37:07.438250,41.04994202401148,39.430785136676704,36.32230799052552,41.0933631508786,39.55819231126008,38.73293320612387,25.76623827348767,25.506440647798158,0.4207165445271728,0.44616748194455863,30.774293051277258,NORMAL
2026-09-23T10:37:07.448250,41.43939123553913,36.59408895252906,41.20772482121335,40.11548891478936,39.87134916091394,43.42688881797021,24.765639225213274,24.94231968396222,0.38360146390641614,0.42756043049645037,29.79158495582521,NORMAL
2026-09-23T10:37:07.458250,38.53513915693776,43.019028428172184,39.21450153151121,35.435550039289126,45.227389806497065,45.66287902253966,24.92375072699547,25.093839401086658,0.3617835080522363,0.31249640088990666,30.521830694083874,NORMAL
2026-09-23T10:37:07.468250,41.73634226000478,42.28880795123244,37.41305244005134,38.349108903444034,44.48688551461915,42.810036512244,25.43313957624921,24.78805531917827,0.32778013015218577,0.4072056502841849,28.696796718259503,NORMAL
2026-09-23T10:37:07.478250,34.39807616716661,37.70966047538384,36.90352874082633,37.01013810131422,39.389992902224876,42.32606395034278,25.60823292873529,25.414708823851512,0.40041179790728176,0.44605600062229916,29.55960666328097,NORMAL
2026-09-23T10:37:07.488250,39.35400930722257,43.03537967851488,35.29105508704853,39.83502848338757,43.92298536761225,41.911757919304556,24.77097014567238,25.568609458785648,0.32053178772645835,0.4134498703165136,29.711430888812764,NORMAL
2026-09-23T10:37:07.498250,39.77573649218223,41.11683084888016,38.78950828094172,38.85013882755449,44.73511336853534,47.244521818327925,24.699551606827914,25.20897484444884,0.31307012076428326,0.42284770665371296,28.133059581167625,NORMAL
2026-09-23T10:37:07.508250,43.894085796538725,39.574475661123245,38.41032652012624,35.36128893172383,44.07206935671478,45.472039062985544,25.309923804237346,24.99137496037322,0.3996763700839627,0.45727187999176055,30.73599031971007,NORMAL
2026-09-23T10:37:07.518250,40.12571392921799,39.2605104366299,36.30033435845356,38.910877105281166,40.517994304627294,36.524884538277114,24.890846382148837,25.126440995789746,0.4093212631481421,0.45424951280660386,28.707496393996372,NORMAL
2026-09-23T10:37:07.528250,40.46053211006142,36.67272214759863,38.61457425517134,38.738542687610185,42.5575277568357,43.12432599190368,24.64655620401783,24.48898557261036,0.47902539336843064,0.4405172714905308,29.81583641624713,NORMAL
2026-09-23T10:37:07.538250,37.37567114016714,40.35711768517717,39.43562792673563,39.42471058064187,47.02742938612258,46.680634817011736,24.957725856365347,24.765957925071582,0.3752803390296241,0.3793262903007512,30.904549635895386,NORMAL
2026-09-23T10:37:07.548250,40.7275546541008,35.95766441939863,39.162415680990975,38.75266961992442,42.59843300309683,37.10947662829433,25.585026255116507,25.348175290433495,0.3431558924408372,0.4075886796630105,28.916268244370134,NORMAL
2026-09-23T10:37:07.558250,37.918190911685194,34.70388660357473,39.948335539418586,41.199790600013316,43.07048009057452,42.82047827755661,25.877467408946117,24.6223021786164,0.340762357444491,0.40637720805926847,30.54949940045887,NORMAL
2026-09-23T10:37:07.568250,41.109345629474504,36.72174396976308,36.0819691820873,40.7125143172592,46.144258343632394,37.9879307899358,24.38869681743522,24.507424708080638,0.3987276591068443,0.5103409146869425,29.714178347153045,NORMAL
2026-09-23T10:37:07.578250,42.18631512863261,38.60856429941248,44.46328730159145,37.49519360701957,42.46475501099434,43.46865509095872,24.33781783344564,25.40438223154469,0.39958350168740947,0.35786398277260306,29.40419180642725,NORMAL
2026-09-23T10:37:07.588250,36.317892498882344,39.33333546877736,32.31344048655889,37.873840696599956,42.51327833075164,41.23305885918948,24.708574290035955,24.579010481932436,0.4617015940063845,0.4719615738068209,29.830439648979713,NORMAL
2026-09-23T10:37:07.598250,45.431018202372805,40.08050246358662,37.24391848099063,36.928050612012306,46.09240199282189,44.854190719451736,24.354764055111904,25.079989050188576,0.37414877953963926,0.3549039308056968,29.97430289011382,NORMAL
2026-09-23T10:37:07.608250,36.243481753488936,39.69818088439841,42.723790030778574,40.08918332020346,40.593269803812284,44.66011252547275,25.044307773863757,24.83959442671894,0.37071163332869034,0.40003443330910915,29.40760260773299,NORMAL
2026-09-23T10:37:07.618250,41.48040583728017,43.21850589978445,40.03928576681621,35.75884129141393,42.594830202530424,47.820730088941744,25.898272088894746,25.18488385330151,0.48047870427089734,0.4604093124574057,29.86801140654951,NORMAL
2026-09-23T10:37:07.628250,36.011115529317216,40.816487024873815,34.7945331772236,39.340936763330234,49.23858922791413,43.74611464696608,24.607416932771763,24.41533307132939,0.301852345713575,0.3046988094957369,31.626766584062796,NORMAL
2026-09-23T10:37:07.638250,44.56787355006652,40.60688491234713,37.617580269371786,38.87007540883419,43.964806910235836,47.176350109490095,25.195061748768495,24.008780682144288,0.4530332182510739,0.3035092139157557,29.593806381187427,NORMAL
2026-09-23T10:37:07.648250,37.8418145904265,41.1210763883532,34.85715194821924,35.555527704955466,40.860407471061336,45.441435642442904,24.907137426531545,25.333594645787123,0.4680149663962091,0.4119171958711189,30.57010279834386,NORMAL
2026-09-23T10:37:07.658250,39.091541517185426,40.74631690051334,35.127889366975836,40.38455007027123,46.7186607692562,45.89750594399749,24.985884132030428,25.447727253649497,0.39273341498473807,0.371926161371562,30.50205516313983,NORMAL
2026-09-23T10:37:07.668250,44.17787593561052,47.61098583400535,39.82282777552332,36.247658655881764,41.06565650278279,39.094876240372095,25.0386867871013,24.45015758682646,0.468116412063569,0.3854246157640281,30.641754309980346,NORMAL
2026-09-23T10:37:07.678250,42.45508203598225,42.03146169204416,35.40872659934486,38.91627852286659,42.717896597272215,42.69614513871217,25.0623444449026,25.340736731397318,0.3767221385395823,0.4411802570707906,30.32923369576711,NORMAL
2026-09-23T10:37:07.688250,46.91629713780317,31.06221275812544,36.39330097202269,42.14644155301233,36.436258267380246,47.453908023514394,25.0411034408483,23.978885175751437,0.43627953828842014,0.3473713214456175,29.087189986749873,NORMAL
2026-09-23T10:37:07.698250,46.39393839927614,39.83930552590384,35.60161389788825,44.01990280123232,46.78722489287779,41.99629337556349,24.605258850103034,24.898020065029456,0.478864609234433,0.3508746847852747,28.726121807574618,NORMAL
2026-09-23T10:37:07.708250,45.82365009509235,40.15363351438923,38.251141256243756,40.31219630766098,42.829778227862874,35.7277555407599,24.893915581002073,25.620523073515898,0.5086223982710006,0.3941065296000089,29.97132986473094,NORMAL
2026-09-23T10:37:07.718250,46.09639702456576,42.78710591582848,38.73854129010993,34.05217083453116,42.750948883531436,43.64425818210325,24.242978821029467,24.81697593904161,0.4854257306875149,0.38714250160815444,28.56563931569173,NORMAL
2026-09-23T10:37:07.728250,36.33869576539664,40.96613731418657,36.5556915189812,36.828707730596044,44.68252870748535,43.85441546561536,25.08729013377131,25.175245090175927,0.3385502546156213,0.36797490484097284,29.673839094339844,NORMAL
2026-09-23T10:37:07.738250,41.83853050433722,43.9687203463276,36.17951891746836,37.05607349906288,48.46215257908683,43.475350190525965,24.30097947901233,24.844514030137933,0.3381905366095356,0.34315179752845093,28.665737536985628,NORMAL
2026-09-23T10:37:07.748250,39.61207130974838,47.179150864325756,40.526201718585256,42.454176536232005,47.26283308873827,42.59535722463249,25.20171909559969,25.051409952657345,0.346596283739218,0.341878418685129,30.90035019770736,NORMAL
2026-09-23T10:37:07.758250,38.34481709332313,41.602780870716245,39.63025572991545,40.881841199194334,45.10779468875107,39.39781794639933,25.270198632106958,24.930867699865637,0.3511224385959168,0.3005623095492913,30.451207699070064,NORMAL
2026-09-23T10:37:07.768250,37.34266897551484,35.87801509230954,42.369791464961075,35.99657069170557,42.74006620115541,43.21538148117686,25.035109503631062,24.490346108445788,0.3645837255570566,0.44028267398094445,29.721215558513276,NORMAL
2026-09-23T10:37:07.778250,41.930559240923095,34.51219209805214,36.5657574666711,41.14353069710293,41.81239191556689,40.14540958932557,25.187451737600774,25.2993290657266,0.41668701240302186,0.37168171302012826,30.749625422041653,NORMAL
2026-09-23T10:37:07.788250,46.88690789358097,44.509896172994004,34.091667522438705,46.32373742085367,40.02319272922158,39.32225303754205,25.152197349603018,24.95281990029745,0.41806751748746496,0.46558210545643003,30.9305124642047,NORMAL
2026-09-23T10:37:07.798250,39.31956564536655,41.21620187305177,40.5280205043563,41.63227978062854,47.37336167331442,45.452350142939515,25.353951058316,24.743242242573626,0.33409111336958397,0.42111973038784484,29.545971555661044,NORMAL
2026-09-23T10:37:07.808250,45.733542319065606,38.38232033890913,37.04702780209611,37.92975267141382,46.900922392296856,45.25433513350473,25.0114102966709,25.14600921501762,0.4807381463176191,0.3118668579769459,30.748036661194558,NORMAL
2026-09-23T10:37:07.818250,45.23992719543302,44.642822674507514,40.006251707735025,37.06521578248474,42.38287948806165,44.98653627936439,24.70535098100852,24.900829015763193,0.32473753171344305,0.34037772560289226,30.34665836269955,NORMAL
2026-09-23T10:37:07.828250,40.72199422614421,38.7237523570191,37.53048377931455,39.75347730057419,43.21625324250226,43.51773535497072,25.04424004888072,24.874248840960735,0.39943244392041716,0.3556366501429321,29.498405476996552,NORMAL
2026-09-23T10:37:07.838250,36.48878426738784,37.5007120718667,35.03237190216738,38.0027910160461,47.390969142969915,42.972901808709246,25.07523297529161,24.52877802899237,0.4143555782510876,0.48478881427676945,29.912758919933207,NORMAL
2026-09-23T10:37:07.848250,39.525798074270554,37.50237585896424,38.65725870377659,36.64673042227571,46.14016276169317,39.96304891763615,24.171941303338333,25.239976354224467,0.3353148465174991,0.43030672940054654,31.03742793568963,NORMAL
2026-09-23T10:37:07.858250,40.221561200669136,41.62491427579124,41.48039519351115,37.837924677425356,48.79536181047646,42.01432788288524,24.53114529593041,25.048772090925443,0.4112563481492055,0.4567182022983266,30.886414597207253,NORMAL
2026-09-23T10:37:07.868250,43.10857133302552,42.968551293761706,38.45219785487083,40.980264524954926,42.44387905358353,39.7562037446127,25.104278533473252,26.34457836279772,0.4403840133210921,0.36499920297614186,31.393911062628085,NORMAL
2026-09-23T10:37:07.878250,36.40653696567861,40.24430616872178,38.99355585013438,37.31690731092648,42.217440129171734,42.490003002346505,24.72874916030207,24.607926205810198,0.34578894225195733,0.32199714968087556,29.03358843267992,NORMAL
2026-09-23T10:37:07.888250,41.69534757187361,44.01911364130905,36.34150933654192,35.97076644662548,48.81634008774904,39.5702278092794,25.047296141082555,24.531810559647823,0.3640538450605001,0.4193282524299659,30.46115742410504,NORMAL
2026-09-23T10:37:07.898250,45.81303546037776,43.00628466323172,38.38508031391777,40.56143046753346,40.90927274621364,46.631558859855,25.266332935843096,25.244896082536922,0.42992538819798987,0.32601441395233455,28.866068736011485,NORMAL
2026-09-23T10:37:07.908250,42.396850737192494,41.434810453094784,39.43759691396685,39.266443191593766,43.44646257420295,46.773355069400154,25.17478515950877,25.373330082548172,0.45976036513182594,0.4631980318691154,30.317689278433132,NORMAL
2026-09-23T10:37:07.918250,44.17733448581408,41.79801188855899,40.68130829818433,44.70156049457973,40.865316664835824,40.74179655591124,25.791842147275684,25.093065088827636,0.37850484596349887,0.3652937053555766,30.93742952826969,NORMAL
2026-09-23T10:37:07.928250,43.68108476622397,47.02324108442695,37.772010098553395,41.25394661181691,48.96166948218444,38.69825100410455,24.473304547264966,25.135711616273458,0.3713716885589391,0.3789258573669193,29.339077941154102,NORMAL
2026-09-23T10:37:07.938250,41.556232964208604,38.287925225439174,34.800640663024865,39.962943403654,44.374471558299064,45.93661179787215,25.260974499346933,25.21197662210133,0.4376445476212438,0.354257127718295,29.501546755400422,NORMAL
2026-09-23T10:37:07.948250,42.82459082275057,43.804630569936066,39.61638721868971,38.470055758093466,43.441135407841195,43.749586178994385,24.421807843985334,25.424280718575538,0.4386145707160512,0.4464520907013099,30.993434408000873,NORMAL
2026-09-23T10:37:07.958250,44.993661058035045,35.34782857613527,38.56318744566405,35.4253407861449,41.14190839284645,42.60158041896479,25.591523801455534,25.165576960726785,0.41157174577067207,0.4892811424717023,30.241022483652102,NORMAL
2026-09-23T10:37:07.968250,39.15083310429263,36.818370438341105,35.81767355419836,39.27974465709387,39.378057485923634,44.314723164276344,25.15444705651641,24.63999162125065,0.40520650061073465,0.4258242189444402,29.368061122174257,NORMAL
2026-09-23T10:37:07.978250,44.19841107466311,38.8498515384387,39.46879289007451,42.644096949867354,44.96615049055661,39.179593696531164,25.04435604237221,25.04052861604781,0.35693940999501755,0.3370253285174543,29.61837354777475,NORMAL
2026-09-23T10:37:07.988250,44.605066297366406,43.45365796209902,40.99972127597309,38.88787421436015,49.89384590945696,40.46154371719738,25.220406934433342,24.87919864843016,0.4745702008879126,0.4016126081067159,28.9679155857461,NORMAL
2026-09-23T10:37:07.998250,42.72552952751974,37.63400697959914,35.81938037700523,41.31590603789495,43.93906449485764,45.56677490625241,24.563175656422832,25.648392995288496,0.3912339251391496,0.30213158594078554,29.10428959138266,NORMAL
2026-09-23T10:37:08.008250,37.80763427980169,36.60855389443704,39.27623726902365,39.914145628212346,45.77243166221107,40.788146316315974,25.26585435769642,24.26596291838613,0.3758555301577018,0.3920620485787831,29.429684050595203,NORMAL
2026-09-23T10:37:08.018250,42.30138023940491,40.931778573010085,39.17779349349456,39.75880018993205,46.86584440619861,41.55927234279139,25.32575792515427,25.138739020106165,0.4121544664683358,0.40668592683136234,27.843520816492884,NORMAL
2026-09-23T10:37:08.028250,47.75245015749073,38.25405054654801,36.00888184447902,38.19425356953053,40.06999121712637,48.23765214458845,24.690149690878094,24.658092341685688,0.35851609608983837,0.42185195979626144,31.395840761874247,NORMAL
2026-09-23T10:37:08.038250,42.81825082146739,38.67742998938549,41.30695174811247,39.70891078164036,41.832745427711195,42.783950189158105,25.065669243894064,25.118537975602937,0.40008084505466085,0.4011958384935143,31.86280675536746,NORMAL
2026-09-23T10:37:08.048250,50.50112537544436,41.51904374485394,35.70696898986083,36.37442355262746,46.439392312356375,38.12780872087512,24.909097244922084,25.197472196078785,0.4090836173213178,0.3797671287012115,31.83777064232953,NORMAL
2026-09-23T10:37:08.058250,44.3887624776817,39.58747160128592,39.958146463262324,38.540128068422064,42.451223404950085,41.77725251339881,25.59126033295134,24.720474425811386,0.3964347369407575,0.4510022406908836,30.30411034895511,NORMAL
2026-09-23T10:37:08.068250,42.72122392295905,39.00407184863022,43.82713149385719,41.04573974118601,36.89435005737368,46.91255253940922,24.35696549426918,24.313982248995455,0.36510324781867765,0.4628928450556376,29.727581250424755,NORMAL
2026-09-23T10:37:08.078250,42.63186388732204,35.98997710520284,40.688745793304484,38.33190984417481,40.13213117686482,43.974458673873755,25.24493603693116,25.04251144819189,0.46457113935766015,0.42918149364543995,31.502220180564237,NORMAL
2026-09-23T10:37:08.088250,41.83563763277567,41.328669691919565,40.160446702400606,41.896622735261865,43.000690815992314,48.65751384619181,25.05767716034083,25.002418679377254,0.42209202638881305,0.35721428352563056,28.35399677211238,NORMAL
2026-09-23T10:37:08.098250,48.167294127350814,44.19277715136004,35.6901218934854,39.34274256086086,45.870578288237894,41.5361162057486,25.71656146918368,24.752743658454296,0.4496199081366871,0.36847851490172695,30.507172739177875,NORMAL
2026-09-23T10:37:08.108250,46.64958150172067,42.423284721702004,36.77979578348517,39.55416640002771,46.17456768765213,41.71584137217547,24.80253747003748,25.881004148550236,0.4698479209906808,0.36683690007249137,28.681687977485932,NORMAL
2026-09-23T10:37:08.118250,38.14973470616306,37.655644198102166,37.29010889092311,38.81070623502462,39.84872887008784,43.46379468316641,23.54839531394623,25.069915113800178,0.4803912110701999,0.3392445256021072,27.120321458478944,NORMAL
2026-09-23T10:37:08.128250,42.49964759175949,43.10202282030659,36.97895747638044,39.57183374675711,47.87321351387951,48.06810505275344,25.299007889003757,24.38199969395519,0.40847079540959,0.34998563939904476,29.98444206242101,NORMAL
2026-09-23T10:37:08.138250,41.27582062767086,39.28713599614861,41.82789384471244,38.43082609295212,39.55713744089915,44.13863300914057,25.343054052523957,25.02552458018585,0.36125693931831315,0.3783800937905529,29.411185442262674,NORMAL
2026-09-23T10:37:08.148250,40.485968527078995,38.894648681487965,37.44739924083278,35.610495828685025,44.74032187286025,40.652919663813186,25.4385467831786,25.190625601422518,0.4752886051472583,0.3317858260134192,31.411205104097462,NORMAL
2026-09-23T10:37:08.158250,41.65028998654513,42.85671441078336,40.22438214820182,41.40296375154311,44.18476985756246,44.36372445467371,24.95415708981834,25.363819576290883,0.3554112622426446,0.4202275208616806,31.539396926446337,NORMAL
2026-09-23T10:37:08.168250,48.019357938539336,44.20427151066482,41.65338959223368,40.30901868336756,47.16143855459181,48.83511839816893,24.972873069079185,24.20612790950615,0.39148440677749147,0.40929902363660386,29.176071109063415,NORMAL
2026-09-23T10:37:08.178250,38.40642986000145,39.52104957170876,34.92497956452436,41.281656866724035,49.114030950447884,45.026140353434485,24.30270521838852,25.103537236588497,0.3570858441416665,0.413986946345527,29.17685939602663,NORMAL
2026-09-23T10:37:08.188250,44.94854729604177,43.106972488923795,37.19850013702329,40.26116787752696,44.18959647363317,48.182286889748426,24.04921421379317,25.20644644366313,0.462150328457304,0.38166047403885783,29.500909989416716,NORMAL
2026-09-23T10:37:08.198250,42.531902286681444,38.24079495762784,36.658538828676335,36.43952905729446,43.4674158286852,36.724073127337896,24.69861278953177,25.27922874571714,0.3810729272567095,0.37940514298194217,30.898965960130646,NORMAL
2026-09-23T10:37:08.208250,46.73338376933659,38.788313485151605,41.01236342750758,34.62377412032067,41.46252387494406,44.60738608238122,25.12883756115304,25.05955476465046,0.44324283902965556,0.389864006939725,30.762504526010773,NORMAL
2026-09-23T10:37:08.218250,40.53305909711246,39.1175337360488,33.31274088504881,40.69089835906059,41.396546348434704,46.022593459059514,25.50484284219464,24.888904924731204,0.40436257435731204,0.4098908274337698,29.79495724024115,NORMAL
2026-09-23T10:37:08.228250,37.62420442502785,45.33723369273783,36.58044932671238,40.323674456019795,44.87407698932191,43.86898076689732,25.10946803173158,25.456041478325897,0.3564634917465421,0.4496036132778769,30.165862331705224,NORMAL
2026-09-23T10:37:08.238250,42.11768573259747,39.7547120197677,37.88648495788398,40.447897354452444,40.484148505164534,37.838263089232605,24.862614172266994,25.351046325026747,0.3850477972482658,0.46855916743219106,31.296025374201708,NORMAL
2026-09-23T10:37:08.248250,46.207534691014175,45.35687120802085,38.65887643420094,40.41736476098415,41.95371387526399,34.943482951243375,25.202695778872613,24.61413158117361,0.3899414741926388,0.2757295774520209,30.89753851774744,NORMAL
2026-09-23T10:37:08.258250,41.394752425222535,39.22775279348868,35.11269379125094,36.968484372955345,41.45930101986337,40.08688433311315,24.29348306034242,24.89509691832631,0.38309305064497284,0.44296899634707243,28.24849713221469,NORMAL
2026-09-23T10:37:08.268250,40.66254455238127,38.325946484051045,38.85228489622504,38.86904330212378,46.5470696359815,48.51454171923589,25.00053328336809,25.264997818516683,0.3625185788179185,0.39365848975521045,30.02485720438383,NORMAL
2026-09-23T10:37:08.278250,48.4165827094284,37.58131856410907,37.664862235210656,39.048627629012024,41.73701023601986,44.057331652134295,25.007086833415595,25.05976501600861,0.36389121385442624,0.4367294393024731,29.069547735706227,NORMAL
2026-09-23T10:37:08.288250,40.883561287247076,43.5420695581355,41.49471552174235,37.124423452081665,45.86853535461794,42.743997242573535,25.521993623422258,25.055730597614556,0.48485267194587234,0.47663058916725304,29.02675895817122,NORMAL
2026-09-23T10:37:08.298250,41.01963974819618,38.74849611580274,37.797962020976705,34.45685273232282,38.97894771912331,46.05940561345074,25.170369981433957,25.376741694792226,0.3547659532743773,0.34744513419644946,29.806434941478084,NORMAL
2026-09-23T10:37:08.308250,46.14852054942412,41.226222915035365,38.457476775403,41.944440748022274,45.13902437124163,43.545906450232934,25.213697783097558,24.90465685949814,0.4786693467244591,0.3947819514806419,29.27947819893698,NORMAL
2026-09-23T10:37:08.318250,44.044813979520285,43.84002119154557,36.82061570505072,40.809957050280886,47.229611497673325,32.94482515764316,24.13766235225277,25.20025331809115,0.3534721131979873,0.4843215958307292,30.32406145816158,NORMAL
2026-09-23T10:37:08.328250,41.69518410282078,41.18529540079772,37.05030757875853,37.39528203760419,44.36549939467186,46.008761780077464,24.226464194829315,25.120392547194175,0.3775193227637186,0.404304343312549,29.24821008913571,NORMAL
2026-09-23T10:37:08.338250,42.431523991479416,37.78348859800736,37.94927391749116,38.34924296159559,39.00422784333655,44.25480778485902,23.594071356309676,24.812157233892396,0.32547064141058907,0.4128504208680215,29.663950465916017,NORMAL
2026-09-23T10:37:08.348250,44.45088323502657,40.393679824111594,37.467576038029385,41.80149936524154,42.605539862916096,42.910926249967666,25.71312965584734,25.33095280199719,0.49914425266891127,0.4229531105807343,29.47035722082575,NORMAL
2026-09-23T10:37:08.358250,45.22215076157637,43.76701317170352,37.31719769763179,40.350262994821165,43.752740025192274,44.494221262904944,25.01630556086145,24.935045310461536,0.4844387489113378,0.4228111716928124,28.669475656515083,NORMAL
2026-09-23T10:37:08.368250,42.62524606491916,40.10251093121338,38.782544329028134,39.5998194354596,45.098748643983505,37.904785880547,24.21604516390879,25.70029541613081,0.398667978717348,0.46690503641947434,30.52760582259425,NORMAL
2026-09-23T10:37:08.378250,40.40070487131814,35.93442664142506,39.27986942319997,40.29324735759817,49.25354043911937,42.392447169565514,25.03806583931329,24.095965825017483,0.3696566156898678,0.4122972390031945,29.649203577060263,NORMAL
2026-09-23T10:37:08.388250,39.37813440858485,45.253259432168534,42.00670084172636,36.32962750407696,44.296772972306435,41.71451831377036,25.742409469900405,25.118727161437622,0.42986409793475916,0.3532482534586367,31.327498245778642,NORMAL
2026-09-23T10:37:08.398250,41.10314274924222,46.58876896901503,40.731139012241684,37.372601775940495,45.580757080997884,43.730264004684905,24.88935035601236,25.374936473237796,0.39872638951930595,0.40140654042606894,29.36845847868328,NORMAL
2026-09-23T10:37:08.408250,39.76677447584367,41.2298283388864,38.44669322982603,41.68968624233313,39.936289370529835,43.33745484196015,25.796940974925977,24.660982220884303,0.3478273626278479,0.3536710219025516,30.791465939019538,NORMAL
2026-09-23T10:37:08.418250,38.201510197300884,41.05849788973542,36.32702478202427,37.56131261594918,43.08111417648586,41.876324350612904,24.816218936778768,24.973018239565466,0.41344746960526235,0.37732449016734576,30.470606290177994,NORMAL
2026-09-23T10:37:08.428250,40.561184363907905,39.63771925142686,38.10464696796733,34.70942537092707,41.537095187118425,40.99603166990459,24.488596926123634,24.884215703504317,0.363338056488159,0.35443952804852763,31.01600723494366,NORMAL
2026-09-23T10:37:08.438250,48.24738716438444,43.98180865544702,38.74527225532901,41.809959483905025,44.94254731099301,42.21793325531387,25.055757005358736,24.832067163511535,0.2897591557502439,0.3579314196939386,29.17099328998204,NORMAL
2026-09-23T10:37:08.448250,43.45078558712091,39.55692609326038,33.50062172619659,38.92854311083469,44.86005459663827,45.307900861073335,25.18214969093026,26.195295381152288,0.35663002117718756,0.46585848926513657,30.921022763452658,NORMAL
2026-09-23T10:37:08.458250,40.09387145314983,40.615727051664614,36.13466779630834,38.690221893133184,42.67081827205514,41.66537778691683,24.997378357855528,24.482097841520265,0.4562269434952751,0.4439057687740186,29.304723511825614,NORMAL
2026-09-23T10:37:08.468250,44.58806288118104,37.84579794803236,33.53995982759954,39.78723663269919,45.63963280200107,40.78196466331299,25.263095563517098,25.980242329981373,0.5506188466627723,0.3563528722513737,30.326651103615458,NORMAL
2026-09-23T10:37:08.478250,38.31429495600722,49.494455822739894,36.9104109115849,41.14997739944327,44.28337629587352,39.828814305980735,24.89658219056401,24.323184654085928,0.36800280669454977,0.38659422048568165,30.224945261080528,NORMAL
2026-09-23T10:37:08.488250,35.1848115607566,40.803176255386326,44.38249055393014,36.620666281396936,44.977557843592166,41.730538000606806,23.588891387102322,24.502291616102113,0.36582590428892275,0.44234938289128367,29.964920123631916,NORMAL
2026-09-23T10:37:08.498250,41.339079724525426,43.01967346632713,38.32284463733133,38.58765886983881,46.004655183083074,38.87127705042732,24.896879355524245,25.62666323320519,0.2929935209093337,0.3604673899845118,30.156315297970153,NORMAL
2026-09-23T10:37:08.508250,42.68737998250453,39.991019652645846,39.07480120542118,36.783625439748086,46.938349915924285,43.58408703202868,25.90759239885133,25.423298303778232,0.4275795685051535,0.4708049495979761,29.196767630814684,NORMAL
2026-09-23T10:37:08.518250,41.12031859241561,35.749429710768176,40.17621806504986,43.135416257530146,42.54353784382824,39.348564367025766,25.562418474388647,24.631346934954834,0.374778766077862,0.47697528943210366,29.641261002634437,NORMAL
2026-09-23T10:37:08.528250,41.44066066538548,45.83555574549036,39.477201554947825,36.33992033737526,48.515895602241706,37.775934450235304,25.50374381816069,25.245091095160777,0.373830192047097,0.3610550853892265,28.887597050175277,NORMAL
2026-09-23T10:37:08.538250,47.18700033648058,41.37329908270266,36.42344543637275,40.43479037530445,47.613833383488576,43.95654429053394,25.34849180436,25.477005712009593,0.40293754921857533,0.4158295258684491,29.884624728970156,NORMAL
2026-09-23T10:37:08.548250,39.02295519756555,37.198950393689756,39.126550114724694,37.228993464839974,43.9368300939807,42.25684859744076,25.48514202291776,25.139981671833684,0.41532353295619495,0.38567420983598705,29.86199460519183,NORMAL
2026-09-23T10:37:08.558250,40.98029219687691,41.748806892246044,33.68976246428173,38.950624184938114,45.10267012282304,44.17978531448259,24.46125426021569,24.789446613635867,0.3809612517076693,0.37300141317819324,28.783134400523554,NORMAL
2026-09-23T10:37:08.568250,38.74070325123686,41.02728348102417,38.963707832970094,39.36998268542699,41.38555119445467,44.154950406674324,24.900603819560075,24.75223588623424,0.35373574497007587,0.3745322182819157,30.716976034950278,NORMAL
2026-09-23T10:37:08.578250,41.44808183210882,40.630581943705394,35.497431697392045,45.976054220468846,37.2051512094805,36.916257208467385,24.73757990250911,25.099706906283945,0.488676630572438,0.4256889755059481,30.30082237440517,NORMAL
2026-09-23T10:37:08.588250,44.758928990906945,41.285235197574785,33.11226078282885,39.63710260206846,44.65189962937307,49.508973000853715,24.63951929750545,25.628687820626407,0.33199095075179713,0.47663912133477115,30.132591235664375,NORMAL
2026-09-23T10:37:08.598250,44.51095980132348,43.111436014092945,39.694520176501854,39.243861720689274,42.0320559926174,42.52092317910187,24.617284149643734,24.943651166411385,0.3195569260430461,0.4086118251436321,30.97728362165381,NORMAL
2026-09-23T10:37:08.608250,45.605721761513365,44.941448698096046,38.381188357346474,38.61461822855611,43.23427504081461,44.17707805816041,25.35855340846591,25.169070707066762,0.33272917949619973,0.4689026474315714,30.47748156544728,NORMAL
2026-09-23T10:37:08.618250,44.97205872868732,41.15577476297397,37.347516270519584,43.843868286932405,40.790501420842446,37.935582510371844,25.997898372993212,25.120196990905267,0.37858152775129045,0.3707482124659786,27.993919605331058,NORMAL
2026-09-23T10:37:08.628250,47.60181279095637,43.116890698997956,39.27497695139432,41.061681724078966,41.25600474599368,44.37518289303403,25.542856798844085,23.89753816667628,0.42979820313061706,0.4373538078586416,30.101484623878896,NORMAL
2026-09-23T10:37:08.638250,39.34329966213912,40.503314458856835,36.85453463821909,39.90710582248824,42.4037215255923,45.2932604082227,24.74083139588267,24.740078076184435,0.45842667627525213,0.39196322815234713,30.531615610178452,NORMAL
2026-09-23T10:37:08.648250,38.10776878408189,45.56263209158284,34.36956793159824,39.242333709661175,43.32635885144042,40.71082664648311,24.862805356111217,25.617561025755094,0.4869472997557857,0.3881678893061226,29.64253452318387,NORMAL
2026-09-23T10:37:08.658250,36.36619432818834,46.145351808620006,35.3348161760609,36.72521214764903,44.314431703089156,45.20216788926399,25.76163053136806,26.08730487503156,0.43769179949287773,0.37599206052622414,29.343197408840457,NORMAL
2026-09-23T10:37:08.668250,41.46449878339609,43.41334253877721,40.38722728877941,40.5423171516337,38.31665106573524,41.30150322226257,25.72834422559499,24.733456595319705,0.39598319660555,0.5363399404015157,29.926066782915836,NORMAL
2026-09-23T10:37:08.678250,46.2702981802133,46.5161334674627,39.89543792753719,37.912730454953945,37.15991933561641,40.423189531141745,25.32165736437145,25.29598042998139,0.4586135353453541,0.3447068923043123,30.199447403385093,NORMAL
2026-09-23T10:37:08.688250,35.84967267952891,38.35157427759248,39.32325894728898,33.54438914984696,46.45011778542203,48.49193076574572,24.281956316384136,24.870564732702544,0.48592362559604346,0.4250317995483935,30.397336052309498,NORMAL
2026-09-23T10:37:08.698250,42.3225236866189,36.884587057914054,37.6579102916426,42.21666568096174,44.260926819196264,45.16508098589095,24.81912712231661,24.564280131499693,0.3784391108099561,0.34734835510905976,28.63769161213315,NORMAL
2026-09-23T10:37:08.708250,41.94030288727946,40.31367200901574,35.64901396441726,40.74017298782377,41.20523980301446,44.276762965702574,25.249189893480533,25.83297944289805,0.4171026109466262,0.43947951622435066,30.07470964180016,NORMAL
2026-09-23T10:37:08.718250,37.778439768217176,43.56716788377902,42.19846992435978,38.68929879135025,50.28132994756051,45.77158533614645,26.000490305465185,24.909405123068115,0.35576645862891904,0.40279887179121077,29.2737622027753,NORMAL
2026-09-23T10:37:08.728250,42.59536750752004,40.27509049991835,38.41127966602904,38.77488649044959,41.07723810629433,41.4117815458572,25.63456253439138,24.9682484093715,0.33295868493860514,0.2991598801309173,29.677574624881043,NORMAL
2026-09-23T10:37:08.738250,42.83639806833507,37.45934457815205,33.53168938869479,40.402043596662885,53.582339107708165,45.615990752354136,24.501694818002274,24.941172008567925,0.39405764474539834,0.3364112146539439,28.595852244733056,NORMAL
2026-09-23T10:37:08.748250,41.57169920765822,43.37049029364516,38.632194981923405,37.2917548625181,45.52825788580687,44.56377577120706,24.50866063380776,24.39108656359331,0.4322588340520271,0.4568109338818581,30.40541176527075,NORMAL
2026-09-23T10:37:08.758250,45.53769223260095,45.400986747390185,34.17913112006816,40.19655936070929,47.9478877837433,46.400729892801,25.7136099984379,24.706210402738336,0.43408648720323917,0.4388140445580551,29.4018290526964,NORMAL
2026-09-23T10:37:08.768250,42.57204966111371,37.00484975695969,35.87789836474338,39.81892415945431,47.154246967039164,42.99762028658746,25.767052202103176,25.74466209679064,0.3508584546042789,0.3949311565167405,29.496551118608163,NORMAL
2026-09-23T10:37:08.778250,44.46975640596373,43.154458616656,36.015731470828705,41.3102163316805,40.03801016961262,46.53354657150418,23.780413912504116,24.91044085393956,0.36460399367663926,0.4337964402703503,30.252550070228693,NORMAL
2026-09-23T10:37:08.788250,35.42540665276397,36.9637850889379,36.53212740563666,41.959443133021864,48.893788860263456,45.04601976354524,25.711474949656832,24.623446148719573,0.4208302917723595,0.4063490669226218,28.92019011175955,NORMAL
2026-09-23T10:37:08.798250,40.94882379887775,39.92945507944539,39.140216773289936,40.238481974757775,42.354685555069246,41.404369602798624,24.049687080878332,25.252657026200946,0.39482944713242457,0.39855047667026827,30.545804978064997,NORMAL
2026-09-23T10:37:08.808250,40.5138788559353,38.108506928633126,36.49488793329476,38.140842838582856,44.65291065497182,41.18247743523903,24.779618369919017,24.335204986171224,0.3796206344908886,0.312647103258233,29.33923148197927,NORMAL
2026-09-23T10:37:08.818250,43.619893026501096,41.514195428809366,37.60951743554932,38.43859425696295,46.70083965550468,39.46470531773084,25.221121362602368,24.641767015287495,0.4139119863356594,0.39239555297039835,29.456773400778935,NORMAL
2026-09-23T10:37:08.828250,42.936937418026794,39.06134546187954,34.967658228253335,37.79245107777142,40.23589607679478,43.43550117540934,24.6960494213512,24.36806191469076,0.41821412854331474,0.420090506048419,29.815466053238236,NORMAL
2026-09-23T10:37:08.838250,41.12316588175607,43.73988557803331,37.322080772204,39.64516401072644,40.59502207199357,44.672757311807246,24.928530570306243,25.259118748620622,0.38634387677780285,0.3623513615600742,28.797989194061444,NORMAL
2026-09-23T10:37:08.848250,41.38108406559663,39.62180560107047,34.756997640073784,42.12724297561341,47.07688416177865,36.89612131601073,23.93050952623682,24.240197499374943,0.407826767796038,0.53398542278168,28.818163778046014,NORMAL
2026-09-23T10:37:08.858250,41.04829173443783,44.99874456490826,36.761687496378606,41.78969312395188,46.8023984849197,42.91236000101622,25.441031291466988,25.467957518239572,0.32985570752037574,0.3912704163872564,29.3708764508562,NORMAL
2026-09-23T10:37:08.868250,42.08895320762042,37.358865421963095,35.50885023670449,39.139438439657944,43.978068412743596,47.1567487612922,25.10521083616772,25.71617507005595,0.4655179569645469,0.4568923459353156,26.465173722620836,NORMAL
2026-09-23T10:37:08.878250,39.681023055643806,42.39036437006023,34.69203840377418,37.68028513315317,46.00573579783362,43.142612400457146,24.825562935250293,25.866233966287385,0.3788943568691665,0.45556649660509385,29.950318790551492,NORMAL
2026-09-23T10:37:08.888250,42.29747006810681,39.924401746240854,35.898489483854895,38.44596835291287,39.902963571584735,44.83340094338156,25.056535594924384,24.77995472532633,0.439721184335212,0.34788857587643746,28.03238145419144,NORMAL
2026-09-23T10:37:08.898250,43.26429278598934,36.867671440660445,34.51174100660848,39.40740704464622,46.89891631627273,40.664292284325775,24.55389874348727,25.753131276166272,0.32937540154102946,0.44239678964228185,30.429853705250675,NORMAL
2026-09-23T10:37:08.908250,39.82277379711755,40.59079024842721,35.85009342645363,37.33471858159379,43.54163047894919,40.879255415981945,24.176212113455193,25.35617859069878,0.36978382091054207,0.4398302771304776,29.846032441067777,NORMAL
2026-09-23T10:37:08.918250,50.43836445144906,42.67426047853289,34.63412988956956,35.569611506693825,41.31086591512646,41.71427151434379,24.17370604454766,24.436993819303055,0.40075633963257373,0.3218473212600047,29.90004273617419,NORMAL
2026-09-23T10:37:08.928250,42.69898665576862,37.98536378840974,39.50989526118535,39.212660492531214,47.28000611226268,44.994129845462155,24.893686703158995,24.921237006904402,0.42309077667490663,0.4188879858027972,28.307201749514423,NORMAL
2026-09-23T10:37:08.938250,44.77961824641643,39.31709296800461,40.83508406890792,39.447842251294674,42.051235595300156,42.999335023234636,25.720238781228545,24.625214980457375,0.31452075408071684,0.38721578877641216,31.25938467758312,NORMAL
2026-09-23T10:37:08.948250,46.76448915164696,44.09820767987115,32.699370462219754,38.40718337135656,42.56578914613857,42.47064635774878,24.452528677721432,24.862485584505908,0.3407950225891894,0.5160048563155321,30.059925351086008,NORMAL
2026-09-23T10:37:08.958250,40.44745819596545,37.28145102219046,40.394713415821855,40.45871889872881,47.485937227927415,44.03988655437156,24.76575620990902,24.6360458708867,0.36178159835382423,0.3797459980555688,30.685302866247508,NORMAL
2026-09-23T10:37:08.968250,40.345163604976314,41.85279502857258,39.88234609037318,37.86481561424633,46.9354695050134,44.260835788182135,25.191576420583356,24.987026561616943,0.40867112405227224,0.3569794783005005,29.161527073473,NORMAL
2026-09-23T10:37:08.978250,42.75076950364083,43.68314177263218,37.42380372721049,40.25536162469611,43.307359345234524,40.65155360482597,25.006249398879067,25.192132633011138,0.36556202671618276,0.37030053051949224,29.50483232850803,NORMAL
2026-09-23T10:37:08.988250,42.54911669825942,36.57495849527392,38.685787121903886,39.65397438547998,44.61608321228076,41.313454722216754,25.139977301453307,24.44835629879465,0.36193940566653415,0.439952006362404,28.671371026079104,NORMAL
2026-09-23T10:37:08.998250,40.06643389812378,39.26672263445439,39.623987082078145,35.39976843242579,42.23305335975262,39.743887484332625,25.82805228314848,24.861810097546627,0.37403243228291955,0.40568543111758437,30.864011375022603,NORMAL
2026-09-23T10:37:09.008250,35.78110582235975,37.75721897669461,38.5458975871634,37.425461827618555,39.67274466196776,40.87315716231423,25.07830742971179,25.162841346479514,0.4980035616261268,0.31804066454106855,28.51892524937383,NORMAL
2026-09-23T10:37:09.018250,38.376571716715034,43.918761733627356,35.76015609001676,35.20280226560321,46.437069153738214,40.77974601204721,25.557652007011786,25.1073372663757,0.3669074866647813,0.4446914596783537,30.815883077600727,NORMAL
2026-09-23T10:37:09.028250,46.50586267979257,39.75911642383082,37.20370277347009,42.68023505055274,47.33463074289283,43.77149907841722,24.574991390047607,24.47637168979852,0.328448691182243,0.3504616386831201,29.793227209728506,NORMAL
2026-09-23T10:37:09.038250,38.424575332606054,43.16202183860051,31.553577446338064,36.99689583360039,41.959428767942676,44.826152957643465,25.261334152153207,24.384623617428783,0.4114365594092984,0.3477794677569267,30.291442886897016,NORMAL
2026-09-23T10:37:09.048250,38.340617023267704,41.38423935957441,41.67137614058836,44.10048995618398,47.260129578864166,39.90526784852737,24.740497501121897,24.533400284345056,0.3694913048193811,0.31260904330293493,29.36965821656268,NORMAL
2026-09-23T10:37:09.058250,45.35335181044623,47.70310340518962,39.08669148920739,39.50808974246506,46.01897191341728,38.258337622159864,24.577123753475426,25.402587527985027,0.38834733014140715,0.38159624661905933,30.85421200007973,NORMAL
2026-09-23T10:37:09.068250,36.27975350230786,44.50170820084007,35.96977110244021,40.40833942089485,44.00195744379155,45.18539933559623,25.496168539499624,24.494026780685495,0.44186703099585034,0.425322757666352,31.42543825101445,NORMAL
2026-09-23T10:37:09.078250,40.41563359033179,44.56269822284011,39.82164335339897,37.89475346828981,47.00340543477567,41.883042761292586,25.456597618114685,24.94982433041596,0.40540588286202917,0.4033968214132212,31.013987961395358,NORMAL
2026-09-23T10:37:09.088250,41.73984243310845,42.74210480766446,39.499143348013554,36.85189880509153,46.77199411167528,47.4187914285815,25.25539586514671,25.20288202369566,0.35740978382524147,0.4644655230830329,28.46613766642804,NORMAL
2026-09-23T10:37:09.098250,42.4324046896337,45.64955328237954,36.27749334683214,40.34884198454833,41.82106392757389,44.97544330365185,24.29247749718753,24.793872943256464,0.36811121331137653,0.405077101432945,28.298787976696126,NORMAL
2026-09-23T10:37:09.108250,46.52259056241836,41.93019691979437,36.77790361751098,42.7225320852804,43.92859209080927,43.76948607422609,25.144143918816056,25.795410019260444,0.40787588917928663,0.3466142843924787,30.08942424944727,NORMAL
2026-09-23T10:37:09.118250,43.25949760133263,40.922488141463994,36.375909430353765,36.97950122726331,38.909164126404264,44.44341047473648,24.58275181893783,24.67873800054836,0.4254759462567621,0.45396071628842055,28.964415861992382,NORMAL
2026-09-23T10:37:09.128250,40.94612460261682,39.81816776727348,39.26462574715588,36.39999691393748,41.59324840040719,44.260117218557944,24.698376730727063,24.48570856856511,0.3994413340149119,0.3541834110635117,29.726483857397263,NORMAL
2026-09-23T10:37:09.138250,45.85139296529981,40.4699621300563,37.657302726366225,37.82366931873026,39.43631209603953,43.53192387461245,25.508457700335057,25.63129863273402,0.5426710542776686,0.3852273763369375,30.20175438102168,NORMAL
2026-09-23T10:37:09.148250,38.69995333758403,46.55595490974234,40.478867344167426,41.40188921575543,45.789916091562084,42.6019197371449,23.731063163268786,25.625032566788335,0.4333869370917569,0.4128825215320709,29.173560441331173,NORMAL
2026-09-23T10:37:09.158250,44.602558973408456,41.89606879821546,38.50139480638706,36.232703289759925,40.634033422817566,42.73162141694953,24.946932545678397,24.47997677393718,0.48672945083936425,0.37806900327500864,29.934594461452114,NORMAL
2026-09-23T10:37:09.168250,42.780304155540286,45.41637868902479,36.06215229256577,38.53572805038085,40.17645156510544,46.14662125028281,25.21306257266397,25.079247705174495,0.4142196157000589,0.4907986328194795,29.8899273035996,NORMAL
2026-09-23T10:37:09.178250,40.24835856640934,39.26332833930085,40.577420083610306,40.47035268028492,45.44052556362954,41.0546826965028,25.27324569479063,25.300440064161325,0.40530264966318985,0.3934116696170068,30.47348316293011,NORMAL
2026-09-23T10:37:09.188250,43.19858005431422,39.560289578579706,37.21975831854892,34.7120046867001,45.79237491823984,42.67078399371725,25.774770213242046,24.10783344465529,0.40847954566761235,0.4296493447721211,29.301396827317237,NORMAL
2026-09-23T10:37:09.198250,43.4489565933259,41.84957190235779,39.323780661557656,38.41666932846193,34.46968962763746,43.24267254702753,25.04704345982336,24.63440898950934,0.33373524402590937,0.4261470099227021,30.396436569536313,NORMAL
2026-09-23T10:37:09.208250,46.73779026139457,38.580490878160894,40.963798878795316,39.04276693451626,42.51116845565529,44.49764605886321,25.43825097216295,24.737393856736787,0.4785203767536401,0.4009405710796708,28.766935883517014,NORMAL
2026-09-23T10:37:09.218250,38.58398919401485,44.21590320444159,36.61767758158913,39.22259393551579,44.31786130250123,42.66269360132209,25.48968285310226,24.75904732560443,0.3445155123958545,0.2849296145068636,29.881522677828432,NORMAL
2026-09-23T10:37:09.228250,41.20781667512143,44.71477194868639,36.23974079301727,41.55804044022391,43.13288804674252,48.162057790417705,24.51314474983018,24.79942404834326,0.43393139863536817,0.459421796258752,30.843942137308364,NORMAL
2026-09-23T10:37:09.238250,37.994642934597664,44.26490248745766,37.976750250738434,34.92968854676033,42.32356225307049,41.95485461519144,24.60039326928598,25.65295870524508,0.4268440688911802,0.4569690916673447,29.119795546789234,NORMAL
2026-09-23T10:37:09.248250,36.98979368621239,42.35649931933804,38.08511760280414,41.15808603116655,45.98045197632632,43.46764135203178,25.40058982720996,25.038336530177695,0.4102582815311078,0.49892318170551553,31.28968820924526,NORMAL
2026-09-23T10:37:09.258250,38.8441972699419,36.254091960377984,41.39322074082148,37.908989583995606,43.605059506123204,41.53557025075503,25.163550322869384,24.793048252866573,0.34048263653055355,0.3107505052879722,27.608092907859366,NORMAL
2026-09-23T10:37:09.268250,38.83740806783509,44.67412015049165,35.65576347167424,38.94122773831736,47.364481420315364,46.941629774836265,24.721491791048738,25.355661600516978,0.38122455582393355,0.30307879198211574,30.957438628202464,NORMAL
2026-09-23T10:37:09.278250,42.33038844477139,38.36882085419008,38.51500278237894,39.83411360264849,44.49952255023627,40.095423097593745,24.912660693636678,25.15277677850206,0.43769104660986885,0.3892051165514083,28.916777034032513,NORMAL
2026-09-23T10:37:09.288250,43.27307727797555,44.710900197140624,36.511126453164074,40.26467329373069,47.14480926306285,46.175040213898654,25.672317805384413,25.141677297988053,0.47038544874492794,0.46761517988379153,29.17258329764774,NORMAL
2026-09-23T10:37:09.298250,42.930089340803804,41.70555062631315,36.28868047340209,38.17698450309641,37.97606285715045,45.131113020571924,25.42444725516439,25.575444193724987,0.4674341115274674,0.369752938006083,29.8400173178951,NORMAL
2026-09-23T10:37:09.308250,46.630817704872776,44.238995361544546,36.15615342507895,33.099001963239665,43.31343278103873,39.794514268026695,25.031322809351657,25.485440192996485,0.32764353083230036,0.41374097295055123,28.784232110362506,NORMAL
2026-09-23T10:37:09.318250,49.447213111878234,41.15478101138548,39.18793279085356,36.38989135198244,37.60173327356001,40.12345805721949,24.521635454151387,25.586311434920056,0.3426218847260476,0.4413499428112051,30.421480356420762,NORMAL
2026-09-23T10:37:09.328250,41.6653677263119,33.540643601062456,36.62584727517154,41.426856565424494,45.611912455552684,43.44873241220514,24.28154739807446,25.06301806759232,0.412685227355056,0.3756939069789003,30.43313516950132,NORMAL
2026-09-23T10:37:09.338250,39.869130155833076,34.976722998137056,36.39193601035624,37.27422594428809,47.65701600016094,45.15849048156887,24.974719268785776,24.72661535701703,0.42791183210360734,0.4747067606321128,29.032939700359144,NORMAL
2026-09-23T10:37:09.348250,40.08263585716904,44.452285170987494,39.20209889632824,37.90386286480021,47.46579774865283,44.65479880538462,24.528593997948654,25.137332309865062,0.39964040813442303,0.48263351895959894,30.60739640711499,NORMAL
2026-09-23T10:37:09.358250,43.450529137865615,41.39990271844248,39.302412105614,35.52713867529583,39.63677703940096,44.168034033232495,25.199862143309993,24.798258940818933,0.3000956414598871,0.34561074730462965,30.537815394524305,NORMAL
2026-09-23T10:37:09.368250,42.38068780072246,39.075917445918776,35.677527575313476,39.666203129169965,43.547454559951625,42.52197293690675,24.747824118905978,25.075127656230507,0.4141351959000062,0.36868323402000996,31.662685693527614,NORMAL
2026-09-23T10:37:09.378250,40.233663158014316,41.49894224215722,34.121081904507605,36.5025742691563,46.761386134352,45.179186631381235,25.10733693148329,24.66373135699895,0.41768171071743176,0.3503529569946706,31.0700437800941,NORMAL
2026-09-23T10:37:09.388250,34.113191239571925,39.84499212325354,36.00689846479809,42.23717957373849,43.40606827922873,46.71213679850965,25.722821955118345,25.227381245335636,0.31810112692344134,0.3623075747630717,29.50083624624588,NORMAL
2026-09-23T10:37:09.398250,43.20149416392162,42.1389157071041,34.67600438368111,40.961457627164606,40.95588865236117,41.93833248852821,25.12870254997265,24.93510939253922,0.4784427136881921,0.45696776138120276,28.68096465138885,NORMAL
2026-09-23T10:37:09.408250,38.62282662706736,44.44934664178527,38.28320628931981,40.570909792945336,44.07524675286478,46.69165671818288,25.38582501917156,25.393231514173966,0.36616415563006033,0.43037149091330423,28.38978558669684,NORMAL
2026-09-23T10:37:09.418250,41.2777233015841,39.09368375757621,36.05823341465178,36.658034180391574,37.977184649179286,46.7152262509619,24.893607005686746,24.911376592270535,0.4250616207341612,0.4532590606775285,31.3368272644904,NORMAL
2026-09-23T10:37:09.428250,40.705214168331445,41.56393707475403,35.736655973341456,40.83198525665064,44.06314261965831,45.72730518044787,25.413650303935015,25.390848783220665,0.4268082794968458,0.40435158693859435,28.757310048440903,NORMAL
2026-09-23T10:37:09.438250,42.9872221618587,46.05029752175456,36.91524422373574,37.30656540933374,45.85416323513183,48.022915585961556,24.479474269064113,23.79206364630145,0.36925856355038567,0.4049852911444962,29.857203987227418,NORMAL
2026-09-23T10:37:09.448250,41.21910812817931,39.49198031183987,36.38281575582145,36.93204579382605,45.07994437053784,44.71745139311898,24.20733482384885,25.790953336971747,0.422075322804783,0.42769844732363593,29.717130546897362,NORMAL
2026-09-23T10:37:09.458250,42.76441574756527,37.62918327656465,41.958501346550534,42.537249332256074,43.28139910650852,39.04378944634973,24.84707827924308,25.29564667011656,0.380310008289444,0.360218176099838,30.16086666386113,NORMAL
2026-09-23T10:37:09.468250,39.37853440925963,45.00575105571207,40.36379499790642,40.659478739743136,41.876363430064245,43.620521936119644,25.55468770880228,23.953441692364272,0.41028597833032054,0.4703112132902931,31.811512747772447,NORMAL
2026-09-23T10:37:09.478250,39.14832647014195,41.82866509531334,40.61080425053281,42.01459669557925,38.48102966780527,36.97127249773452,25.077146631472655,25.249157699373505,0.39377150314364107,0.38360699437335594,31.27802762487052,NORMAL
2026-09-23T10:37:09.488250,46.432519723688,39.223433799600926,38.39424370886957,36.10780710295768,49.20647968713547,38.787279532001506,24.464954415663417,24.555094224642847,0.3475761448034782,0.4638780251827621,32.32164416891404,NORMAL
2026-09-23T10:37:09.498250,42.782049842794216,39.99184002263163,39.804372621773105,36.732450273267446,48.013271201741766,42.89064432997054,25.21027847947354,24.654370795660206,0.3897788784180096,0.31901884056075425,30.018718020822124,NORMAL
2026-09-23T10:37:09.508250,44.670756996060405,35.445378411358675,35.47541612175421,37.80961454153208,43.07100559413123,42.729176560212686,24.977463639427388,25.141867219679646,0.39822446465098993,0.3159039008563246,30.313701464766,NORMAL
2026-09-23T10:37:09.518250,45.61026790921975,41.77419843558122,33.56633808595657,39.5807931344763,45.42604211091321,40.032248815670364,25.038094478766105,25.63821836375173,0.48086932601843707,0.4063251837896008,30.50745033151657,NORMAL
2026-09-23T10:37:09.528250,41.50465902626368,39.770450267198996,41.46250268452812,41.40614772778683,45.85100438714875,41.42036594626185,25.733629411028577,25.520232725652416,0.33541612262718606,0.45442949591311976,30.16830571898277,NORMAL
2026-09-23T10:37:09.538250,42.835432892830205,34.948799370115395,34.34212937654654,41.47379712793437,41.69903148008536,45.4373468963759,24.33642031313102,24.262377529425592,0.49553774453632005,0.44546992262712726,29.871640229915606,NORMAL
2026-09-23T10:37:09.548250,42.67113068628539,38.8742143317382,38.89000471786431,41.948575202976556,42.75358103301063,44.4568901777613,24.153891786733766,25.900764999072237,0.4502291653967204,0.3984999712680606,29.665571925182384,NORMAL
2026-09-23T10:37:09.558250,46.2330145619413,39.48569507677542,38.924383708237556,38.21528993118292,41.231802309952975,46.11650343585975,24.793894703505696,25.232096191024393,0.3826340245312628,0.39327653503774573,29.828949471587507,NORMAL
2026-09-23T10:37:09.568250,40.03541193673397,43.1999371054413,37.78303585225417,41.15685292995402,46.2404690478467,46.666849375670246,24.75423910008465,25.331853685730053,0.39127995422130984,0.39888115943612656,29.28556846240738,NORMAL
2026-09-23T10:37:09.578250,40.576661088306764,42.89046780416749,37.14500981019481,37.17631405437193,46.54490084258877,44.0704523501217,24.390737589255583,25.052856917328416,0.45641101240392346,0.4548102007249866,29.462842269616242,NORMAL
2026-09-23T10:37:09.588250,38.66784567170836,39.903319651709815,41.36019605459814,40.85933724621016,37.11891853198995,45.57624939820851,23.891083676418678,25.966284417009817,0.44226802165047724,0.3802708630022268,30.106949313167018,NORMAL
2026-09-23T10:37:09.598250,43.983049669444576,39.51975307087446,39.158822789032826,38.67613896018809,43.24757619067855,47.57505644414424,23.980617731345486,25.023518505354453,0.3303459822433998,0.3908947347964145,29.291891709025883,NORMAL
2026-09-23T10:37:09.608250,49.63883773811641,39.457329904510736,37.65754085914325,37.453940769248554,46.66818380885553,41.469566134945914,24.67250560258295,25.935195866025296,0.4390468938634985,0.41344838344560525,32.41238217050694,NORMAL
2026-09-23T10:37:09.618250,40.10099288629684,38.56220436368396,36.016269043949016,42.0078813211062,42.14353341738752,46.57075572221366,24.68529243513405,24.092669956879536,0.35991894981525524,0.414357195229689,31.19231223568949,NORMAL
2026-09-23T10:37:09.628250,45.90402439795812,42.09923938058292,39.710211540100296,32.388937146517065,44.78799783669724,43.11561697994356,24.84551299386375,24.66704998390369,0.4439863372464525,0.4569628656702867,31.964587457610712,NORMAL
2026-09-23T10:37:09.638250,41.41572455685736,38.61183329851136,42.71311973489394,38.19895901409408,42.4381855612805,38.83839131669264,25.210058534252887,25.302849227474177,0.44217953201949217,0.4111557526535021,30.544123300167346,NORMAL
2026-09-23T10:37:09.648250,43.662879340825825,42.543156314730574,40.94608474058667,41.13118188924385,44.56640742389247,41.38832477076424,25.40147707776512,24.711428180209882,0.39261651211398585,0.3641892795289707,32.132925957721426,NORMAL
2026-09-23T10:37:09.658250,39.08648449828234,42.99175748310905,39.69071994918069,41.19055279398146,43.88115090636707,43.25167209599615,24.901587805948502,23.640984787952974,0.36178819821371105,0.4682012740899291,29.183749473396933,NORMAL
2026-09-23T10:37:09.668250,42.405043837057285,48.91276890147728,35.57956307327214,37.738422502781596,43.24381699962556,37.004604899323304,24.565866661461122,24.285673367333374,0.42719466965279307,0.38764524732576927,27.867488183125655,NORMAL
2026-09-23T10:37:09.678250,44.43040951719939,43.91627994885902,37.095758677267476,41.36678491631886,45.76211227472526,40.25688065835767,25.140622895837566,25.092348113862716,0.3582433401797969,0.34866869878465906,30.407906656849647,NORMAL
2026-09-23T10:37:09.688250,48.92013420409591,40.8881479845892,38.52573408126367,36.36388233284039,43.22134457624032,42.3930004939419,24.811634685277994,24.672092907686864,0.3975669653622764,0.37185196105442303,31.241454092208404,NORMAL
2026-09-23T10:37:09.698250,48.14966254522747,38.71598793745713,37.09097686477312,40.08397103702088,45.749252039194815,40.70954451878069,24.714581382406045,25.2933055421459,0.3180837157918086,0.5107527683814681,30.30144797237066,NORMAL
2026-09-23T10:37:09.708250,41.08768576461297,40.548993911654044,35.31652501996916,43.506270113114795,43.74829623460491,41.694738601837784,25.878510517723747,25.5159721772488,0.39027843552214625,0.42181235523650323,29.66784172996632,NORMAL
2026-09-23T10:37:09.718250,40.91337109629132,40.33711386658767,38.7435741311396,41.73721618039649,49.93260793143334,36.48227350948262,26.16116596429164,25.512175912012935,0.4008264356791124,0.3784976345281588,28.131915222944652,NORMAL
2026-09-23T10:37:09.728250,45.58326675238843,37.716253677100575,39.629633935680125,37.96318196779979,39.122820877069266,44.255250017307716,25.2431733350738,24.53210118612698,0.4429697219193742,0.49027068171606725,30.490650273519407,NORMAL
2026-09-23T10:37:09.738250,43.29417646002435,38.79859266983146,35.401579857804364,37.98476625657478,44.20700708270559,43.03524458766009,24.900553342052802,26.24587138377888,0.4285567936554597,0.35118471705055143,28.79941978611834,NORMAL
2026-09-23T10:37:09.748250,36.784304126649275,37.97136603630736,39.44680783484522,38.28689516454712,41.921429375614736,44.76887549079618,25.274606419014013,25.18569823870605,0.3993385028426698,0.3981625476949429,28.68139005435074,NORMAL
2026-09-23T10:37:09.758250,36.46433635370873,38.58073957816831,36.028305529547936,36.952638991204275,43.48036694918228,41.57786476067799,24.347698769355414,24.94855609516921,0.4168000813759915,0.3753727629853445,30.81906904601119,NORMAL
2026-09-23T10:37:09.768250,42.94637125173012,42.1683400508808,37.06614642757168,40.03368329474752,46.04746594765477,37.21228071556376,25.53414652501211,24.7444263536652,0.4325309094165772,0.2846830464222354,29.565861815922897,NORMAL
2026-09-23T10:37:09.778250,36.90297443935625,40.554790765667434,38.4536485675292,40.01743424382185,44.062063803695196,39.242404901097785,25.651365142916916,24.32736258158683,0.38318441526508856,0.3611634701351074,29.397464813944147,NORMAL
2026-09-23T10:37:09.788250,37.79071152324718,44.25681061903099,39.86528852426989,39.17906903100678,43.5669948476918,40.12008529653292,24.944960592238303,24.54598669855685,0.4043207531032139,0.4196864284816384,29.752858152056557,NORMAL
2026-09-23T10:37:09.798250,43.19699723936612,42.75077600764567,40.01168637254662,43.93688500108238,39.716935230962044,39.298492729987856,24.391752314686148,24.901103845545602,0.32027648850297263,0.3734785621103888,30.838082251709714,NORMAL
2026-09-23T10:37:09.808250,44.18776137647454,45.918626195585034,40.13410331269759,41.53252760439068,42.41308943567983,41.92582145794803,25.43943443996825,25.42929417539979,0.30418237067279397,0.33057065843971756,29.022146147641752,NORMAL
2026-09-23T10:37:09.818250,39.420082277700516,44.952118372231276,42.51479879512849,39.824828241057496,45.02213428173415,48.8258379502341,25.224344881859793,25.279521544235354,0.4186352862146738,0.4187160606393413,31.34909960257827,NORMAL
2026-09-23T10:37:09.828250,44.179044178879494,41.2560922107275,37.01715026312264,39.650122442835496,39.01195227406501,44.382180920598735,25.06304667491083,25.160394616817353,0.3421630419935929,0.4234360796553186,30.183081417467932,NORMAL
2026-09-23T10:37:09.838250,41.97897689208211,42.11056063568856,35.92587552613585,35.35908023677175,45.36229150518023,36.3947477775827,25.29751504834633,26.033772924184436,0.41854074557684323,0.44268450196719494,31.627717086754966,NORMAL
2026-09-23T10:37:09.848250,45.132587354409026,47.83105888231036,35.82214955376339,38.14695724886865,45.44998133107437,38.15526162104025,24.99678134150885,25.033373171839983,0.4648956865000985,0.4533614265284499,30.76626159997193,NORMAL
2026-09-23T10:37:09.858250,44.09027637255451,41.18413838824047,38.730467302608254,40.89868269012878,47.0351485484499,40.84284921520413,25.224793557487395,24.962337146062872,0.4132773574954555,0.4577198180236592,29.74936720530348,NORMAL
2026-09-23T10:37:09.868250,39.23404387181815,38.2670104050774,36.56706333307729,40.523785982682575,43.5028251626988,41.20587266086916,25.386385645096365,25.07997762572392,0.4350286032779128,0.5096506079931385,31.881257500634803,NORMAL
2026-09-23T10:37:09.878250,43.034555602649164,42.0167097940782,40.78416037874466,42.194744236994595,42.92554742207946,39.32491360082661,25.431472236145154,25.112543567515996,0.4305093772321467,0.42714481179051755,29.30157370899426,NORMAL
2026-09-23T10:37:09.888250,40.46984210300815,44.213944854572375,37.5961164308297,37.04614079979059,43.17387792400295,44.19293840133541,24.744891284283337,25.868695171138025,0.440617425658555,0.32548895164969877,30.229536101918107,NORMAL
2026-09-23T10:37:09.898250,46.70677737414588,50.88884162514865,36.82304461123291,39.06181726877208,39.93095337947756,44.66875416743587,25.239419033837677,25.141604022322817,0.34578857932820095,0.43906293132242796,31.82816963352179,NORMAL
2026-09-23T10:37:09.908250,46.07612340707177,42.086745911472654,37.87316154958904,41.2458086552377,43.57675951931946,35.412791680560105,24.141077971472317,25.684110827142618,0.46651381711277917,0.39373016452721615,29.201769278612055,NORMAL
2026-09-23T10:37:09.918250,41.09916413633167,37.141772415449346,37.36517210013795,43.36748580927859,42.1232135971867,40.61680859335257,24.328033786636517,25.102855742992936,0.35250481209437406,0.43252100438361657,29.69140301104145,NORMAL
2026-09-23T10:37:09.928250,47.04392693606091,42.773956808516296,39.19254594988761,35.48295418033651,44.072300646483825,43.91134055906305,25.171433273309088,25.177703436231802,0.4061281438418975,0.34161427271648187,27.593190248215933,NORMAL
2026-09-23T10:37:09.938250,38.65148534845647,44.04180335317098,40.000839835159894,41.85592443675086,44.984359454384034,43.68109727129779,25.008639103683375,24.14588467454859,0.4089086914284241,0.3676203607294305,29.390907592195926,NORMAL
2026-09-23T10:37:09.948250,39.03519000246776,40.79841059472151,40.28787860007744,40.99937977227026,41.08760973511946,43.726737920070434,24.962804750870852,23.994399955704303,0.4470066803034333,0.36765141808754487,30.58035677044359,NORMAL
2026-09-23T10:37:09.958250,39.626607722793,43.333860438840496,41.120994236669205,39.65368840379059,45.62939220810746,41.0394669711342,24.84149060538057,24.44053619109924,0.45263530499735516,0.45931744114018114,29.520163701360293,NORMAL
2026-09-23T10:37:09.968250,42.11370201590399,38.9998144124203,34.72742958976989,37.71315683065897,40.40839434608342,37.17851497480589,25.147983861298055,24.502157894458314,0.3979076632460697,0.26710756584785406,30.088689721369622,NORMAL
2026-09-23T10:37:09.978250,39.923631973378995,39.12397050685154,40.17627104769147,38.69421709448893,44.8973860126384,43.160380735581455,25.240601051789415,24.60422313333442,0.3994175071978338,0.3883380091985971,30.708904682166338,NORMAL
2026-09-23T10:37:09.988250,40.27064553444548,43.25995698101724,39.32095456365691,37.54735544502193,46.17959213409822,41.80235511542978,24.679984840719232,24.599684968890784,0.34627440968323,0.4155633513345007,29.803529525108804,NORMAL
2026-09-23T10:37:09.998250,41.079084589822266,43.562362370253666,40.204185842687096,39.27440195605385,38.19395567328208,44.45542838860953,24.020604013953903,24.55370924420747,0.39195810215064164,0.4767351474730262,27.518248185378305,NORMAL
2026-09-23T10:37:10.008250,37.406001398952476,38.85377780860625,39.728025139027935,34.919690937134675,41.59981825141983,46.63845737266281,25.44091239970224,24.696039916716483,0.45069103212257483,0.40425851919360256,29.09314736696304,NORMAL
2026-09-23T10:37:10.018250,39.85952861493322,39.11703091634753,35.303240693607485,40.14710642407052,47.02992320402963,38.67928838647566,25.333183930126562,24.47775005022904,0.39637104789097033,0.4151763366617745,31.013825864361753,NORMAL
2026-09-23T10:37:10.028250,41.92789708618845,41.7462970559071,42.07323797477329,43.03813227174574,47.15949137124974,45.251430806516716,25.254094718185964,25.819627594176712,0.4368649648034719,0.3661065072977323,30.10619265124084,NORMAL
2026-09-23T10:37:10.038250,43.23244614533203,36.821832351993976,36.555285775211146,43.27684372956754,40.588873988123304,44.529603350059524,25.156525046620555,25.482528621813707,0.3611413282197913,0.3611589640293925,30.053244703496034,NORMAL
2026-09-23T10:37:10.048250,40.11325779310336,45.64489454530561,38.454516040027606,41.13265834847641,41.01155973843245,44.77064821925873,26.244804659235154,24.972537700069523,0.34395181932402674,0.45693255335926275,29.525527493362915,NORMAL
2026-09-23T10:37:10.058250,38.13462319351645,37.61706837673582,35.045414148418665,40.306775027272074,41.45020060619352,40.39322430654149,24.813998403395704,25.212925779090835,0.4445073008266369,0.4616431909798582,29.66783133941247,NORMAL
2026-09-23T10:37:10.068250,45.04895031079684,38.637863158035664,42.27673341536899,40.550391417327646,44.79716429038675,38.235389629443354,25.487049175525673,24.766082150496715,0.36943207404179507,0.35895571455197056,29.393825734635946,NORMAL
2026-09-23T10:37:10.078250,43.480739969117465,42.28180192620126,38.129893519201055,43.68299778015431,40.253796470455,43.858167708315406,24.335835663721223,25.281813677042464,0.42866828524138134,0.40678817309475174,30.50611084194025,NORMAL
2026-09-23T10:37:10.088250,43.75374017135003,42.45192277553458,34.5398842611334,41.19363111085025,49.24632707331289,46.37116481115968,24.86990488207351,25.98300235249773,0.41236094747638685,0.45861874751774395,30.682739465841465,NORMAL
2026-09-23T10:37:10.098250,46.32836565694265,36.22343635053351,36.018090986532286,40.31067965438927,43.28291777608748,41.90938326325597,25.751923439423525,24.719441160594368,0.4154631494886628,0.41882625476271435,29.773672465533426,NORMAL
2026-09-23T10:37:10.108250,35.059050759700966,35.41551280170383,37.35384944605081,44.502747346168306,41.8395182102593,42.92918092654927,26.038934034309737,25.019112970752957,0.4254650175558253,0.41558257618963196,29.162325846770017,NORMAL
2026-09-23T10:37:10.118250,39.426349856729814,39.492617129443474,37.98126521659263,37.16602083732419,42.51815723642136,43.780201960142236,25.599773611616868,26.179947789674223,0.3644324777081883,0.4142179667239306,29.017647953794402,NORMAL
2026-09-23T10:37:10.128250,40.14319567646071,35.83924550526881,42.31660197815062,37.934962271766615,46.87913612840391,39.83634521952928,23.82753314282473,25.85412285556023,0.3192185316803865,0.34831185597582925,31.202739556101093,NORMAL
2026-09-23T10:37:10.138250,42.26843269592887,40.44202702853155,41.33732931172496,38.293663463081835,46.40280793570198,39.2901232180522,25.713663552761048,24.72183139656761,0.40893510044052683,0.3640804237111771,29.186541935231297,NORMAL
2026-09-23T10:37:10.148250,41.16056709607248,43.75208287202865,37.387805063294664,39.48629674222706,42.58489541744412,46.971630050686386,24.267496883445407,24.161714855083805,0.47071637180432874,0.2919357778787521,31.720937452592498,NORMAL
2026-09-23T10:37:10.158250,41.95464173662173,42.30402725304891,38.80809046749689,37.355917003403675,45.553513394852956,49.112116127034405,25.610004677736445,24.64383745839986,0.46199346673538744,0.34139251561791895,29.781653476826538,NORMAL
2026-09-23T10:37:10.168250,42.43745240362989,44.73110797043353,34.53711567970575,41.62673006067958,42.76334079130864,38.08452315657416,25.498774106336136,24.791802709398723,0.2998266667271085,0.43983682999423973,28.313490632604864,NORMAL
2026-09-23T10:37:10.178250,40.86620792099044,37.62055268884159,35.97310555160184,41.72243121888689,45.90486387352199,38.4760461563292,24.88728735586873,25.034085274662747,0.46782349943687285,0.4230303374306028,28.78998155411267,NORMAL
2026-09-23T10:37:10.188250,38.12676613875554,42.99178956513143,39.90895223124649,37.49816288820365,42.1215542646902,44.528814018154335,25.144768688298996,23.684969803925355,0.386429689656301,0.44117361000672906,28.515864795118446,NORMAL
2026-09-23T10:37:10.198250,44.612044205266656,37.25652376163131,38.58059422435887,36.885135745361445,39.154698600734726,43.66272672489156,24.94886674145193,25.760859903188983,0.44158096511066147,0.320586881033518,30.327984927278465,NORMAL
2026-09-23T10:37:10.208250,44.943964469015526,43.54584221527076,42.65100931827107,43.88300175733589,41.88030817846348,44.16481767031171,26.20067404194511,25.639073814801748,0.36647696148990333,0.3237610048326768,28.443715145914055,NORMAL
2026-09-23T10:37:10.218250,43.9681019354311,40.67721451834621,37.541764053894596,37.550718117456846,41.41891675012332,44.84974392116613,24.986225932326665,25.21552283750175,0.3181363363594558,0.48949124445316383,31.178818006874714,NORMAL
2026-09-23T10:37:10.228250,45.21185913447752,34.80941636669206,40.226314537990376,35.41604364372417,45.287436789235386,46.48833513258441,25.535822904635708,25.363118074029146,0.49263729561769654,0.4082606336549572,29.192564124647927,NORMAL
2026-09-23T10:37:10.238250,40.41650006595094,41.058049451387994,40.09691462794549,36.34309003966463,46.44580868009581,42.9263283663741,24.770094896461163,24.533019811431526,0.37642734121982335,0.415268123843734,29.805317673525167,NORMAL
2026-09-23T10:37:10.248250,44.26331722137472,36.165267751519686,34.325594345583255,36.407663932032435,47.32781584844948,42.58272118294552,25.01871419747077,25.29591431451043,0.4328113430672805,0.373302230638886,28.572746263859106,NORMAL
2026-09-23T10:37:10.258250,40.92449711909175,36.414231060756244,37.83226327269132,37.083731950493316,44.862418876826204,43.588315326647084,24.818019905200984,25.317363110965672,0.5418427687859626,0.30775085078902314,32.42671486529891,NORMAL
2026-09-23T10:37:10.268250,39.08164779670277,36.936638886176986,35.596840836178615,40.8347023679991,44.64732213984734,41.13992736835558,24.710130805161842,24.620192353991623,0.42957695764915527,0.46274528592891273,29.744705061344764,NORMAL
2026-09-23T10:37:10.278250,39.962008161262666,39.87147149997001,32.23104700179469,38.864165978311824,45.14872778407151,41.892344793324646,24.74764963045758,25.560608275477666,0.4156701032655753,0.4193830847986565,30.503094047187123,NORMAL
2026-09-23T10:37:10.288250,42.429884138214696,44.94076244037696,34.57606435112125,38.92193282355309,37.150518354409414,41.73862580560487,26.001663959163935,24.35769083219135,0.34483969387292074,0.39625936577529663,30.86329315276449,NORMAL
2026-09-23T10:37:10.298250,44.04051276845642,39.36885447361194,42.243918445728866,38.85501934992999,47.415374692936425,47.780287274460285,24.508472115793758,24.25254469354984,0.42679232984280474,0.4093091022191951,30.034107889842947,NORMAL
2026-09-23T10:37:10.308250,42.80430693113943,40.698674341748124,41.9035319193123,31.473385474691923,47.81249964378198,43.776827279735635,24.936276217059948,24.512554440475352,0.46161679215408985,0.34197566244682476,30.108230699381153,NORMAL
2026-09-23T10:37:10.318250,45.41258290589446,36.03499640022503,38.79022003013208,39.77696804686142,45.280467511553915,41.60468539219701,25.29277479162945,25.519299071274112,0.3849795329574906,0.5041709482721204,28.86358422886876,NORMAL
2026-09-23T10:37:10.328250,39.96414153362974,44.60775194909351,37.45828578718493,36.65779787878546,42.66037894706773,47.543795693074344,25.396929752278982,24.536824021897885,0.3063366998950151,0.47461177082709805,30.2456034367436,NORMAL
2026-09-23T10:37:10.338250,40.73211535819831,38.277268253976516,32.81900568629752,35.696563065356685,44.90095838899213,41.51887073424935,25.822743638086372,25.4594911465629,0.3703894120532732,0.353638345543843,31.290205662222135,NORMAL
2026-09-23T10:37:10.348250,40.880794744724014,48.93077013110458,38.241176988209254,35.587540604083046,37.87790652158639,40.79349504196628,25.722700299526682,24.8764375601568,0.2749913820414965,0.368745427251404,29.709881498828025,NORMAL
2026-09-23T10:37:10.358250,46.10958107026157,42.29776568701478,37.62500803107857,39.75735688934155,50.67280585099833,46.177144709065495,24.629273291769017,25.34208795782274,0.45659662200194984,0.5164727766091801,30.28689934876692,NORMAL
2026-09-23T10:37:10.368250,41.030081030571466,42.07292722707263,36.80675706002102,39.377250068385884,41.58505528468843,43.07026751084895,24.271567419348628,25.421986211034547,0.4399285773116468,0.317458871089248,30.74714360649839,NORMAL
2026-09-23T10:37:10.378250,40.31875417882502,45.23845790262933,40.510912726368154,41.71754590573752,45.773353918765544,39.87058406013193,23.961437376439633,25.0678108040646,0.33636270406707364,0.4094898937079954,28.51172735653107,NORMAL
2026-09-23T10:37:10.388250,44.343544167759916,42.54754725698731,34.80131804753479,36.588290075939064,45.27171759625791,45.65544369551863,25.114933136629755,24.6530161097796,0.40809438942689785,0.3886797177601748,29.465450875502366,NORMAL
2026-09-23T10:37:10.398250,37.77392722574857,41.12424490178876,35.952779489317365,38.67999942837707,37.95858794075591,45.50886260609601,24.719181337176035,25.039765957318316,0.4750052193484389,0.47768187001800916,30.661949679237672,NORMAL
2026-09-23T10:37:10.408250,38.93663975835787,40.73551505542623,38.75015515693507,39.673339500998615,44.421549263519424,45.46113824141788,25.32918358122483,25.60948708201742,0.44113266809379836,0.3652607772276901,29.681137495436595,NORMAL
2026-09-23T10:37:10.418250,41.962164870663614,42.23858494227002,36.77062582602139,38.973388677170185,43.00453185954628,41.39646237507744,25.206418123802106,25.454939184178677,0.4886192707398961,0.45113261298686147,29.607667945001182,NORMAL
2026-09-23T10:37:10.428250,45.81330604090985,36.70866118015335,39.039002758554226,37.60225647215834,42.347596090164984,48.94311147758289,24.78980324678919,25.122993362075043,0.4295313109487119,0.3987296821846966,28.639006352804774,NORMAL
2026-09-23T10:37:10.438250,42.984256047626715,39.97297035513311,37.73554583706927,38.94197519080103,45.36850901722623,44.23239157618261,24.240767450422684,25.109905508800388,0.4882054696446242,0.3046165633302965,29.07375325409936,NORMAL
2026-09-23T10:37:10.448250,39.93033865624626,35.04198126002218,33.42486517785228,36.60152923846648,47.446845334131986,41.898000454468914,24.53360133905406,24.916030062677482,0.42444706232995744,0.42426779146018245,30.042423274640967,NORMAL
2026-09-23T10:37:10.458250,49.924845380581324,41.7936154926123,39.083688231614026,37.673363968332126,41.415459794316696,39.50663847252387,24.35500208316842,25.275329826518682,0.40809618811672754,0.3684769155512946,29.649071851188094,NORMAL
2026-09-23T10:37:10.468250,45.17766334167529,40.37827741836525,38.08543617066481,39.72326666524513,45.491114793000136,40.731301979554004,23.76821243751292,24.02473484222793,0.41766008143867195,0.371165807920999,29.657842577620542,NORMAL
2026-09-23T10:37:10.478250,36.84845838815494,38.59834767895475,38.298400017871,39.09887120347366,40.763642199621046,39.53579368490227,25.96352174294607,24.875121960025673,0.3945417005041175,0.332918530086461,29.21883419361362,NORMAL
2026-09-23T10:37:10.488250,41.167838869826234,37.549013893996324,38.22639547645197,36.10950192896182,41.7668564783147,40.605313489914174,24.169943444739957,24.21083786974334,0.40601056722771245,0.34847194746070237,29.81473673673729,NORMAL
2026-09-23T10:37:10.498250,41.56306308954795,41.99508437111183,40.0310929626017,37.380676036927014,40.543364777400924,43.58454246891952,25.427903291490832,24.827352199654037,0.39667962556581443,0.39029910783055466,29.84543702031332,NORMAL
2026-09-23T10:37:10.508250,43.904456732259824,39.78756982997235,39.51010710260844,40.03588625637121,50.450798324279965,40.835997364864504,25.575062332629535,25.401431084212142,0.3388604482589181,0.4283033778738716,30.611663097332887,NORMAL
2026-09-23T10:37:10.518250,40.17264960058606,33.61675627755487,39.864119928152576,35.75938310558666,43.48272535231076,37.67614329581197,25.296697804805902,24.08205349391607,0.37062782406604033,0.3717707811814728,29.993051201442736,NORMAL
2026-09-23T10:37:10.528250,37.550770025366866,42.37820571016058,39.209204196684965,38.092234014708396,43.14679627692971,34.74094799382428,25.802615431298374,24.886621321842178,0.4323492925685092,0.4091498683597112,30.055730615595092,NORMAL
2026-09-23T10:37:10.538250,44.06636499820449,39.08157513986144,40.54782657837882,42.938033934595936,44.60267861410831,42.52921529267599,25.488768999557177,25.206661283226076,0.3812504616393619,0.3829256778979474,30.12513473191381,NORMAL
2026-09-23T10:37:10.548250,44.28605910089868,39.489141355428856,39.97503896936062,43.906335453933785,45.77796322167739,42.811609187307006,25.28454743520066,24.778927323231027,0.34402414353139316,0.3620669015796263,28.630496630463668,NORMAL
2026-09-23T10:37:10.558250,44.883687829899685,39.56774417369841,33.373773390436995,40.27698319025816,45.08836091013957,43.91114455597834,24.32940990134401,24.44116411572101,0.4880974799094224,0.36976542328824097,30.45568167645883,NORMAL
2026-09-23T10:37:10.568250,42.36908736883504,36.842752834193206,34.31424815028555,40.23862474394945,43.06959721447065,42.15294172100555,25.52089883313403,24.18851363509237,0.39699210430426163,0.4585700425886146,30.843161494289696,NORMAL
2026-09-23T10:37:10.578250,41.17196190639865,42.408049134153934,39.56097953642587,36.81112141135917,39.56694663348134,45.593587951533465,25.02677780809794,25.90961759265281,0.36781253599007924,0.449801449035335,30.830158610348633,NORMAL
2026-09-23T10:37:10.588250,43.47780701268412,41.08636899819657,35.63653192210713,38.270202418026464,42.51927637573258,43.06918463498309,24.476819819904797,25.12292802421379,0.4891094282958677,0.35610191151188053,30.531139053493835,NORMAL
2026-09-23T10:37:10.598250,36.32764015031323,42.50388208615525,38.65538145692661,36.72321109549871,45.65353620726081,43.312876931276136,25.904092359284764,25.056588185419976,0.4197404921082612,0.3927022438885494,28.87787999904709,NORMAL
2026-09-23T10:37:10.608250,49.80548090673003,41.547857204151946,38.764557180374474,39.2120304843772,39.59964034248193,38.91983915154525,24.162401003438582,25.66051030208794,0.425105655090537,0.38323695135246594,28.569144388619847,NORMAL
2026-09-23T10:37:10.618250,39.50729363020778,40.6886240402317,34.91543185108135,41.18229793599608,41.58791419701086,42.15531118374954,24.94976128839281,23.905836395278637,0.4404593107696908,0.40201050562634005,27.78416126065193,NORMAL
2026-09-23T10:37:10.628250,40.82726241635539,39.99792213104533,35.41362892385257,39.87207558948715,47.613360940464794,44.04001368893581,24.29446158604419,24.661147051311584,0.30108803760445857,0.4100302351273059,29.001759199223585,NORMAL
2026-09-23T10:37:10.638250,42.82634346355331,43.40348242846579,40.19552388534752,39.51937461444257,43.232650601083336,38.13562785991385,26.09063731558755,26.10450787659606,0.3953308533170691,0.4215700868796237,28.849810196536442,NORMAL
2026-09-23T10:37:10.648250,40.83587772318528,41.07841381551061,36.525023984722324,43.3934089592609,44.93348718128929,41.136416644866955,24.79596569497701,25.12174110545612,0.32041213434659144,0.42410870813368295,29.96038934843301,NORMAL
2026-09-23T10:37:10.658250,44.69542477466693,42.0661312889869,36.366852784383845,37.325503093658526,48.1584431727787,44.2859675925975,25.297858496133788,25.296923486751275,0.3954691929790841,0.3452519451308124,31.798907507157672,NORMAL
2026-09-23T10:37:10.668250,41.419655657221455,44.864779343071575,37.777051177502145,41.768080942310476,41.401256459110826,39.05138595518889,24.860309101940278,24.758801325903743,0.4330506950784324,0.4171761442051566,28.453551420055074,NORMAL
2026-09-23T10:37:10.678250,39.77601418680877,36.803843106635156,36.12847341271502,38.767552662755094,42.13728411074264,46.49958821842404,25.20919489225008,24.575297409600186,0.4643739680346367,0.4455381975075234,30.195649043837125,NORMAL
2026-09-23T10:37:10.688250,40.90706858675901,46.810276540613955,39.994669947354396,36.31246043634555,44.48480054964767,40.50158110266414,25.4473836071961,24.485724056132188,0.3681555203994067,0.36912020956847247,30.4804098248504,NORMAL
2026-09-23T10:37:10.698250,38.85181454330821,41.02319705475315,32.623322580222606,41.1256532954199,35.94295587456674,43.53023550471528,25.124887089889256,24.750304353604342,0.4549706245977505,0.4564577633402714,31.073322189486397,NORMAL
2026-09-23T10:37:10.708250,45.402480707018576,41.982153254521215,37.05106055962181,39.65845142961069,47.3042109102924,42.841409116727895,23.799531499677833,24.160801818296104,0.49012048839968364,0.3588434860351861,29.3892225877297,NORMAL
2026-09-23T10:37:10.718250,44.83355611949826,43.690064391675776,39.39633191385699,39.36115683295802,37.63347714229358,49.655613159653285,24.810561768961012,25.544799722141406,0.4070881016050512,0.3732356674244859,29.732936961612925,NORMAL
2026-09-23T10:37:10.728250,41.49419933522884,45.95275204863857,34.7673993934269,39.99203859945186,49.41866479334635,41.47125704908973,25.01796989626178,24.412819227132207,0.4822783309442839,0.34331994608112737,30.64588537860228,NORMAL
2026-09-23T10:37:10.738250,36.10024809475616,38.41325583261247,38.555598090816254,36.21590365454364,43.233908788323035,38.97941225402809,25.04446933563516,24.40891390702961,0.3469708605673124,0.41328358081146194,28.09558970601964,NORMAL
2026-09-23T10:37:10.748250,43.89313205384354,38.550657895671094,41.99249813598211,37.68658230883986,41.353878561191536,43.32419119457307,25.498670514142297,23.7821848789092,0.36791941519169535,0.46288241036685357,28.9601573199533,NORMAL
2026-09-23T10:37:10.758250,38.3411986714305,36.226592818316064,37.13482771841336,35.86005956876899,45.34502735147652,38.49312648864498,24.76163557955935,24.90381080324864,0.3695573316108823,0.3880898607137216,29.03666472068681,NORMAL
2026-09-23T10:37:10.768250,39.330052864297194,44.68574427634971,39.059672151347826,40.05606341430698,47.16561411413713,44.21091947412041,24.847204940101065,25.289785652840564,0.3877145180396008,0.48727727892585515,30.20908587219903,NORMAL
2026-09-23T10:37:10.778250,42.138921496613854,45.689612910481834,40.06219734827654,37.2422060975047,45.43504491356958,39.16007553213362,24.876271327478086,25.087775973683442,0.4070182703740912,0.39172748978836863,29.044613664447507,NORMAL
2026-09-23T10:37:10.788250,43.1973964363421,42.6666022151832,36.31361533725605,38.94437860370164,45.478964466648634,44.47723061657504,25.17730826499817,25.237274993253184,0.43020900711646337,0.4361936409373236,30.45701739969383,NORMAL
2026-09-23T10:37:10.798250,40.474740514646975,42.00497806740065,36.331615967782334,37.538866366616084,45.02653347202285,43.17697418078424,24.66172727170718,25.28005944145283,0.36221074186573476,0.4230519873889762,28.6695490328082,NORMAL
2026-09-23T10:37:10.808250,45.965697145166835,42.462993118786194,39.15887732469121,39.044513063644,40.01597960427845,37.992271438197754,25.036840279161012,24.814489239126573,0.416344892020527,0.4519005509346915,30.415753062782915,NORMAL
2026-09-23T10:37:10.818250,39.1199248694075,42.90284639033176,36.47530807934915,40.00162056063386,45.79342367167516,41.44188637249518,25.7300859926949,24.829443836621493,0.4014720245486105,0.4635842128977814,30.187063005820125,NORMAL
2026-09-23T10:37:10.828250,39.50516045296314,39.953516979544496,38.57877562497768,37.89122948019449,42.47545512079813,45.841480471053536,24.90320260762682,25.869029718733096,0.3919552929395967,0.3489548082327848,29.754660939607312,NORMAL
2026-09-23T10:37:10.838250,44.79348475469559,39.263736666671974,40.794668265307756,39.01757823902436,45.18571871166757,40.822873719234494,25.01622558217101,24.99712422930075,0.4524305797294671,0.37672484819804297,28.437596105888556,NORMAL
2026-09-23T10:37:10.848250,38.689565928957904,38.96312047884426,39.590886082811956,36.76353429097391,41.061475707461064,42.0865419681155,24.990106238473047,24.956302464250815,0.33580538070589566,0.38431121092935494,30.952683889140538,NORMAL
2026-09-23T10:37:10.858250,43.178201296093825,42.14862319459357,36.102036022616915,38.29669880449235,40.251305664009784,44.70786679224767,25.42213146767199,24.88428174093063,0.38104831858604427,0.3583056956267403,29.88078169133497,NORMAL
2026-09-23T10:37:10.868250,47.00203980425963,38.84467183893614,38.54986170461658,41.272799173717544,43.70794688372676,39.07028812125201,25.169043554973282,25.763374162174497,0.4076394858684639,0.3980609444349949,29.94905639951081,NORMAL
2026-09-23T10:37:10.878250,35.61188631258631,41.94896344296172,36.79513811842634,36.71725805103183,47.70006347601594,40.139909426218935,25.048625454128533,24.380425109195745,0.4168064101433998,0.3296169356493915,30.22158270784262,NORMAL
2026-09-23T10:37:10.888250,42.352089641206305,43.208025901160035,34.75440996966149,37.905067553649715,41.527990250399455,45.16137670189831,24.134657499339177,24.804042761431504,0.4243133092828245,0.4087039044603336,28.464441247466237,NORMAL
2026-09-23T10:37:10.898250,45.339157922325036,41.177060555866646,40.49653536531423,37.94281405730704,44.106738590438674,43.59012363335504,24.7808015242856,26.10618058319237,0.3863911803521816,0.41691654422846874,29.356957366481723,NORMAL
2026-09-23T10:37:10.908250,40.33250656466591,40.55968784033793,36.21065974074666,36.627495521587605,44.11080800803448,41.75129712037192,26.063504353277565,24.908528697509364,0.36699754189451667,0.4308262102015817,31.749861962699697,NORMAL
2026-09-23T10:37:10.918250,37.187159425326755,44.68088925064244,35.3526258408387,37.77243233764678,39.82548269676283,41.591658049629125,24.306356333674227,24.69616793588386,0.3831344102207199,0.3926839575043674,30.254004532178445,NORMAL
2026-09-23T10:37:10.928250,42.793752040172876,40.76447644177177,41.24164975114398,39.41984718651593,47.61572739410724,43.39409888630837,24.680327544607078,24.321068635362888,0.26035123062040955,0.37836797925063315,28.844394587861647,NORMAL
2026-09-23T10:37:10.938250,41.92943811285718,44.84414048997144,32.351542268159754,40.682439568204764,39.45539444994302,37.43810401436426,26.119535442115392,25.378301827004975,0.2513365145635062,0.46706997547817986,29.772832794320045,NORMAL
2026-09-23T10:37:10.948250,46.47829580111716,38.2208065448028,38.493495782747125,39.29387270464113,37.785502275053446,43.38552182723251,25.39835934103861,24.52161980223895,0.4262748841691636,0.4328784873374422,30.021323736125215,NORMAL
2026-09-23T10:37:10.958250,45.402467274078404,42.92119997489723,42.03669579006934,39.64902364958135,47.120455959720786,42.567801392792774,25.338517452236253,25.170986583948924,0.4220814872552764,0.4370616957035927,29.683049054908242,NORMAL
2026-09-23T10:37:10.968250,41.03718697521074,35.59241674787645,38.57024650586887,36.06864446483347,41.68837752018607,41.8491379436409,25.327601715137664,25.287462300086528,0.4231312660776498,0.3909652156399696,30.281584509016138,NORMAL
2026-09-23T10:37:10.978250,39.32578761143217,45.614772385879164,42.053793283047746,37.498616371349755,40.27361556101531,39.51974121640381,24.536002156079366,24.533964162257906,0.41519852347084263,0.40905743909869346,30.848023430572205,NORMAL
2026-09-23T10:37:10.988250,42.54093162457405,41.63367056208564,37.25057319543855,42.90081432241676,48.83256783039478,40.62608932485404,25.15115890446838,24.87053885375425,0.38685961811728153,0.3718655285600997,28.850229562742683,NORMAL
2026-09-23T10:37:10.998250,41.181084029008886,43.82423913908256,41.44043801329879,41.36444944620952,44.42987758834706,47.03600816915371,24.960768268969083,24.938416972688636,0.33361278614142387,0.45933365384792235,31.01264036949463,NORMAL
2026-09-23T10:37:11.008250,39.14498034466557,37.22813372542166,42.97940730643675,39.565053195140116,40.7696418567674,42.074522267038695,25.28827526134808,25.537243471619654,0.4404375799466031,0.480427904407788,30.726833001900452,NORMAL
2026-09-23T10:37:11.018250,43.35813858731243,44.67176891284795,36.749301079371286,37.538155955351606,39.76335905887078,45.29432598457691,24.64913939004523,25.127253947820737,0.4051433607484527,0.383102183086538,29.595715597964563,NORMAL
2026-09-23T10:37:11.028250,44.97199584011033,45.867054308398394,36.95159854951107,37.04900873424758,49.78657201182418,43.27025281900554,24.721236824560833,24.834874518724938,0.44274264242220374,0.3956738759684131,30.093505161760756,NORMAL
2026-09-23T10:37:11.038250,38.13193072253472,38.66493978343108,40.782998503982405,40.04796512993924,47.026761604608446,37.89484035926994,24.709039149718155,25.155084570190425,0.4335474385284497,0.5040752748551174,30.200902419539172,NORMAL
2026-09-23T10:37:11.048250,39.324481922570975,38.71917608826824,34.650151393415435,42.36142567277998,43.53987270998174,41.075640799230946,25.573582059955175,25.67332722578458,0.3840873881502697,0.374043929001293,30.29095643285344,NORMAL
2026-09-23T10:37:11.058250,36.92308883207218,42.4991517161523,39.69814588525178,39.46103149294591,46.13068049036958,43.04950331266629,25.086447070777332,25.693904621297598,0.405614466226675,0.48124532696068384,30.85795799668958,NORMAL
2026-09-23T10:37:11.068250,41.20973459396608,40.87333067389019,36.30840391363533,42.042222073422664,52.32751486381922,42.23567144884701,25.148551854959095,25.242981002826905,0.40463789355385893,0.39170872415658425,30.636275352681636,NORMAL
2026-09-23T10:37:11.078250,37.61321961901984,38.38006389612868,38.59054439755248,39.167171091524274,44.59754732343766,44.756992160092636,25.598725590689067,24.474702521925522,0.3659919077081391,0.45372425367348007,30.090479802579555,NORMAL
2026-09-23T10:37:11.088250,42.5633780784422,44.63313844963691,33.41488018210408,42.72815410964081,44.59357327711115,39.176080509390374,25.60665298857141,25.899046668141796,0.47530228553894693,0.3874317654722309,30.697197305548173,NORMAL
2026-09-23T10:37:11.098250,43.61099605385031,36.8925143364865,44.406658002163795,36.5173662073115,50.1974189311255,42.91023476269897,25.13274993780365,24.872784624873283,0.4699199515742556,0.4894793196692694,30.181606724074744,NORMAL
2026-09-23T10:37:11.108250,40.12022596550045,38.90507719383176,39.67703632970985,33.433804118005206,39.17595548287311,43.03159146586571,25.153689275851917,24.758548094875852,0.3784343837221093,0.3139026937888086,29.609775610135173,NORMAL
2026-09-23T10:37:11.118250,41.53456613260861,41.87664461055222,39.43528550793766,34.129686917718196,48.69472944871456,36.66491154680818,25.258176668000303,24.774780864165923,0.4491793609706832,0.42760581470733505,29.81060024458778,NORMAL
2026-09-23T10:37:11.128250,41.059541003980996,36.00255803919876,37.77438614167827,37.17305230522706,41.17103016356073,39.64839238516485,25.004956746821424,24.788987630167664,0.4435407137240217,0.37290995107694913,28.509513631480694,NORMAL
2026-09-23T10:37:11.138250,39.62981499050048,41.07758647605196,33.42122368727696,42.285268979277,43.29214782526019,42.58746190825727,25.064099084039636,25.330668896537514,0.43276252676615284,0.3619645652608882,29.27780507886334,NORMAL
2026-09-23T10:37:11.148250,47.90142550788049,34.67030518147526,35.46219152482463,36.776876670033694,46.697842039625144,43.83517744782401,25.15655423714397,24.5625988673597,0.4159011567439303,0.35166138315655565,29.43672853229542,NORMAL
2026-09-23T10:37:11.158250,39.71068712064185,38.81951333525672,35.48926936258692,39.51910851154844,44.87973861142329,40.532352164587756,24.767498433138417,25.211905079439763,0.4073198059729938,0.4716212839331322,29.737446205250535,NORMAL
2026-09-23T10:37:11.168250,42.96324425971305,42.97714729603604,35.49528142543855,36.28061940176925,39.865688915056744,44.222898423687155,24.89872767604438,25.125897683601355,0.40605512916330155,0.4101640461512646,30.629759716756215,NORMAL
2026-09-23T10:37:11.178250,40.783354912868475,43.23827808650894,39.5184669277029,35.524915531471116,43.28163015413404,47.63651139679339,26.79442490109767,24.977400977063844,0.40122863357939975,0.3179608770761879,30.111580237516193,NORMAL
2026-09-23T10:37:11.188250,41.79453062678286,39.294260733198264,42.42445888187247,39.52543755470258,41.01470298333009,39.721382192801194,25.367563099812852,24.683275605342136,0.3532005408702525,0.31565129924976393,29.865664650792006,NORMAL
2026-09-23T10:37:11.198250,43.78610664921406,43.43515871702167,38.600643774618256,43.11398038752621,40.43325276944309,43.57782941759049,25.188660410902763,24.179613385187874,0.3904403469804691,0.3452046162089658,30.225607481586877,NORMAL
2026-09-23T10:37:11.208250,39.48973110012295,42.958307315943074,41.96420268192812,38.44910081862932,42.051534524573924,39.352039767633826,25.19766755701295,24.53676691981534,0.4464981750152188,0.48291966083230053,31.72962417495174,NORMAL
2026-09-23T10:37:11.218250,47.46082555512348,41.33258404422334,39.15109078981155,37.033895510186966,40.011719462890554,45.220483652431334,24.286864577163932,25.49540693449365,0.356813245524255,0.3896019240546394,31.73562992450979,NORMAL
2026-09-23T10:37:11.228250,42.76576145717096,42.52984826161812,37.32133573231982,41.14005993236102,43.212386715473876,40.20551901277685,24.50503242814139,24.217593907946593,0.33704476672255657,0.43353254728969565,29.916013821209827,NORMAL
2026-09-23T10:37:11.238250,39.132058796444696,43.353322398894065,38.45298785227628,40.11011941306691,41.02061587287922,41.60908176012573,25.17458187982798,24.864129715395446,0.4502966820841519,0.43866761590921155,31.49752128703953,NORMAL
2026-09-23T10:37:11.248250,42.91739495203997,39.076302365892104,38.114887911499444,44.817152943641545,47.25758774489541,42.53913772682812,25.35603385596909,24.89751324150027,0.38394672832490323,0.4565567514103868,30.42704008869238,NORMAL
2026-09-23T10:37:11.258250,44.8044506136234,46.242852341706026,36.761969824156864,39.77631245902039,46.85528232786736,45.38466318709362,24.813024906843232,25.025710778505367,0.49623043553749624,0.37210590900100937,30.464760371817647,NORMAL
2026-09-23T10:37:11.268250,43.48349319982631,36.70348048925571,39.62474088908402,35.641132304561914,44.64410280430686,46.704146460037904,24.751767850637908,24.240268895701348,0.3988184456515175,0.39902716039391173,30.120680280400823,NORMAL
2026-09-23T10:37:11.278250,42.6810146714669,41.85214985442667,34.340928418178954,41.685369582151694,37.49860830869751,41.934384333645625,25.402925623150338,24.617987624229492,0.32742363699109817,0.3623674655883023,29.513145333719173,NORMAL
2026-09-23T10:37:11.288250,48.01508341747465,36.51710055005135,39.05215566080701,38.49867147255377,41.5519909148437,38.854399788079604,24.405915332177454,25.17156914502489,0.4337384956454721,0.4657495892818212,29.044155847969634,NORMAL
2026-09-23T10:37:11.298250,35.63397004594694,42.72744858892336,39.316503937245216,41.9624743104289,38.31901842400511,47.490035429922955,25.065415303796215,26.008915717379182,0.3895333199022848,0.4695404499544656,29.420514837340324,NORMAL
2026-09-23T10:37:11.308250,48.45184295230233,39.45976085095177,34.20887319876962,39.59570830716317,47.42530367156248,46.80175656585203,24.96967892292168,25.199439176027287,0.39941292005667506,0.4673153443542111,31.047348524778027,NORMAL
2026-09-23T10:37:11.318250,40.49000443112338,43.91747110933239,37.94838633318162,41.96887471270731,42.863179781900236,43.27543963965967,24.715560709761004,24.217878506063332,0.33925172422734423,0.4562220087628923,30.619997187891443,NORMAL
2026-09-23T10:37:11.328250,39.62601644261287,42.477362858568405,38.08318460670804,40.93048760003395,42.67163090231198,42.971260027201865,24.424207025434434,25.573417833281823,0.42621122125751776,0.40592412757268403,32.445028329282,NORMAL
2026-09-23T10:37:11.338250,45.53693042980865,45.28943055213265,38.83194125583403,37.71708591617818,45.37198055371842,43.156409758498825,24.830650761022135,25.594817356785175,0.3844485258743111,0.4127260959848101,30.128275289792896,NORMAL
2026-09-23T10:37:11.348250,37.503876505141484,42.60976803998773,39.93435525079725,39.13759942265788,44.776963689218675,42.0499458118955,24.689022473336564,24.687489678885466,0.31012164146514026,0.42697776655205416,28.674174320049364,NORMAL
2026-09-23T10:37:11.358250,40.66000533887251,34.74535258812949,36.340697296321636,40.361869885752455,44.27454476728555,43.09383439295094,25.119791358132154,24.154864714830467,0.4436826909744207,0.3790476948540291,30.031495961414898,NORMAL
2026-09-23T10:37:11.368250,43.31000346338334,33.0356162038497,41.55785850088458,38.150024455720896,45.67347550812942,41.96747565251102,24.691810529625574,25.659532707598366,0.3398248799647715,0.414678817531211,29.469550094785788,NORMAL
2026-09-23T10:37:11.378250,43.54850831309479,43.6969685444077,39.73522233530097,40.39346891568247,42.20099949956644,42.26072751036336,25.16625426073559,25.602061507980352,0.4235265319230371,0.3905005682475518,30.21187698885641,NORMAL
2026-09-23T10:37:11.388250,44.74465060193804,42.40487163641338,40.249304879323745,37.996418247583456,46.72452117776722,41.9282330620588,25.047331159768117,25.288069668411957,0.33352832507464364,0.38730777544372763,30.273812657557404,NORMAL
2026-09-23T10:37:11.398250,42.4988003652884,43.49215621361646,32.19236288496058,34.84323252240265,46.98338787772559,45.219935439132385,25.97301261950619,24.94204350815037,0.45987224840370805,0.5113124609640407,27.71453586216284,NORMAL
2026-09-23T10:37:11.408250,37.02727857836676,39.505506939240924,34.4489244888611,42.78804904460606,43.20273627679547,40.89924477870152,25.617920102176186,25.326231219915705,0.3708603722552691,0.4341668570554014,29.078526244451513,NORMAL
2026-09-23T10:37:11.418250,39.906165700010426,44.535144379862615,35.88781254726058,37.75019448703068,42.615370126454636,41.313537777546586,23.72728197960343,24.220423320922936,0.407548998882032,0.46879766234387077,30.685009840940758,NORMAL
2026-09-23T10:37:11.428250,40.44244127448426,40.61700475046168,33.805425451936955,38.35844568889316,43.279173536002254,41.225824642073924,25.29747132515205,25.195855491342968,0.4275609820580455,0.510142284666209,30.534813893566525,NORMAL
2026-09-23T10:37:11.438250,36.08722026278127,36.81242344310259,37.849438852629696,36.77314532835905,43.2423890221202,47.24225868305722,25.039963458604735,24.394774780794524,0.47154186227724393,0.38984904194330305,29.947600614540185,NORMAL
2026-09-23T10:37:11.448250,42.63788896943418,42.539646884601595,36.16057021440873,39.15152424614685,47.73062261287983,46.695006119086635,24.590647576267887,25.007961654548943,0.47624118418822653,0.3869664791840996,28.65636304175387,NORMAL
2026-09-23T10:37:11.458250,40.05654780534435,42.79117352033733,37.7426044765201,39.09751884905366,44.78159927178968,42.16628351321881,25.250852790738865,25.663427020954604,0.4212906608341874,0.42624634084386354,31.123540193653596,NORMAL
2026-09-23T10:37:11.468250,44.19169960406587,44.39608842779289,32.944370170262246,39.08665230389752,45.20589412106947,42.594380208130666,24.5733586011518,24.93364650292498,0.3631128363485219,0.4168723142931839,30.6773092721413,NORMAL
2026-09-23T10:37:11.478250,41.279204294188595,44.19139924510141,36.68872099156066,37.50122212994768,44.239323845948135,41.79837378777384,25.49646257886822,24.913530834002103,0.4266552470468809,0.4469136627028024,28.371327872115117,NORMAL
2026-09-23T10:37:11.488250,41.83746000780303,41.35992080624949,33.38290818404268,39.13517500895597,43.422187775569185,38.67384917868479,25.66508770651322,25.062754088785148,0.2873679754866739,0.3762038422034947,29.67576078094833,NORMAL
2026-09-23T10:37:11.498250,41.661713334109,38.71096154919606,35.322716213495085,39.62231199068627,41.10195024490771,45.89270543514911,25.243833894434314,25.11839029989303,0.37154838309902943,0.40556494206996513,30.059520484604874,NORMAL
2026-09-23T10:37:11.508250,42.4479151506592,36.17714957854355,37.98232804749923,33.307860973091564,44.36713987304645,50.409439196003845,24.513621980631267,24.594787167431253,0.44147709567247984,0.3578778330764189,28.96788873181822,NORMAL
2026-09-23T10:37:11.518250,41.29061522294864,41.45780661773853,40.17139488668341,37.83459404786286,42.19356746472214,42.21007205448459,24.6464665900965,25.149576477566214,0.46839180515583445,0.3584350446338568,28.843968328836777,NORMAL
2026-09-23T10:37:11.528250,41.79037245578422,39.25385809443484,34.424323078194,35.66857717670237,38.43121311924964,42.798946649006425,24.62899337154799,25.894343364899964,0.4197006056641915,0.34891180234773955,28.898795736228724,NORMAL
2026-09-23T10:37:11.538250,40.60009316099437,36.91360117687251,37.80392735740881,41.749450166882085,43.035451993141365,40.914063136985796,24.01376311344821,24.262904813639654,0.4042846727281163,0.3933884794571553,30.188942196075153,NORMAL
2026-09-23T10:37:11.548250,37.723359554831134,43.618106047954306,36.74431146475976,34.392247176486606,40.67532695323612,41.07231265802471,24.96240970272348,24.167261253744567,0.44379367191823266,0.3992348063757403,30.848214225140495,NORMAL
2026-09-23T10:37:11.558250,46.30722357846472,40.113192749953406,36.41075350405312,40.440843633534094,38.78745910271169,46.23452795270176,24.96980834957494,24.78639944418445,0.3432271775046695,0.3346330107749098,29.689826843073426,NORMAL
2026-09-23T10:37:11.568250,43.380517699968976,40.944793458995115,32.23444312331992,37.28033634421645,45.53987922721612,48.50514110700547,24.925036217352247,25.19025397443359,0.4001887095068897,0.37981033736410946,28.848621731139637,NORMAL
2026-09-23T10:37:11.578250,39.247358672599496,36.9757072071426,39.15853658406906,41.12740876823258,43.432519432265934,41.089485242237735,25.504716616074866,26.10823547800632,0.3126134891032474,0.4279930194173113,30.137198296575768,NORMAL
2026-09-23T10:37:11.588250,42.9616990625679,43.07650308826028,41.847229294188594,38.68337060927205,50.4587986839895,39.46067863637954,25.380662501042774,24.2854299999808,0.3290606274096575,0.4209461079909736,30.719936625285683,NORMAL
2026-09-23T10:37:11.598250,40.26330087330589,42.67814954006461,36.184096822142266,41.77766812179403,39.558806565287085,43.62077342404941,25.143053977762744,25.105050120444606,0.4000680564466266,0.3939783844350006,27.425186399622874,NORMAL
2026-09-23T10:37:11.608250,37.5975650578711,43.992280292096694,39.73714780671935,42.39458940039745,44.185995988854245,48.06125135297145,24.930394223779892,25.515422647677234,0.3765827379901554,0.372456837756644,30.904915090976424,NORMAL
2026-09-23T10:37:11.618250,37.6611547180912,45.57496362047526,42.606264521272635,38.98394103210225,48.13576991275055,41.39225016098359,24.87601482261347,25.118744525972122,0.3723323725157321,0.4351965262971105,30.893228279905756,NORMAL
2026-09-23T10:37:11.628250,43.95147127477504,39.46124365985846,34.19171569870468,40.04211816857034,42.93831462785208,38.14949892588764,24.39770327819786,24.857310905055137,0.4761841251851481,0.4190514548743783,29.120278744673872,NORMAL
2026-09-23T10:37:11.638250,38.7615857268467,38.02143579708025,35.45022160511302,39.40057074897034,47.33741092359681,51.11991448728814,25.882684095433433,24.758805957747743,0.4469973340981746,0.4049287628965926,31.740961092342328,NORMAL
2026-09-23T10:37:11.648250,43.54426718052948,39.51405687031438,40.410574663712374,37.02008716356669,42.114545501506385,42.06060960600615,24.866123615189224,23.958997372470066,0.45066099585162706,0.5335119705240285,28.760743929480146,NORMAL
2026-09-23T10:37:11.658250,46.05889621722638,35.907492602012844,37.794316673114174,36.92466412084953,44.56414233535969,44.569346086615866,24.353864464456827,24.918149593563005,0.43685186712910096,0.3535860121317649,31.23950629755366,NORMAL
2026-09-23T10:37:11.668250,45.85468785917159,39.57767248556967,41.5454115883132,34.14094084470503,42.15607224312058,44.606281374275206,25.47316336124456,25.550817784719243,0.44898012154916644,0.40197015299467964,30.688513154152968,NORMAL
2026-09-23T10:37:11.678250,42.09001761057407,36.59579959467704,40.26029809645466,40.423135211646304,43.621562657023965,41.2678947725534,25.973504599253666,24.53416476994462,0.4036089233728952,0.3649045084037929,29.945503474980853,NORMAL
2026-09-23T10:37:11.688250,45.408284587026756,42.229728259735545,37.23068783331701,41.03359568217443,46.79465836655382,42.79901494894985,24.784881340174323,24.637415896483695,0.30533409666886346,0.47754734166636453,29.29125605803364,NORMAL
2026-09-23T10:37:11.698250,38.52266783923186,38.45081927044629,35.15417058975877,41.7748298039349,43.74162846352584,40.069834416946016,24.59710389488777,24.499671400309623,0.45622727441886707,0.32857549494384986,30.082028716461167,NORMAL
2026-09-23T10:37:11.708250,43.467139285715966,42.10456981463456,38.56550338431244,38.65209816118082,36.953783618111416,42.94960505778617,24.751728682061596,24.33958015460487,0.4723624030975315,0.4628693461342948,29.626702288130524,NORMAL
2026-09-23T10:37:11.718250,43.07226869085094,41.01130885751745,33.275507009722304,37.92513908796004,46.611884814923265,42.66753261785695,24.501237022297,25.565564728429084,0.41746622669578587,0.34201562534895746,29.430819220197677,NORMAL
2026-09-23T10:37:11.728250,40.73268309143554,38.04845843120951,39.900154662283526,37.64482355154406,44.41098155171941,48.35220842093157,24.66542326142234,24.448452470573063,0.4000579895438284,0.3774374922210296,29.665756560571165,NORMAL
2026-09-23T10:37:11.738250,39.26487783951447,36.351814955074055,37.01586933372043,35.767326262143136,40.695268390651805,51.51970378216737,26.21151553149778,26.18835392931798,0.3846119540142588,0.3450786422812229,30.554688368227374,NORMAL
2026-09-23T10:37:11.748250,38.91303701780444,40.17104498037216,35.66932074297093,41.23472725194735,43.68077132682532,43.969858041557494,24.696485775237775,24.900839280799296,0.3093558779060101,0.39496243150603955,29.687196856513815,NORMAL
2026-09-23T10:37:11.758250,43.249947327392526,39.58994527754497,35.514528134616086,39.19553778571852,48.38099225308038,42.56891410023805,25.89113431161297,23.74913257069287,0.35667760957665406,0.3865402077024012,28.667082399209946,NORMAL
2026-09-23T10:37:11.768250,33.78550910159508,41.14477538646453,35.5128425341641,36.991722939011616,43.57402310691522,42.34659570461965,24.689107107322542,25.30970715016023,0.36071496233406064,0.45683368592864565,31.22424511864133,NORMAL
2026-09-23T10:37:11.778250,37.25222104176293,38.37496179213745,40.30699661430794,35.81669513063826,42.26968450106699,43.472980994642135,25.50085741380002,25.586883716826286,0.39286060110514487,0.42704186317990545,30.330368629896828,NORMAL
2026-09-23T10:37:11.788250,46.88415028536678,40.96256746176948,37.66279406317649,38.50737022817735,40.11651742539188,39.0978175945774,23.654992891160358,25.735168720217533,0.4980505263232995,0.31389722925603264,30.848850762234488,NORMAL
2026-09-23T10:37:11.798250,43.2050126013809,40.39538309300518,39.552534937179026,38.74568345624038,51.95363070762928,45.721579685827116,24.60605567583226,24.457080852546547,0.4689512150782681,0.3867242235114494,29.783418057704164,NORMAL
2026-09-23T10:37:11.808250,42.447596608294035,41.1995216648041,40.89059303005827,36.63865473312503,37.09975953197502,41.33091674317625,24.60261504652219,24.681507632388435,0.31682974774742095,0.35285693435700216,28.544409163611935,NORMAL
2026-09-23T10:37:11.818250,44.87383233312512,37.73597118791072,37.425962819738444,42.592757451356434,42.980350209592665,44.12308631890914,25.503189344846575,25.287588442097682,0.37084274382200283,0.3479035686358741,31.29092260851799,NORMAL
2026-09-23T10:37:11.828250,42.56426017345824,38.84618558758838,37.11888779337257,38.87037205380091,38.66673782208711,44.44823744952514,25.522253722210426,24.67214569227341,0.35795374198963326,0.37938145502022347,29.801430107130017,NORMAL
2026-09-23T10:37:11.838250,48.05088474084265,43.55094110206317,38.44815262827604,37.46554261428256,44.230567206726214,42.44698107972499,24.418077411939173,24.786105648457873,0.4220560539252087,0.34646321458798496,28.68358844301577,NORMAL
2026-09-23T10:37:11.848250,41.52877456038132,39.80306591361699,33.69683486885653,41.97313062806753,47.52715978585376,49.25636441093258,24.771603260361005,25.285287013358897,0.46128916711846357,0.4271032103379214,31.150772914926208,NORMAL
2026-09-23T10:37:11.858250,42.479772642229385,39.539446262069504,39.172311614649956,40.22991994041129,46.042108163205675,46.27259111691966,25.079436904519973,24.892733497634456,0.4589219141485989,0.3925295121799711,29.17929205175307,NORMAL
2026-09-23T10:37:11.868250,44.84421161674922,34.59810374417806,40.80107303138479,41.11403736708956,44.001363849685816,46.42645794450295,24.799309635939295,25.150126594400465,0.32819265267955683,0.33829365833845265,30.445011352426413,NORMAL
2026-09-23T10:37:11.878250,40.766296830360595,37.56638891050115,40.320303781161684,38.79565416539214,42.00008489322592,42.51042354393528,25.752201747068575,25.539383597926683,0.40261311920595205,0.43216985917055944,29.41900139516197,NORMAL
2026-09-23T10:37:11.888250,47.397925505903004,44.92819972455628,37.10276771983128,39.49934212435076,46.76547309446523,45.894609678749276,25.50408423510205,25.342505083025788,0.4172782812453131,0.3203279433811178,31.46310879067425,NORMAL
2026-09-23T10:37:11.898250,40.987759494379816,41.73485895829272,37.93090505813767,41.63059081413057,42.730181764644854,39.50635958143464,25.733670147195163,25.348386268185173,0.4772126271172076,0.39774795172024746,30.340317956501337,NORMAL
2026-09-23T10:37:11.908250,44.70843186830594,37.94194131426537,34.130107175624666,36.93861878195493,42.08261104940065,48.34457509367357,26.284359455701946,24.895251513328546,0.40464055262254,0.3840213204021712,29.756562424951895,NORMAL
2026-09-23T10:37:11.918250,43.026497058457075,42.02162268714357,37.11877442919939,38.72362506189222,42.186893050407754,40.80334703929709,24.799857522431893,25.345733168871465,0.4242972262978862,0.3737502954150954,30.971229210381637,NORMAL
2026-09-23T10:37:11.928250,42.18080191731534,43.87044952846686,37.52456034720632,43.50346101233801,48.1920393685796,45.17892492925149,25.72090075211587,24.67717267537548,0.4870015500997268,0.3387785150315625,30.079980882172663,NORMAL
2026-09-23T10:37:11.938250,40.15974273867266,35.28062118741154,34.75878077830637,37.912029621749035,45.46159411659478,41.88919336380669,25.468986555721855,24.83616479625011,0.3537108151411387,0.4679535650679878,31.206940073059357,NORMAL
2026-09-23T10:37:11.948250,41.26202620941743,36.162090144331344,35.27429359885892,37.70766129193802,44.22705999845681,46.59522091314653,25.035799586980605,25.14542147273843,0.42154085037739775,0.3409851739843948,31.125229446673774,NORMAL
2026-09-23T10:37:11.958250,46.55975592409408,42.572833566195136,41.86977142784471,38.37461613253369,44.022939137399725,47.10958207839323,24.914715455765755,24.69365279184541,0.4891593822476098,0.3922758585242657,29.196686741081923,NORMAL
2026-09-23T10:37:11.968250,41.9662423357435,34.57204012053015,40.613133528446134,42.36991661920577,40.268341074014245,40.98586545875307,25.92897821448634,25.483171422160954,0.383441961240397,0.39165323829506776,30.40132655869922,NORMAL
2026-09-23T10:37:11.978250,46.261606391330496,43.32456010191598,39.412693804846036,38.49006446339845,48.629758758877,44.74649938917309,24.45076658273711,24.80553301150343,0.4901100855217719,0.30915424158124116,28.9412245633764,NORMAL
2026-09-23T10:37:11.988250,43.64405325271535,40.58726868295164,35.16318550834606,30.241323149304964,43.00570815287467,46.54050724651263,24.499731111227277,24.42647123268905,0.43872911589706126,0.47012891607492435,29.120815894403,NORMAL
2026-09-23T10:37:11.998250,40.956784279726044,36.44594797382808,37.996096771465396,37.12913122676242,43.49061707413281,35.65295454365731,25.458281594286127,24.077235369286257,0.3325264941086209,0.38795670216900485,27.98092012660394,NORMAL
2026-09-23T10:37:12.008250,37.15513261110599,38.16807182352844,33.4025319463737,37.23416348482332,43.684601585176,48.11023781071804,25.43479125210452,23.770322813083418,0.3894008388008263,0.3568273054512685,30.455632526941738,NORMAL
2026-09-23T10:37:12.018250,40.971293374508015,42.051136182168754,39.625535980892785,38.02545069332632,39.03755553335043,41.75507937194568,25.311179806911483,25.284460535627492,0.39064756273009105,0.43332545647928494,29.90249995468316,NORMAL
2026-09-23T10:37:12.028250,38.11960139183899,41.519354830844286,40.08746022933571,42.27583666205482,42.243233285335265,43.36909789361929,24.880619403580603,24.325171818779154,0.41595162416364223,0.35324137011870277,30.06906984644858,NORMAL
2026-09-23T10:37:12.038250,39.997386704149164,39.222566079237666,37.84562511555438,39.20190383001257,45.48518499926403,41.774430069531114,24.858872167770162,25.183049053949926,0.37898449959990804,0.4010511397273297,29.424592693690403,NORMAL
2026-09-23T10:37:12.048250,41.844277640240726,43.470226578314566,40.0287992210434,41.04264915581928,47.63771119625733,43.45030040001695,25.495910814947994,24.83885950218201,0.45036273032019414,0.43775724835897534,31.66359128764885,NORMAL
2026-09-23T10:37:12.058250,44.500506709468695,43.034295884006255,38.79090651679949,37.742538188412716,42.05846738184715,45.544422446474265,24.35931674969284,25.782059141098028,0.41031470800082254,0.43073337363300895,30.969900048681996,NORMAL
2026-09-23T10:37:12.068250,42.7520808612941,40.75374739654099,32.62733259581039,39.88960261194952,45.68947058364617,38.59922759804542,25.095960573866673,24.9481868848315,0.45202154604351374,0.3147297975295063,29.44441515800109,NORMAL
2026-09-23T10:37:12.078250,41.40882858511742,38.407262356644495,38.466545324313806,33.85500134334798,37.19731905545208,42.92055591517488,25.273885124197598,24.586246277878722,0.41843372786009525,0.4151976472726221,30.5763534464783,NORMAL
2026-09-23T10:37:12.088250,42.23116033268828,35.87645960409736,37.99997501287233,39.31888052773728,48.50206579969096,38.50593164217313,26.145885303665043,24.957894974844933,0.3467930400192831,0.3858428982647975,31.118310922128423,NORMAL
2026-09-23T10:37:12.098250,42.154910093260945,38.74161642309248,39.72014300328292,41.44737618398123,44.017148647059045,48.118552302041785,26.05587995983341,23.789624210611333,0.4015406692231727,0.49267456733258536,30.498664139109895,NORMAL
2026-09-23T10:37:12.108250,46.45257300265378,42.71514250292813,34.386884871514376,37.41942222321217,43.97218375637056,47.00825647750577,24.968713257624312,24.760413432008438,0.3730035292777011,0.40942603687937595,30.20664836125402,NORMAL
2026-09-23T10:37:12.118250,48.88935074667159,40.58388712748307,34.903387283277084,40.54600178206664,44.81614158689356,43.5246932230992,24.64278979710288,25.235295390074096,0.37572123495435367,0.37304365677234586,29.411281587471805,NORMAL
2026-09-23T10:37:12.128250,44.936585851731245,36.69731026241954,37.777497589106204,38.33756726285314,46.23926701156173,42.467691468400524,25.456409101638286,24.61789521230146,0.42161254009261945,0.41380773489637823,30.08506340203442,NORMAL
2026-09-23T10:37:12.138250,46.69419376816048,42.59502018931032,38.66866389507452,41.745451348163364,45.160293298540395,42.24803644270618,25.484505916495614,26.116546205724372,0.372115381470298,0.4322030940127758,30.136069406020702,NORMAL
2026-09-23T10:37:12.148250,42.2845518556991,35.34266007539205,36.41006247761134,36.99211827157954,48.30482447154858,39.643413150132204,25.664379094478363,24.525945679200774,0.39130773407981073,0.3798623577445003,29.443835345276987,NORMAL
2026-09-23T10:37:12.158250,37.32376036422022,45.17256448993581,40.810253357374165,42.010965920852485,46.90052087963442,45.73594843183997,25.620642688210175,24.61793402998604,0.4285491497581087,0.47268484835333585,30.35210050064766,NORMAL
2026-09-23T10:37:12.168250,41.46596616244941,38.36763268970558,37.33901910381205,37.834069957700876,35.03858553194046,44.42343785899473,25.762611387090722,25.31393174588222,0.40886680417492066,0.36375591680623337,29.761973174358488,NORMAL
2026-09-23T10:37:12.178250,46.21111080318846,36.89730538323359,43.66333371180782,35.24488578155185,46.584951954065936,40.99264227785706,24.775874946179417,23.923672528291274,0.4474616511422339,0.42150465278349586,31.07548868236179,NORMAL
2026-09-23T10:37:12.188250,40.51460197275118,45.01824439104482,38.46315660944636,38.568318206205426,42.51126307828834,46.720131353261706,25.182015417516958,25.21178610658347,0.32604660336485236,0.3970654035758936,28.995077118842904,NORMAL
2026-09-23T10:37:12.198250,39.581426387636775,35.44033104889456,39.47994594384537,38.73248434915811,44.01350770524991,40.04612743302359,25.092868895910843,24.502510153634816,0.39570597917775835,0.4316017803147371,30.37556820312028,NORMAL
2026-09-23T10:37:12.208250,43.77547771700204,38.97372059089889,33.145689765545825,39.69631129796709,40.79971280206159,42.03960590018675,24.411207782328027,24.883825051353117,0.43330911318450965,0.38356688875509903,28.77583534494663,NORMAL
2026-09-23T10:37:12.218250,42.43601480485999,41.80636812003424,38.05222203886967,39.704069052208375,47.715797852458216,47.99061499351567,25.3562899802637,24.82475515030547,0.41810379234438017,0.3306160148899475,30.011606104639178,NORMAL
2026-09-23T10:37:12.228250,47.58654257902889,40.84493822213064,37.97146144022069,37.04092699386387,47.346677481505964,42.14888176299804,25.152760776256766,24.82565220571498,0.33933272152835625,0.3910594288786864,28.991197499545223,NORMAL
2026-09-23T10:37:12.238250,39.967830377824974,39.286720614048065,42.304941558452256,40.61939340564595,44.94566091712597,41.11282942313055,25.304418230012907,24.932411131156908,0.4610978606119905,0.388982201528422,31.72003499807274,NORMAL
2026-09-23T10:37:12.248250,41.30732011057992,41.271208133267876,36.83564112097106,38.9348184259701,41.05786969938091,39.55667099555726,24.168818923620208,24.579562689436703,0.35272816844447114,0.4143961581344844,29.35528130140634,NORMAL
2026-09-23T10:37:12.258250,41.53340477367365,44.93303272512753,39.48333204172389,35.09178600112316,45.21710212889844,44.806531084072596,24.928816209125184,24.52579287089748,0.4181185067343173,0.38720957725386385,30.26685005755808,NORMAL
2026-09-23T10:37:12.268250,43.74411792033491,42.25923733670294,36.76903870334996,34.96457172147087,44.28883336650144,42.62866866730914,24.91750281938226,25.162737086714817,0.4267137552642917,0.3461560880231561,30.84404536048367,NORMAL
2026-09-23T10:37:12.278250,43.0514310784453,41.49036818243761,38.163255747484385,44.47289317830082,45.35502666098587,42.74491450370416,24.205947901407225,24.86512189762492,0.4242299413413802,0.33647281697999853,29.85272589505096,NORMAL
2026-09-23T10:37:12.288250,42.42614087728376,43.35704790264646,34.236807978498454,38.53980393612619,43.292826149534825,43.013051071353345,25.208911470952,25.43880910310704,0.45486807053248224,0.5297637477439918,30.220617648306078,NORMAL
2026-09-23T10:37:12.298250,43.37243150129249,40.62563583935954,37.802243483822146,36.73629097481999,43.46718742862037,41.05449040589829,24.36163190988682,25.07891159709351,0.37196569278953573,0.4102272474346628,29.715293960484495,NORMAL
2026-09-23T10:37:12.308250,43.5138209546021,45.323516292723205,39.31956790763059,38.10825865517385,42.89594956779891,43.63384422708384,24.79242636762527,24.826744053651765,0.45729168329636627,0.41429874506710984,29.526569753784745,NORMAL
2026-09-23T10:37:12.318250,42.56310531207205,40.65330573004211,36.73365869144399,39.62397515384434,42.79740803053692,41.22169026852809,25.35709266783108,24.660378020666684,0.46947146126987593,0.3381479961825091,30.46376108339849,NORMAL
2026-09-23T10:37:12.328250,43.18688809149675,42.07002180434314,38.73894691014744,41.26089617005465,43.22745013154354,41.87488574816029,24.83321504017938,25.995534908265086,0.3479437599570069,0.45396586906842734,29.169147878942812,NORMAL
2026-09-23T10:37:12.338250,43.61111303774201,44.31860486184912,34.94375533899466,36.79088695896762,46.61101486204669,46.60422186166926,24.70638272274438,25.87433565236392,0.3864251522912952,0.4190883663872473,31.27309324216168,NORMAL
2026-09-23T10:37:12.348250,39.78108369049054,45.99414235856775,36.132889138772775,38.76010984007286,42.83934975807915,49.9764985535721,25.015918553747518,25.434284380507172,0.45871472562626714,0.37873936401308617,30.899863084789853,NORMAL
2026-09-23T10:37:12.358250,41.05723565658219,35.8207062674814,37.07524088756634,39.126092158913714,37.29139999507271,39.42945340526886,24.961253256153988,25.21424216313715,0.43166388623485796,0.3989594515987638,29.3420102658531,NORMAL
2026-09-23T10:37:12.368250,43.73990449167217,36.90514475663406,39.77035530248938,35.19292857981581,46.742857015139286,40.29596071122529,25.779098058069273,24.786810698956987,0.36906929457240345,0.3488665528218029,30.573485159528477,NORMAL
2026-09-23T10:37:12.378250,38.38358606395373,40.220915541107985,39.06855525696991,36.78025261619677,41.25723283743382,41.470446025046726,24.321291151657405,24.638584238556007,0.39915963097721674,0.32208350200931946,30.007038674746536,NORMAL
2026-09-23T10:37:12.388250,42.22631413968817,41.557679509773585,37.982194788578866,33.132211627022706,41.29499223868552,43.92430517320923,24.916445876107158,24.432012062872648,0.47885462891469754,0.46190527032146556,28.62678224658597,NORMAL
2026-09-23T10:37:12.398250,41.53607679655453,42.60824524697576,42.03764051843483,33.67913851804555,45.909715682688635,41.837203466094074,25.07963506216072,24.850328136224736,0.48287830852571567,0.4974108640606295,29.722287406731333,NORMAL
2026-09-23T10:37:12.408250,39.20054340844195,48.65906901182004,39.066342151295316,36.309380214576024,47.36615912259694,42.387894775095965,24.83294034247816,25.527861243290634,0.31378452438257937,0.4468166796846159,30.179747881361987,NORMAL
2026-09-23T10:37:12.418250,43.05650069910889,41.572143782251736,33.84303622892485,37.06987819723455,45.12190922591345,44.538420100624286,24.966401946075905,24.170393551157918,0.38660156935500883,0.35999573079682695,29.22942687340362,NORMAL
2026-09-23T10:37:12.428250,43.43622773211205,41.9064358308558,34.22076750120702,38.66673258140542,45.70015021811929,43.562607270173444,24.913220353886338,25.004210546358255,0.3408508502056214,0.49432721462482443,30.129019478600906,NORMAL
2026-09-23T10:37:12.438250,39.38681298470706,35.4554196290823,33.56706426852083,37.43055194056568,47.0945283606547,41.27718899536234,24.867392130001484,24.49210944821362,0.4743204943078728,0.5120658789331687,27.26350825745809,NORMAL
2026-09-23T10:37:12.448250,40.88414389715893,42.46259135482448,39.220870352736654,37.71174756798394,42.56568145622484,45.00982411750997,25.756965490973695,24.105821077865954,0.36505479417481657,0.42282821422303374,28.97266716042961,NORMAL
2026-09-23T10:37:12.458250,40.33750878018837,44.96492575838224,38.70006228995476,37.67284961480796,45.42324405151894,38.913489834872195,25.081515516507835,25.225221122363394,0.4600179653185231,0.4319270176468854,30.1360651648849,NORMAL
2026-09-23T10:37:12.468250,41.41223149628067,40.24694137202725,41.05867151950068,42.09106375727536,45.61398645550214,43.10568546918242,24.570367150148446,24.324127546199104,0.3772426962075274,0.43878020144118346,30.159942990571878,NORMAL
2026-09-23T10:37:12.478250,45.82822354851238,40.434610615007315,33.93129575741075,37.27744823714746,46.500827200778815,43.73816922461894,25.061181855350974,24.977323571294406,0.3747019001988924,0.4319254784769944,29.47188279684869,NORMAL
2026-09-23T10:37:12.488250,43.17968802768344,41.05585233593046,33.97924714010364,42.84125765385211,43.23576558124131,45.51170432570244,25.29373729950526,24.987612640925366,0.3769599741444048,0.41008202596611515,29.466316382413343,NORMAL
2026-09-23T10:37:12.498250,39.48685275723888,39.466980645741884,33.814821605866136,36.47643939863414,43.57103755803948,44.66551098924139,23.987490950731484,25.23900667488766,0.4663190420072023,0.44403676278131354,31.357106508638044,NORMAL
2026-09-23T10:37:12.508250,38.38337440092584,38.093241810261105,34.472995295873645,42.41341227342701,50.549252279199735,38.17947784687367,24.91742399487301,24.33002021942087,0.3060647758715024,0.35234368788005305,31.47277311609811,NORMAL
2026-09-23T10:37:12.518250,40.49523499335526,43.4036950359722,39.639474452391156,36.91232325484346,48.00170725316218,39.718194458618804,24.739585606781898,25.222035216652074,0.3848181795645768,0.3873781622907675,30.809119936543453,NORMAL
2026-09-23T10:37:12.528250,45.44923969497653,35.578446021165,38.07032573865497,42.15718067837828,48.73643459532737,35.43866939192959,24.615457503080115,25.041917857698195,0.3790609379034457,0.4360188562707777,30.48372735265699,NORMAL
2026-09-23T10:37:12.538250,43.629777822909084,40.28322517189847,37.55312548502361,41.3332523989816,45.59666403208325,44.00246046053501,25.05307428082053,24.617444812814764,0.36208694315918727,0.4064302500453372,31.03563708374018,NORMAL
2026-09-23T10:37:12.548250,38.95715126835556,41.980501372214874,38.99335585672729,38.354630037043215,43.643074089078205,44.921131484063,24.607985489435066,25.69499348729069,0.31269099839263437,0.43293924866371764,30.692622790673745,NORMAL
2026-09-23T10:37:12.558250,46.149863922976934,34.88007568120367,35.3455622832887,41.69873275712999,41.65881429310855,42.91254559594578,25.53739832281439,24.46621229098995,0.34781451751101666,0.35061450096456004,29.95784548856312,NORMAL
2026-09-23T10:37:12.568250,39.755380877052716,41.163971113331115,37.715373857820566,40.24982980224093,42.01702404513386,44.65160674208564,25.423132562043694,25.44447195799382,0.4219404645948367,0.37846448310834324,30.1040383892791,NORMAL
2026-09-23T10:37:12.578250,37.795680683266816,41.91546507824419,40.262963464446884,37.35860765460422,48.176304675092226,45.4990823579191,25.982097528261736,24.43949715941007,0.40380919023708783,0.3668653856517362,29.585258893956844,NORMAL
2026-09-23T10:37:12.588250,44.306968747331474,44.461777954034744,37.9354292312042,38.16042714837074,40.74035977784846,42.851347121719215,25.137489479866336,25.31449902043078,0.44674386436022484,0.37204516922172093,29.32229439172461,NORMAL
2026-09-23T10:37:12.598250,45.988644034324516,41.795299287234954,33.714136537161636,43.010284205291484,41.94916689254922,45.43221912508528,24.83559620037215,25.027725750364887,0.4834103742046872,0.30893340451021395,29.678957649805643,NORMAL
2026-09-23T10:37:12.608250,39.82435415280081,40.1751115019645,37.21346855584634,41.3103574427458,45.28887521836033,41.583974772817534,25.7530328026706,25.421097550197015,0.3558793244496804,0.3812547901182337,29.321646403721008,NORMAL
2026-09-23T10:37:12.618250,42.640552576621786,39.84430186675295,39.86432364578475,37.674654593461554,44.03589442465341,41.20153471710124,24.695600667898063,25.423001538313667,0.3245026551991076,0.41171487583564775,30.82201958593514,NORMAL
2026-09-23T10:37:12.628250,45.92333498318458,38.18164668616821,41.039947246779846,38.72906270674654,44.27194611876176,43.83457687955559,24.34028699629507,25.655489556478283,0.4348693427176411,0.3671058921109836,29.40879408842646,NORMAL
2026-09-23T10:37:12.638250,49.06868903076549,40.393062624859304,37.81622449093616,34.91981528117881,43.304547967165185,44.566017755338045,24.727016368455278,25.07254725704143,0.4161578445262974,0.3815095251038166,31.003181473195145,NORMAL
2026-09-23T10:37:12.648250,41.42543078554333,40.7446735869641,37.972180642733,34.500167122504806,45.733558248254056,45.306764109752244,25.387941409043673,25.222257920010282,0.3956816373873617,0.4272284904139486,32.726345225715576,NORMAL
2026-09-23T10:37:12.658250,38.69380863997104,42.81283291894296,39.224682809167675,41.1039091413789,39.721158671831,49.04080970712177,25.64543561469423,24.884193659378337,0.4913004907340144,0.40826652675452496,32.11956235065572,NORMAL
2026-09-23T10:37:12.668250,42.64912760752263,34.965933363689146,37.93411579488114,37.867481311447165,39.877625411922146,40.033410356731316,25.14029137581947,24.625487637101504,0.4500693160100952,0.31579690964105345,29.753086997024855,NORMAL
2026-09-23T10:37:12.678250,43.41189151332877,42.21943467679781,36.595347094592455,39.678488363872255,40.894428844830145,40.89254071398291,24.289619744687403,25.654079943816296,0.3798021568005724,0.35031286279483187,29.7113521476121,NORMAL
2026-09-23T10:37:12.688250,46.08466605568262,46.27415830656246,35.76528310228328,43.525200851497296,43.841751993626644,46.452866091080196,25.43954576778158,24.61663559616209,0.3656585172319863,0.3165579661963755,30.03770301492729,NORMAL
2026-09-23T10:37:12.698250,43.23372532664825,40.39299626516104,34.90278862275003,40.13481564628911,46.43041162367086,43.50547294937325,24.688157174312614,25.169805469522753,0.35299814607207625,0.41377391155502674,30.377728149709764,NORMAL
2026-09-23T10:37:12.708250,45.18264795773374,46.57564969805295,42.61382446088548,41.2128861330584,42.40762390436892,45.00379276734924,24.295098395878945,24.99656745502769,0.3938312737280537,0.37488096983656083,30.504634371192175,NORMAL
2026-09-23T10:37:12.718250,40.70627852007804,47.03590910713841,37.565704221931384,43.7540287208616,44.868894056322304,40.018912165359566,25.05693430935029,26.071908659811417,0.39239806616851675,0.4045244005204675,30.552559783493724,NORMAL
2026-09-23T10:37:12.728250,44.38643205544473,43.261140087518235,33.770715800988,37.172297642018435,42.40765934538172,52.1188941835195,24.601221823664837,25.069120209749354,0.5345490661131211,0.42534855492198353,31.345760419128418,NORMAL
2026-09-23T10:37:12.738250,44.555180836754474,36.250138713119306,36.84078589201825,38.38292621190701,38.589156458532955,36.762695432649245,25.499370681798933,25.96084641218476,0.3466878232045468,0.3941898516234985,31.45692003886338,NORMAL
2026-09-23T10:37:12.748250,45.15786737665018,36.76279188089315,37.905530762997586,40.02828758172124,38.360135359493945,41.377124744632404,24.72152368805022,23.848090732204856,0.36023314662715084,0.4063377572848809,30.42396240142794,NORMAL
2026-09-23T10:37:12.758250,38.098264682679144,42.61842003401492,37.50527681759721,38.671508925616735,42.22128268861286,36.48589850533057,25.43197061777131,25.233157567563236,0.3987275405182105,0.3735833066406968,28.646330623279244,NORMAL
2026-09-23T10:37:12.768250,43.21571490183376,39.60451786362577,39.43998145292037,40.681353402054796,42.49322199710529,40.80499559173523,24.917218864069824,25.164690314867524,0.3137515588830654,0.4093747564216121,28.5446295447763,NORMAL
2026-09-23T10:37:12.778250,40.90432479291732,47.92773018826522,35.51753507891621,36.440290682098926,42.76887701183792,42.32967149426007,24.34899115629574,25.17095924019668,0.43186148033201416,0.4253870077502109,30.348012511297743,NORMAL
2026-09-23T10:37:12.788250,41.18600103783602,38.16064089175677,38.08559526674043,40.311360134122616,41.46136969431797,42.36884004823191,25.005930386213908,26.132047488963494,0.45641060005840717,0.46764604320165803,30.703462904417307,NORMAL
2026-09-23T10:37:12.798250,40.156828860718015,42.837288837666115,41.81192416772852,36.52345402553956,44.182840478034535,43.38733234126101,25.280415869387856,25.583279649373505,0.39009326248171866,0.3921492132191505,33.14903545827078,NORMAL
2026-09-23T10:37:12.808250,40.55940335879898,36.88171795524685,38.34811832111157,37.59402468951019,43.49273962570322,42.64246662274015,23.858838194876522,25.04304358651537,0.41146632009141604,0.4592452373752298,30.172726759673075,NORMAL
2026-09-23T10:37:12.818250,45.46896757822558,45.925704515546435,39.313074067058864,40.15453231921317,43.01057406023358,44.86757297280301,24.83475857838075,23.82605944487954,0.39367837626718905,0.4569634566114251,30.886118630119146,NORMAL
2026-09-23T10:37:12.828250,41.195499715717055,38.62505110920593,37.33629753637992,38.91167395975918,40.4907397511514,39.97756535139089,24.95985628074661,25.107915607308584,0.42886261206406756,0.3597495058808943,28.071717062970343,NORMAL
2026-09-23T10:37:12.838250,41.41843869331063,43.939847263342585,34.31172358100247,36.8608307500931,41.98730567228471,47.93918860622776,25.554165685150462,24.834315120517488,0.43890780610619684,0.36475597863174075,29.9662408061136,NORMAL
2026-09-23T10:37:12.848250,36.48185251831711,38.06178712408304,35.61493748238767,36.07863489722957,45.66814947772122,40.01731635493096,25.503650480745748,25.278177891797426,0.41188587094300233,0.4584970566057795,30.251958737134057,NORMAL
2026-09-23T10:37:12.858250,39.862709039570696,39.701889540420645,39.6675482882172,35.81123825440735,46.72904158167569,42.39260143926323,25.30935240467568,25.058891169028723,0.3609939406521669,0.4793924048903323,29.75671209197515,NORMAL
2026-09-23T10:37:12.868250,42.90815597785917,39.4030762097386,35.98914702212893,39.235455367550045,42.493896028594946,42.8144475607569,25.067261111733863,24.733924706857284,0.44922401003736756,0.430008571931645,27.945736053955745,NORMAL
2026-09-23T10:37:12.878250,39.25828641750226,39.88165153502617,35.544722118478596,37.17331050199686,45.93270457366574,44.45911067061904,24.19273314638235,24.3498828854497,0.41256132134220613,0.3847989897907655,30.817519757677843,NORMAL
2026-09-23T10:37:12.888250,40.03927589985952,41.10219876496886,35.81531562043437,38.29349762540676,45.79811109933899,44.14664291980293,24.444388236913454,25.52192765357077,0.39680180855149383,0.4217855336096488,30.430770923877056,NORMAL
2026-09-23T10:37:12.898250,40.63101767429716,43.610303388672044,36.18360396914915,38.05408243898925,40.34041442749648,38.362837392914585,26.098294164549994,24.916719351358694,0.3794333908891707,0.4937631419846293,28.257540764952747,NORMAL
2026-09-23T10:37:12.908250,45.6586336313749,41.737597780913724,37.65213193626405,38.417554465688255,43.10155667106444,47.46681904774148,25.50676091943237,24.9329767123921,0.36049372187531187,0.4011730072496723,28.988936694738367,NORMAL
2026-09-23T10:37:12.918250,39.56144792016085,40.096884075284215,36.097601638292765,37.37890239166173,42.9095523664677,39.88189706359419,25.759319247365116,23.936339093536514,0.4349769536903185,0.4334348197238347,29.820151078955224,NORMAL
2026-09-23T10:37:12.928250,41.506086168861316,41.41427223504003,38.106999786155775,40.74318301600266,45.625440051496334,41.77376363121123,24.505731979644185,25.156561068092138,0.4285596779817375,0.43920932876842844,29.44721753348533,NORMAL
2026-09-23T10:37:12.938250,49.426820238051086,35.8068306586041,42.60619787201999,36.976076440306976,43.68004793928576,48.24986251233148,25.930315299793005,25.777569037515285,0.43981556344701617,0.42030033476305917,28.610558972423927,NORMAL
2026-09-23T10:37:12.948250,38.428548045193196,40.77122184365184,39.51587393357262,40.800798951744,46.538650844930615,47.186780309626954,25.70918959516292,25.019940790254235,0.29543750990246276,0.45044979232083576,29.78002278671664,NORMAL
2026-09-23T10:37:12.958250,40.552060413731006,41.50307273923552,34.76577123893127,38.43367436357531,39.65644685253084,36.03349524567835,24.64629611521235,25.728809897006936,0.40591989137392304,0.43868208764573424,29.88091736610628,NORMAL
2026-09-23T10:37:12.968250,43.194988146136275,35.31407946106621,36.174933503932316,36.80480688435688,39.87889417217941,43.330841930760435,25.19383922379898,25.173527441962587,0.39688883922702944,0.43477541636135847,30.0575003979161,NORMAL
2026-09-23T10:37:12.978250,42.80774489910304,39.24093581774984,39.35451678326841,40.04434281410981,40.904179724531765,41.02102974647842,25.53249865730391,24.343478124831986,0.37916493050173117,0.4509095526143739,30.67226742357351,NORMAL
2026-09-23T10:37:12.988250,44.927850017369614,42.80864529698867,37.09742416716897,34.55136267590531,50.16022109344897,45.42959098540709,24.556996109337067,25.06049929665916,0.3683079417695862,0.3947885624971344,30.58979609326149,NORMAL
2026-09-23T10:37:12.998250,39.87119444118576,46.67175718460137,37.15891691621792,37.86674256208789,47.53330215184434,39.51941642518606,25.062791464441162,26.057675781556352,0.4046411916489471,0.41111185447360443,29.422758884173202,NORMAL
2026-09-23T10:37:13.008250,39.19842215675605,40.32934589497215,43.691351529557195,41.294752272420475,45.606816098401296,45.071573746620366,25.479127065032245,24.834944435993645,0.3991772487014052,0.3967909399948102,30.449162587463416,NORMAL
2026-09-23T10:37:13.018250,39.10438850450194,37.08625862568944,36.1558259580603,39.975129216010544,40.70143201363215,45.31232940103664,24.426741029274748,24.89227637709392,0.33089134752626603,0.4306485192324675,28.467960326727397,NORMAL
2026-09-23T10:37:13.028250,35.970192767724136,41.18833633486144,38.811103341150755,40.91763786015351,44.52482550734142,44.26778514597676,25.092775380797598,25.102510784536292,0.4688167192697493,0.3893728322491918,29.025482784751418,NORMAL
2026-09-23T10:37:13.038250,45.92577657193094,43.901693102246035,39.436360246818076,37.64312373299375,45.446698241059224,48.06322009127269,24.762753508132793,25.33696817947522,0.33309025494286276,0.35371643486467996,30.98152247692333,NORMAL
2026-09-23T10:37:13.048250,43.98070618112078,39.9544808302832,35.29125609385981,37.14523908159711,50.142867138799346,43.18648383879425,25.433917431084154,25.291878602497,0.4136127978381689,0.422359819083975,29.674531041733463,NORMAL
2026-09-23T10:37:13.058250,45.39274643628958,41.27205241616138,37.21240259318423,40.35000149480879,43.895773140397985,44.19622671597919,24.57861559261735,24.116030762225552,0.2902600876781334,0.3264193802833195,28.996845924861685,NORMAL
2026-09-23T10:37:13.068250,40.26688226433595,41.02258707316521,39.20320312316693,40.35795734606294,40.47551733173536,48.688067139495224,24.942826186138028,24.70124351439727,0.39521635090240614,0.41343471981752844,30.353605457741708,NORMAL
2026-09-23T10:37:13.078250,40.35256103971514,45.61206828420583,34.105914624105544,40.19486152775787,46.30939335494327,42.85169123170351,24.525786468961922,25.040341030243937,0.4464587109666405,0.40396819735588807,29.478013378247574,NORMAL
2026-09-23T10:37:13.088250,35.87589124167123,41.90812031829403,33.1281568798194,41.748786345019866,41.67141363501695,46.46629620519491,25.495057320122744,24.98603644706626,0.38986216455197265,0.4975973645141608,29.73641514681361,NORMAL
2026-09-23T10:37:13.098250,41.10602759269192,39.603633447188535,36.12867507928034,39.02548994143502,43.544229587877545,34.93764424911764,24.475915977165208,25.638230747104377,0.44300263482014895,0.5167718215797007,28.3304201815413,NORMAL
2026-09-23T10:37:13.108250,36.042619473299126,44.239848773466875,35.37190542583398,41.20125164468317,42.061021681509246,46.545237292233715,24.841567819895946,24.927599775195496,0.47503456967227,0.43796753622532447,29.355526084024508,NORMAL
2026-09-23T10:37:13.118250,33.67815662394528,45.7609620151933,37.73623432807551,39.67456166153565,41.27071653424618,42.65385694779857,24.594405101523982,24.654173104400908,0.2739276402360735,0.43660363581730843,30.216878233962102,NORMAL
2026-09-23T10:37:13.128250,39.61228180876573,44.462074818939726,37.43967936441386,37.89583285000665,40.91008934032455,47.5901129688293,26.056133004602707,24.473662431711226,0.34815718763591347,0.3863632572922154,30.778267804127925,NORMAL
2026-09-23T10:37:13.138250,42.16367030293167,40.4939502530561,39.972171044599534,39.51897585368373,43.17291554515831,42.452444692033225,24.81775391789798,25.49812557431026,0.3990424578975873,0.39848583350096817,29.991636772682714,NORMAL
2026-09-23T10:37:13.148250,44.78558924791247,39.767834935970285,42.8408728769147,36.829320345807616,39.574835296818094,43.71488634949404,25.175408292550262,24.785240706981973,0.5644385652414045,0.4217908655368813,31.253036564500142,NORMAL
2026-09-23T10:37:13.158250,43.84313158820321,42.02412422990085,35.69344950198962,39.39244322696539,45.614861413921965,39.0459159415609,23.846040517253805,25.61040270928524,0.43174483773231315,0.42250150391553004,29.72300378943181,NORMAL
2026-09-23T10:37:13.168250,44.45108327085457,36.837596859732386,36.527155648470305,37.55529891957884,47.53993356698118,42.18582936294627,24.69528640618812,25.41828200807863,0.4478619424600437,0.39332942197847226,30.40146127416878,NORMAL
2026-09-23T10:37:13.178250,38.14411340465151,39.283294448294114,35.67213308681543,38.31049668582413,46.28657308010645,40.73975250524536,25.347835784671073,25.413061763239867,0.3547620325595842,0.507754952844381,29.738255697856932,NORMAL
2026-09-23T10:37:13.188250,38.72032850442139,38.18428491119283,39.14641276010864,38.499411763049885,44.379851686143745,35.97103112898873,24.545435920855667,24.26189324382539,0.4400247274935888,0.36820807864931526,29.43795053987699,NORMAL
2026-09-23T10:37:13.198250,42.16604527956356,44.590818291845494,40.18125909988676,41.24452274872475,41.70925280347308,41.9988707041442,25.01673542252297,24.500948274991764,0.3955210785112297,0.4031292868677232,30.720502316732677,NORMAL
2026-09-23T10:37:13.208250,36.27767480152828,40.02825833221134,38.206720561135235,43.4303792404167,45.90245605064618,41.409979146712026,24.63583202284199,25.339117472172088,0.42380145884048775,0.3554466950520586,30.10422776648229,NORMAL
2026-09-23T10:37:13.218250,46.57153507772941,42.83879429967955,36.12529777081152,35.3539960418823,45.92071888532725,43.66463163962062,25.506763676660196,25.646176197967357,0.3644476007823527,0.40104916196330975,29.11961744525918,NORMAL
2026-09-23T10:37:13.228250,36.7611797002896,40.18619589961744,40.048055171980764,39.283762973568635,43.97676870262373,38.443041328206974,25.072009209055427,25.0031748211285,0.4002788676405485,0.37981410836817703,29.69172903769116,NORMAL
2026-09-23T10:37:13.238250,43.66399189434489,42.15956125214357,33.33645240423057,39.77645592013216,43.04736547634642,43.35099753392722,25.367157449628614,25.35273289561886,0.49208954733435467,0.38994815067315314,30.685498101045383,NORMAL
2026-09-23T10:37:13.248250,38.83563344834121,42.97514554346841,34.5962596154613,41.196728019373765,40.785418759623354,39.11337446577111,25.293196933766115,25.367904517791807,0.4847368937011981,0.38319467968004906,29.48856948811713,NORMAL
2026-09-23T10:37:13.258250,41.80245333387784,37.23146685572735,35.95393107506754,39.30881703008331,40.24331077755905,36.41040502930913,24.258527013058487,25.032800137267703,0.3400447224842289,0.44884935381367996,30.811258642388065,NORMAL
2026-09-23T10:37:13.268250,43.94570403060138,40.36363130754861,38.2709065061322,35.89426990970822,45.03007917102382,45.54169861632408,25.02937751181806,24.352367955384494,0.31638961721626147,0.38923311559379487,29.798098765556386,NORMAL
2026-09-23T10:37:13.278250,48.42148988628781,36.756319559034004,34.074968740596155,39.802369879635556,42.57176711285929,51.368297917640916,24.383516591235697,25.767047889095487,0.3536957457230474,0.3990672361318415,29.72968001183356,NORMAL
2026-09-23T10:37:13.288250,39.12630727253584,45.045833957268485,39.40313336206843,36.62027442151476,47.835069194588264,40.470259716946245,25.67095958106325,25.092295763354763,0.36068306031232017,0.40336137904493113,29.15311216301004,NORMAL
2026-09-23T10:37:13.298250,36.749629351965176,45.12950652694904,36.51217278568343,37.07856631770706,39.66864839279442,43.77692710206307,23.983036352563,24.473440923822277,0.40970065187583715,0.33972837100939535,30.608212192944606,NORMAL
2026-09-23T10:37:13.308250,43.928953367450454,43.665897516679934,37.357515505813204,37.119236275232865,41.94701135136178,48.63246912373853,25.272277367803238,25.121702896464726,0.4189605828534627,0.4916241079096197,31.44406057834391,NORMAL
2026-09-23T10:37:13.318250,36.987879303969166,41.74828999609237,42.51457156811838,38.46792004406442,43.76011287296921,40.80856761683107,25.24987947085722,24.817958061756446,0.4655152427582728,0.3474940419236379,29.680272012063188,NORMAL
2026-09-23T10:37:13.328250,42.526875207035594,39.87154211787401,37.202912995789596,39.55574698692145,43.04219886956014,43.34334913234872,24.319482008123302,25.61161592906014,0.30452798010187776,0.36651337894070496,31.396755857048362,NORMAL
2026-09-23T10:37:13.338250,35.53309291374417,47.256717188220534,36.50725539117802,38.25377010374515,43.94955243503593,46.21783855838167,24.924654932409847,25.326559208357732,0.44810540689584655,0.4780484013176937,30.235507569426655,NORMAL
2026-09-23T10:37:13.348250,40.17109466491436,37.32458324424409,36.2629682622689,38.17502815219382,42.23467602154991,45.33661992281172,24.016555017137858,24.674726182852822,0.4395404075659295,0.3814974316515806,29.88849260926368,NORMAL
2026-09-23T10:37:13.365985,43.91944341949379,45.45894731545229,41.038335156774615,37.09818126545149,38.3314109615128,43.13624375003204,24.487937090341408,24.757585585515756,0.3584615016074245,0.4556102354276723,29.491919187116498,NORMAL
2026-09-23T10:37:13.375985,41.41089512004825,43.89065290808374,39.081363898707906,38.317463834021225,44.80761427067343,47.620394523531495,25.41172571845388,24.92525582830336,0.4239068650354684,0.40825808580674466,31.346389579457817,NORMAL
2026-09-23T10:37:13.385985,40.95984960275274,42.8663946916183,43.262047116487146,36.94018921585103,43.95939787337294,47.67625278371315,25.921900195142765,25.419415637456304,0.41931873621847954,0.3960770493248778,28.256597058383708,NORMAL
2026-09-23T10:37:13.395985,39.320327618381256,44.21316318616687,36.77697893457721,38.31174170946542,44.606267892210674,42.52904667078481,24.770658776916413,23.901901241322847,0.42024832851672045,0.3989893788479173,30.24589545296427,NORMAL
2026-09-23T10:37:13.405985,40.774378068371696,42.98473867447317,35.84560328850776,42.66696846094183,46.419794119416395,45.89855210133111,24.88512215345597,23.870193897882302,0.3468444059049463,0.31222620438314813,30.03511673059737,NORMAL
2026-09-23T10:37:13.415985,43.16259262662345,47.15553591988156,36.26163938859031,37.76302010135391,39.11044778427859,51.24172566657627,25.31032343453685,25.641990253001516,0.37909933929190404,0.3844081870031241,29.73389480822298,NORMAL
2026-09-23T10:37:13.425985,35.11363145387548,38.694103668334385,37.90618800190583,39.72399156948845,47.482100320440885,43.79213837657691,24.688559242785885,24.56942442509732,0.36793059977541837,0.49193262017938477,30.204876450215373,NORMAL
2026-09-23T10:37:13.435985,41.88860911379906,45.86135334479601,39.468755930960086,40.16216201138076,40.563935296672454,45.90091699713831,24.417762371045114,24.951934500233342,0.33677622563982534,0.48064822561409215,30.548172938117876,NORMAL
2026-09-23T10:37:13.445985,40.93126528930989,38.00549435506209,36.78010461571419,39.60396752308292,38.081661921133886,45.43174994952045,25.475871190293663,24.94756791290286,0.418569316031739,0.45023286329909673,30.679054806662087,NORMAL
2026-09-23T10:37:13.455985,42.775966726693426,39.17179649679222,37.05161844382738,38.91697574091874,37.71902365268987,44.041744862578916,24.375839949458882,25.0864929327189,0.3995070318607471,0.3827559267613347,28.202693613847334,NORMAL
2026-09-23T10:37:13.465985,43.38423155104613,41.72304988332309,38.31575781221384,39.67756627074175,41.434094389124006,46.547228362062434,25.015036151504265,25.415597235105515,0.3551527584615477,0.3647028902206362,30.28731129664,NORMAL
2026-09-23T10:37:13.475985,42.83397459020261,40.99530488170161,41.13146463084823,34.92645369528759,44.1557947417992,38.851839171732856,25.869003360638764,25.14666192518165,0.4776440641253019,0.4812086428719377,29.373730499126108,NORMAL
2026-09-23T10:37:13.485985,40.84237333269412,45.21249096607121,36.055242436700915,38.668837223974634,42.85589114310751,39.639623832342586,26.012754531966383,25.35742443795048,0.380756449950989,0.3329754115208844,29.874477612002963,NORMAL
2026-09-23T10:37:13.495985,43.98870444720612,46.33387762306087,43.17997206484874,39.50195599636179,48.900727377370465,43.70655895645757,25.468028603536823,25.11208084531247,0.37470358081619737,0.47666553992557,29.785803130174198,NORMAL
2026-09-23T10:37:13.505985,40.05924483804666,38.33202119808694,40.21376382432231,40.93295280381892,46.3669691175988,43.50969134476382,24.30044854609204,25.62319883018577,0.434882602469323,0.42047989601796393,29.097677947140134,NORMAL
2026-09-23T10:37:13.515985,39.76782067247403,42.92390523029809,36.12933288371081,40.631159245622065,44.560888304460455,44.27595131712279,25.486609113452456,25.403853378222287,0.41375888953815537,0.3553380788987832,29.761364147619698,NORMAL
2026-09-23T10:37:13.525985,46.055163674803495,41.66821300658378,42.429655522684385,35.48166154468009,48.570560463845865,39.99562990070365,24.292354783702915,24.544912756427077,0.34915801355527976,0.479073115169,29.033076464284363,NORMAL
2026-09-23T10:37:13.535985,43.27532046761251,40.36326524274882,33.95792931889041,40.12572282376233,44.50675406960281,39.34154143479079,25.51673754884585,24.567598118693454,0.31107271541685055,0.45161468966623264,29.576023095793907,NORMAL
2026-09-23T10:37:13.545985,38.50910735088236,39.28703921791037,36.52140637052567,38.82346250397742,40.35392815903098,46.36865118844326,25.23667054312211,24.878774922231294,0.4892412416196949,0.4085395548869331,30.402979378902536,NORMAL
2026-09-23T10:37:13.555985,41.615299007982685,41.001589132009876,41.12778710211867,37.69088186755062,46.56237461443478,40.87414166895117,24.685462174779822,24.528513976269032,0.3264942370535092,0.42529390508915776,28.728359319687915,NORMAL
2026-09-23T10:37:13.565985,44.762078873455074,43.73810925020968,37.15460076869762,40.767952927579344,45.44687784972416,46.014785860728296,24.47903506733277,25.20660819421335,0.45588921962573425,0.38783336528398993,30.39155809624782,NORMAL
2026-09-23T10:37:13.575985,40.25565913537122,47.6168331718017,40.12664039548564,38.432300404274024,48.06202355763023,42.57265168387577,25.167392269432924,25.363779526074506,0.47706049776273346,0.38351252081753295,31.98927792722078,NORMAL
2026-09-23T10:37:13.585985,44.95065941931755,44.03423950206504,40.092710167691436,41.76551780981852,45.40791882954016,43.4533532309493,25.737298144693135,25.181925421826328,0.44215580365875506,0.34941254879704015,31.53478289447663,NORMAL
2026-09-23T10:37:13.595985,43.24269444713903,45.407827341424635,39.47606406023322,38.8903178063406,46.310958332130745,40.424382067145565,24.111236704869366,24.518779942116176,0.46339698812968977,0.3625708303446505,29.451951585908873,NORMAL
2026-09-23T10:37:13.605985,44.872057167922605,42.52019412766329,36.165704936113606,38.872609058557344,42.67494631335853,45.56899822391446,25.228697832606166,24.53459857870108,0.33583465387112743,0.3205376907962163,30.553427803669013,NORMAL
2026-09-23T10:37:13.615985,44.08790652184456,41.64358656485707,35.80644253604887,35.95612997909027,46.37844804494241,35.052697934925014,25.246767713116824,24.786988966101138,0.3795087263400048,0.5109014392129023,30.638515909714187,NORMAL
2026-09-23T10:37:13.625985,42.5803916368422,40.64118108567868,34.482835093585855,36.12597364088568,38.784601313978136,42.64567415050294,24.34093022880927,24.96608686307554,0.3806233080268987,0.42888019224227897,30.125061075318424,NORMAL
2026-09-23T10:37:13.635985,41.32486541360971,40.56326571132928,35.578227979661854,40.01042982348099,43.983397204334615,49.21196502738359,25.546608206039757,25.094096840034677,0.45841468482942155,0.3437382335108614,29.431648854957366,NORMAL
2026-09-23T10:37:13.645985,37.75605881807522,43.4002418499983,39.762388833771354,36.495556023782505,47.216624397001574,44.077225255049534,24.467074145837913,24.91748628501965,0.38856817764591806,0.4943876595517692,29.80006143147053,NORMAL
2026-09-23T10:37:13.655985,44.162350977449734,41.22299857815401,42.26719959817554,37.215952706709224,46.52375214178138,42.98308733719386,24.752388460164344,25.04567471377869,0.48110423013067183,0.43459464357210753,29.352122125144767,NORMAL
2026-09-23T10:37:13.665985,39.87111562004284,43.85461376271087,41.12798395474204,37.14043331344649,41.41479685276199,40.98901802492771,24.433537183206752,25.316765964273735,0.41200242244385105,0.3770826207765055,28.317160599721703,NORMAL
2026-09-23T10:37:13.676496,40.7840690922989,37.67402182148663,39.817706510186476,40.2548060035482,45.77745420005901,42.401942629187936,25.422362441976436,25.455667859435174,0.4256149782320741,0.46513747555975476,29.86236719987727,NORMAL
2026-09-23T10:37:13.686496,38.52797371394866,37.17803735416188,42.133431434531246,35.991822825356856,45.51499203704709,43.14813010689279,24.946618988375818,25.633654407238588,0.4745896904109075,0.3649723787928632,30.184555577065986,NORMAL
2026-09-23T10:37:13.696496,42.56347953622117,36.82800107998196,39.59826786775536,40.329621874432505,43.89894724956496,47.50312393114273,24.168705788035044,25.385616793597375,0.3735307140655109,0.34784530547877135,30.734886941370558,NORMAL
2026-09-23T10:37:13.706496,41.64265121474625,39.53253099860556,42.27351630774644,35.78825845881308,40.513296150291325,40.74157980600774,25.152036200044833,24.994393937062075,0.3966927184487163,0.35329605713601236,29.027005035376202,NORMAL
2026-09-23T10:37:13.716496,42.970885585886855,35.58827794676938,39.47303188678504,38.30429882739223,47.31267545636816,44.26663978051545,25.23826043170817,25.11147261292801,0.28918113635846543,0.41928085302892726,29.83777257314129,NORMAL
2026-09-23T10:37:13.726496,45.19011306754191,38.544674638410804,35.52430148413925,41.640540267384345,41.65881154216462,45.21589940677917,24.33505618477398,24.963752937500022,0.42122862670560735,0.392322264795531,29.732235335866953,NORMAL
2026-09-23T10:37:13.736496,44.62001755009927,35.11206332294442,35.908438991743566,34.774008485114614,41.219213851563865,40.627260086673,25.196235583946326,24.869071924986144,0.42848126968065786,0.45702372948207876,31.436383332594914,NORMAL
2026-09-23T10:37:13.746496,41.129193693320346,32.01343120385385,38.73980886254604,41.93339240502169,40.305989426648516,41.11377644746489,25.331998302618736,25.23951478546106,0.4294066579872427,0.42711515272409567,28.070134024176298,NORMAL
2026-09-23T10:37:13.756496,44.3379707682596,39.39478200123314,43.424652681918595,43.17335401025421,43.647170266819536,46.954808838741585,24.661624481457952,25.215317021473016,0.42636393335600525,0.44438607470822883,28.577382406944338,NORMAL
2026-09-23T10:37:13.766496,48.378430272882085,42.10702581408893,41.01624499785472,38.22266450224937,44.105121129620485,42.66935960868258,25.056618969751813,24.90074289239814,0.43460416640622734,0.5141157885715936,28.53654322107449,NORMAL
2026-09-23T10:37:13.776496,39.89465337742861,35.39134506869489,37.382862717795206,38.664328380028884,45.388369093541,41.43079076679476,24.071054432662066,24.500104637582137,0.4182087125142187,0.3918079881847596,31.99267766212518,NORMAL
2026-09-23T10:37:13.786496,46.86132472838458,40.78841389856812,39.73793402618283,40.56081331882419,48.6831801506303,45.53896637592739,24.936905336001963,24.559420818117804,0.35984544288239206,0.39821755951968646,29.182450148759074,NORMAL
2026-09-23T10:37:13.796496,39.367588527690245,41.794750163241886,34.14020190871818,36.74795260583864,50.26552851724116,36.638013756946926,25.47173626827416,25.11981616837634,0.357969012864751,0.4399708886015918,28.76500558767706,NORMAL
2026-09-23T10:37:13.806496,42.58063726854621,40.43784329650953,37.79009333279092,38.76341865876978,45.90157750670901,45.20882839427275,25.700759711889603,24.738532585305997,0.397252187252971,0.428521594008284,30.635301495454872,NORMAL
2026-09-23T10:37:13.816496,37.50839828183865,40.59398769931675,39.62866218172027,43.362649080553325,38.82135148663501,46.11238997494678,24.349647924819156,25.186550317789514,0.4003748637496403,0.3680288197437128,29.75729246788627,NORMAL
2026-09-23T10:37:13.826496,43.3627276110265,43.809097612642404,37.79932584643865,41.43742285501039,40.30534204446414,40.849344850279124,24.2721994419716,25.07233751715254,0.4179688395692616,0.4382258282015843,30.094363553638953,NORMAL
2026-09-23T10:37:13.836496,44.477581137303325,35.66826296923364,38.41830942289016,37.16864878329996,45.76720962863585,41.65789070735073,25.026889582062026,25.784873535327293,0.46692153903421296,0.4012824814050606,29.177411938345426,NORMAL
2026-09-23T10:37:13.846496,44.61266513208417,40.49074710689508,37.3513325778865,37.94269129625052,41.43502001748261,43.57781103151644,25.58423392219799,25.50559877042993,0.3758589718891454,0.31725776848791226,28.20203663645599,NORMAL
2026-09-23T10:37:13.856496,42.55303324200787,37.91545087600677,38.17511109890835,39.196905653211516,46.47640728170623,36.70617882296442,24.950615031074918,25.036271266411234,0.3826651950386211,0.40531686278565304,29.228478252132735,NORMAL
2026-09-23T10:37:13.866496,40.76768689944729,43.723868233846545,35.64438586395036,39.89940113090345,46.02089415452292,41.75930055806486,24.93774261084244,24.548600264544834,0.41792537319260803,0.36097156627271054,28.90007926008778,NORMAL
2026-09-23T10:37:13.876496,44.09957781136065,42.02085145592638,39.47066411431817,34.71082157230054,38.83442147959442,40.968429691615135,24.707841582646108,24.92073086871333,0.39385435008784464,0.3843676864135342,28.22647141475413,NORMAL
2026-09-23T10:37:13.886496,45.9524394764458,43.51710657106809,41.63372922773243,36.764714468428664,39.863146055921334,41.5721814802457,24.52913599683337,24.944572551407205,0.40930195726845964,0.42770150086735775,28.067663254562657,NORMAL
2026-09-23T10:37:13.896496,40.67746321289007,41.69830792739063,42.45644877173219,40.89931016844749,42.566692340279666,44.045625948036715,25.79404624979116,25.12602550325138,0.39501156099032303,0.5177908232098117,30.298035523762845,NORMAL
2026-09-23T10:37:13.906496,44.4164907936483,42.81484484923015,36.54573252826599,39.13839121196932,43.31075475366705,45.05660623837097,25.05289783454027,24.62683530102398,0.39638710715103903,0.4254333388119885,30.309896225575052,NORMAL
2026-09-23T10:37:13.916496,37.72146308998806,44.34632343805414,41.014534133551905,38.86800657645153,45.25388746920216,47.292827709997894,25.35828894331385,25.040277334887406,0.3483497953358786,0.4937620870207082,30.174193388121424,NORMAL
2026-09-23T10:37:13.926496,40.6386819131772,39.945807837645134,37.606907747088954,34.582929805991824,45.40370215831492,46.844582448728,24.83155777273565,25.408908592330363,0.3891445335339659,0.3991555634992965,29.898686217739247,NORMAL
2026-09-23T10:37:13.936496,43.996072243848026,40.607543056194444,41.63782943283636,36.95904489291474,44.44490304453878,49.53082605875855,25.720510514663445,24.46706141283299,0.37851260716743024,0.4516209908854437,29.32336508936044,NORMAL
2026-09-23T10:37:13.946496,42.018914779635075,41.558717508155716,35.49970919036729,39.046586640438655,41.37015012370928,45.70569798057677,25.27681899205152,25.2240799869827,0.4497096676868644,0.39218777338921756,30.107760772324585,NORMAL
2026-09-23T10:37:13.956496,44.86479164206982,37.0296891651451,36.613598491664966,36.74532642937652,48.747907925749985,44.32784211374426,24.96611263206669,25.485992789553162,0.4874307480744365,0.36215401977411704,30.0485216227315,NORMAL
2026-09-23T10:37:13.966496,44.62064578220375,44.222290549569564,34.04932296941528,39.66357814796808,42.00642139316396,42.1128137516088,25.041595451116564,24.621236338813137,0.38290073311921513,0.44206031903571985,30.51489940798218,NORMAL
2026-09-23T10:37:13.976496,44.143377990763746,38.18981459429625,36.98114206421262,42.82594622821971,44.16079428391175,43.168955449947816,24.110709112107905,24.584384239676424,0.38775834726925373,0.374550416121797,29.280510243043654,NORMAL
2026-09-23T10:37:13.986496,41.07838830224069,37.51367729513317,42.95124605422735,32.91076129078601,45.23237014333632,43.69203639630736,24.84786558388967,24.539124663459074,0.40128629717631437,0.37029163523070874,29.992987157943364,NORMAL
2026-09-23T10:37:13.996496,40.19135329857704,33.58935483569968,40.553389440728665,41.54798284542222,44.76587249905639,45.58421585865362,25.791935026162488,24.171342814860708,0.4066823334913423,0.35170405876207356,29.705599060571537,NORMAL
2026-09-23T10:37:14.006496,41.071124642052645,44.07070055752924,36.451136418738905,44.42994754478869,42.378505321033536,39.732670033021236,24.638655178869445,24.681025988979,0.3837955139452749,0.37763126935538777,29.33083751872,NORMAL
2026-09-23T10:37:14.016496,41.70461801371755,37.41736993567189,35.40106704593807,37.11231935362014,43.72280047553192,36.15232750537534,25.27111518626685,25.715646417564784,0.36470613377092503,0.4161760271109479,29.568525155411177,NORMAL
2026-09-23T10:37:14.026496,36.42401538017993,40.13915919981144,40.589222104758626,39.15997969657804,44.65497601939704,43.90566778853594,25.427766143286366,24.937682651540836,0.429370268683561,0.47112648141911445,29.128393987443815,NORMAL
2026-09-23T10:37:14.036496,41.36821379606829,44.128294721850594,39.05319763069097,40.287786691115656,46.31916958645363,40.999091062760854,24.870005232683393,24.20892695754241,0.31699928269139543,0.38573842655221785,31.83211354528216,NORMAL
2026-09-23T10:37:14.046496,44.68675100910172,38.06931621786687,36.79921246094654,42.28661688405647,42.11142446277699,44.313737950746585,24.290425568990766,24.81297118463193,0.42541486561638814,0.41345159792292474,29.90173881026683,NORMAL
2026-09-23T10:37:14.056496,39.586327654011434,40.88681438453029,39.157757894647006,39.96572750527497,40.18052677939822,43.270452251090965,24.554661305400106,25.092184616246396,0.3336709419149651,0.38454721889671917,31.788217462516553,NORMAL
2026-09-23T10:37:14.066496,45.078922520966834,37.775971003847296,36.50437442716559,39.2522556812803,45.87665714877605,34.179629270513516,25.757293000149986,25.489573218088196,0.41816959057817715,0.4238829723004427,30.62344934537445,NORMAL
2026-09-23T10:37:14.076496,40.120559662661414,41.77971851896436,37.50219542163879,36.31640236151205,43.76272951173372,41.63842250071795,24.61714972157812,24.750234885679255,0.39994113387213226,0.3547664284168449,29.64086059347191,NORMAL
2026-09-23T10:37:14.086496,39.43987974065383,43.241946108794416,36.850625529954186,41.81164921888909,37.89713926517588,41.80855188952733,25.68251036816773,23.95657129691084,0.4891940753252679,0.3681979727647729,29.539708704358,NORMAL
2026-09-23T10:37:14.096496,36.42633686759501,37.76655600149589,36.923630609848466,39.92152609571121,39.573777936504456,40.002189211452055,24.809748955374307,24.93452358922111,0.4092321899131663,0.36277656807933434,30.83711979052513,NORMAL
2026-09-23T10:37:14.106496,39.667260189876075,36.75429179347915,38.72255535191084,42.11998724452734,51.10321237987349,42.906274919626306,24.767784724788033,25.211413247499866,0.39989086394499473,0.3926762720049728,28.858097435367018,NORMAL
2026-09-23T10:37:14.116496,43.30479445268108,43.584766911340296,38.07601762073514,40.991306169568794,45.60445495589338,42.84008639113477,26.12784107715271,24.89771892858832,0.39188202181470055,0.3910888111097861,31.127488022136127,NORMAL
2026-09-23T10:37:14.126496,46.4513676115094,42.26047101291927,37.93314313098318,42.502129751991546,49.49429935823443,41.99266299934314,25.74780919695771,24.13202410017786,0.47071146708939837,0.3987698844521495,28.869489809395773,NORMAL
2026-09-23T10:37:14.136496,42.206949201686314,44.533816901150594,35.052814032299835,39.24633281018323,43.21668740558607,49.25536062430904,25.19099405128906,25.466444769136075,0.46698537420410385,0.41829700896686756,29.614766963539203,NORMAL
2026-09-23T10:37:14.146496,36.92407960877873,43.80828860059536,41.34281168319191,40.22841030646338,45.25584572522099,43.518575636367004,23.62303320275572,24.608538630863393,0.4237027325040186,0.46479057893514253,31.895166255326867,NORMAL
2026-09-23T10:37:14.156496,42.597851262001804,42.51462780695684,36.22148262304217,37.62599183983028,37.692141047454115,36.83729832276947,24.376359804006896,23.818287283980435,0.38782453576751624,0.32175638136591805,31.089953001654983,NORMAL
2026-09-23T10:37:14.166496,41.46814332201359,40.03770183026703,39.3400602120511,36.371924841108246,43.83435898729625,41.7545087464563,24.623679633600503,25.139775921409754,0.4188018532672056,0.45627775292390177,30.771290694851647,NORMAL
2026-09-23T10:37:14.176496,46.401406326440956,41.1264424333448,37.82892299927895,38.65439200297807,46.757002887981486,40.88693044047767,25.543907986584156,24.78605131008955,0.33902464001826754,0.3758095201187263,30.11452883026238,NORMAL
2026-09-23T10:37:14.186496,46.08714318644986,43.61406013871549,39.315210955139314,42.07412783314952,49.00058531338771,41.907466400904234,25.08439850147693,24.660111650154068,0.3854855897833308,0.4146004702339635,29.87886277510737,NORMAL
2026-09-23T10:37:14.196496,39.771110038180495,43.24329458899928,34.94113356556663,40.32601642136278,42.8663557611368,43.05866078567815,24.733336061211954,25.73875116112336,0.4257270631555983,0.4120227758544467,30.49479090371123,NORMAL
2026-09-23T10:37:14.206496,41.1405589519714,42.96767401076149,39.961629769284784,43.79923630865366,45.108875075738425,45.24960071092404,24.87317267737035,24.629125507045195,0.3343907513771997,0.40417510744467333,29.166038574816646,NORMAL
2026-09-23T10:37:14.216496,45.49597273716125,36.97370192049802,39.09780950072545,39.335990837892126,43.285124729963464,44.50309322118653,24.574721049612833,24.665810443732624,0.3918770848114584,0.38634194797586285,29.118240948400903,NORMAL
2026-09-23T10:37:14.226496,43.99834314865549,36.035725343303795,39.02442228091026,42.73975981325097,38.35532809763166,42.86643470149759,25.05992225031797,24.790283414978433,0.4056636198755132,0.3617718058096441,29.752394976854905,NORMAL
2026-09-23T10:37:14.236496,42.15291379674191,44.29251936506805,40.42810650148178,39.53361806174043,45.51687467399046,40.525032919470334,24.749638259899008,24.520381340991072,0.4462392021434439,0.47597497912447484,30.328136677212395,NORMAL
2026-09-23T10:37:14.246496,37.84224798540554,36.60177099809654,40.6120176008798,39.12973179791937,41.80028750284285,46.73489365503439,25.8933913939886,25.650869752468896,0.38058216681311907,0.45260824909547037,30.08188161434674,NORMAL
2026-09-23T10:37:14.256496,42.57920494204627,42.204362863369376,35.42841767403832,36.62723971999463,42.52740362730973,38.413705412389476,25.560262191843783,24.992181686181986,0.44832334291577935,0.36048747344524873,31.282718590136803,NORMAL
2026-09-23T10:37:14.266496,39.52766693695193,48.58096160600064,41.04595306196351,36.045768035269354,46.89774992354857,40.91864405943044,24.241695080494566,25.410784733953264,0.44849978441531635,0.3855724567974678,31.17898031671893,NORMAL
2026-09-23T10:37:14.276496,42.641486960418256,46.529298882062776,35.55489302506124,44.839110552308746,42.44465264504886,45.55817418028527,26.270310159600957,25.00306597833239,0.37362597979614703,0.3367180752114503,32.19808564063891,NORMAL
2026-09-23T10:37:14.286496,44.53600795179021,40.52159770331269,38.44622566320091,34.52648834711824,42.256685304171214,43.462659225309864,25.282459771358656,25.001496497542,0.4313961057248826,0.3715952963235256,30.642432935010998,NORMAL
2026-09-23T10:37:14.296496,43.065466986279496,41.377039454454064,39.04041090755196,39.125693459176745,48.555675313154374,44.64289682048763,24.6007092055882,24.54493253802701,0.4065220574768082,0.3250923098345944,30.27798419648794,NORMAL
2026-09-23T10:37:14.306496,39.90384375381892,34.713119313697575,35.68714225896393,34.88908920031807,42.61728603855059,38.10031823334813,25.2161287407485,25.148524232800412,0.40219158292014723,0.37332015002848634,30.311184337744166,NORMAL
2026-09-23T10:37:14.316496,35.657893042326045,43.062343033681586,34.33526895289671,36.773999923824036,45.369671913190196,46.12675836349192,25.25188247003307,24.96006835633234,0.3336774211100921,0.412114683201774,31.347941915644835,NORMAL
2026-09-23T10:37:14.326496,42.32217091385799,38.13851832124774,35.50981772339414,42.93203392791392,40.153046238182135,39.79438979165655,25.618917506714602,24.631796821479,0.4208655405524347,0.42461143164348103,30.257882617755502,NORMAL
2026-09-23T10:37:14.336496,45.11303208546741,38.667469740507855,41.08055476918203,37.171413252052034,45.10572855451935,38.78221522888819,25.60563599434598,26.23134146967549,0.42738296811972154,0.3736591614441808,30.28217747065971,NORMAL
2026-09-23T10:37:14.346496,39.65424458885019,35.81864164938437,36.98675429866596,39.2270040003375,43.45757204240709,41.723134665851184,25.585682978725416,24.313960811159834,0.44370174369232995,0.40336329206871685,29.122028967021066,NORMAL
2026-09-23T10:37:14.356496,40.66457212824804,37.677474914099264,38.8102147870686,41.45401989832205,43.24234047825125,43.34103753323905,24.57902308166892,24.961487828685264,0.47079815621492105,0.328380511959045,28.908456709393445,NORMAL
2026-09-23T10:37:14.366496,39.242464619917136,41.890809603088016,35.77262919178779,39.37365236151939,41.21053815265998,42.376036678211115,25.31080663538663,23.629555139876935,0.3517971589324388,0.39026643033979863,29.739909912032058,NORMAL
2026-09-23T10:37:14.376496,40.47529646475643,37.35789315088644,42.979766404285606,37.6001730555673,42.931704528309155,44.86100304179468,24.255627121962146,24.848529870625672,0.4044017119662284,0.3949610916235291,30.4990387045307,NORMAL
2026-09-23T10:37:14.386496,39.13658888020752,41.186989866785055,40.92075986893726,36.55784286865304,43.96020405215367,45.72187470438591,24.73563414098426,25.886119536468442,0.3697482062818434,0.3916732551232003,29.883014372981958,NORMAL
2026-09-23T10:37:14.396496,42.441549623430326,39.072522789362914,41.170480327526946,37.06243001855376,42.40318449342075,47.785420871267775,25.18678124519126,25.00180776508667,0.4209503623246226,0.46673869440102866,30.901880681655207,NORMAL
2026-09-23T10:37:14.406496,39.86176289553088,38.63761342984306,36.96753789459938,45.60021617147861,43.1605877541146,40.918501691021326,25.43388330295321,24.155961219284887,0.3933901685392541,0.33947426667969377,29.61448372772296,NORMAL
2026-09-23T10:37:14.416496,42.30922476753512,39.82154229901047,39.00963941687797,42.52535499631027,43.38010253072141,45.170838854130736,24.668851849389007,25.200979094393915,0.3974952251329715,0.47467303731216914,29.267669271856793,NORMAL
2026-09-23T10:37:14.426496,41.43579939165354,41.29859310795407,39.833412133060435,38.40885559184432,40.439781764492466,37.90747300444211,25.276639461478553,24.544420598425916,0.42427098353668163,0.42178716895989665,29.94142747031681,NORMAL
2026-09-23T10:37:14.436496,44.54396999845494,35.13521589615068,37.567751905409885,39.175739179705886,49.36949935702518,40.6107964976399,25.402040106513862,25.03606549697754,0.3465314274180324,0.39829316984629265,28.264553090458193,NORMAL
2026-09-23T10:37:14.446496,41.24835323431504,45.412442862652334,33.65956068951195,35.649666379573496,42.956386195953016,40.845504081506036,24.918864573880082,25.053527801817935,0.37736598806425947,0.41351564324626006,29.855408538418597,NORMAL
2026-09-23T10:37:14.456496,46.03282727635005,43.59545435582946,37.66992713665711,39.08556520581102,44.56368907998647,42.508144378741264,25.1618691128328,24.814224670675387,0.4766774589033789,0.4309595196283076,28.82116562515088,NORMAL
2026-09-23T10:37:14.466496,40.22571692210334,38.99325662016842,33.58139166183108,42.700532200448045,46.729267561247234,43.215957996388546,24.691474803947823,25.44570202613559,0.3199716864324426,0.41950714463426864,30.378689988122257,NORMAL
2026-09-23T10:37:14.476496,46.499432427616554,39.92740491353992,36.29931375453845,43.78928294149503,45.181385048807854,47.15153743529894,24.85772318555748,24.57353840119955,0.3827028991621843,0.4381528490786736,32.79279629404492,NORMAL
2026-09-23T10:37:14.486496,40.3032173701646,42.825385352885036,36.50512037454511,42.43442830013055,48.12871950583151,43.77589463705196,25.2325538766942,25.403190749243453,0.24956941990652487,0.46902790443485226,32.66359660805551,NORMAL
2026-09-23T10:37:14.496496,43.183825678580746,37.73161153754204,36.991504161162155,39.54024986793082,50.73122954500095,45.77515338379918,25.503187688035403,25.1323661457511,0.38170125859182336,0.43079034427837337,33.051295892219656,NORMAL
2026-09-23T10:37:14.506496,40.300890161548466,40.190723242189605,40.34272615615616,42.64669342775291,43.7038691246557,39.97664189734195,24.299947039850878,25.453477077433917,0.34112307561688027,0.43325021762324134,29.5987297818991,NORMAL
2026-09-23T10:37:14.516496,44.58331528552072,45.91235912930574,41.201744880127336,43.10299997036746,42.74372564623065,41.465041266569585,25.563991544495867,24.228803925222312,0.4620447430397067,0.3441966067921275,30.036244618230743,NORMAL
2026-09-23T10:37:14.526496,43.50889301607507,38.09027310448822,39.38819085265621,38.28066997009345,43.115654827814176,46.59314926106946,24.718601526709232,25.4823333929234,0.4511644127825197,0.49629696782011984,28.91848980753822,NORMAL
2026-09-23T10:37:14.536496,44.92064692465621,44.04296314399666,37.58606696146803,36.726909543508796,40.84992801963648,45.688619405761074,25.531874647096448,25.676449851639376,0.39953666505187135,0.3864998364061082,27.602959226908624,NORMAL
2026-09-23T10:37:14.546496,40.96679014677464,43.02714894885589,35.43855323725191,37.80828639801907,46.426726796860635,44.56079849645204,24.954187844548656,23.964197501176507,0.36409159782813455,0.34778853478649563,31.274449585112556,NORMAL
2026-09-23T10:37:14.556496,37.57650772441404,42.52163942038188,40.03690565797296,40.09482000225673,42.680428196024906,49.245033680528074,24.56611635183139,24.816303641036935,0.4373637745575061,0.42683543922003303,29.580683731305694,NORMAL
2026-09-23T10:37:14.566496,39.81718393044619,41.54323973702154,31.97277075532319,34.43011651821546,46.33239958149614,35.28993508132007,24.757270952710765,24.99967219364728,0.36438829228082925,0.3727309658624537,30.516452187930945,NORMAL
2026-09-23T10:37:14.576496,41.15020823867416,33.52871082146213,39.50665956429057,39.6402641996948,44.033249782263226,40.32727130604466,24.09971730263591,25.995029432831846,0.3972074883698372,0.44695314584936136,30.444527232154474,NORMAL
2026-09-23T10:37:14.586496,41.70025089457597,45.75044468940166,41.136897245005095,41.982377211049936,41.76586911066788,40.04035274663039,25.566139746435265,25.0850066380529,0.39375377007303997,0.35883755936725426,28.507204374773,NORMAL
2026-09-23T10:37:14.596496,45.32317634770038,41.33530585316229,35.64064187575554,38.37699301526726,40.48734200909491,41.12846254509786,24.572768255515953,25.19979696499458,0.41974428912252465,0.3926733619968439,31.862009918862956,NORMAL
2026-09-23T10:37:14.606496,42.032834845702595,39.53964310126607,39.2578068607858,41.25272623046438,40.453646342112606,48.60101492809256,25.096947435527614,24.67058210149016,0.4587336568349008,0.44107268983396564,31.91439216190996,NORMAL
2026-09-23T10:37:14.616496,44.88412746304893,38.755436586004166,38.0990847058639,38.868675345336676,46.50492689253527,38.036774445076155,25.299738644570617,24.798053591063237,0.3384248308396569,0.32982890837245293,29.053589320778556,NORMAL
2026-09-23T10:37:14.626496,43.47944986295266,42.98401251806674,38.43579273909342,41.36694457574015,42.380778144083564,44.89046531296918,25.276058354678998,24.900204965592312,0.3621526881750987,0.3576670389474735,29.22304142922844,NORMAL
2026-09-23T10:37:14.636496,42.92519166923908,40.81798464758803,34.149880599294384,40.25842720478337,45.98585652848853,39.811163560161596,25.473165602300316,25.339514774860387,0.4060364880394827,0.37836294854823127,31.252199776386483,NORMAL
2026-09-23T10:37:14.646496,41.71635822137317,45.78605516093303,37.762265360944596,30.673265913815648,40.54318398498411,45.32252775043338,25.220233408108683,25.403059894617883,0.4545496119861512,0.4812263601614474,29.619301197334817,NORMAL
2026-09-23T10:37:14.656496,44.67157872332778,43.293030305736956,35.84374369798548,40.48482653493567,47.1990818655734,45.89086940170357,25.95132526282763,26.20686927197949,0.4108214153117795,0.37641372042912713,30.719443091027397,NORMAL
2026-09-23T10:37:14.666496,42.38941533492404,43.39151976832966,38.77257833729359,34.65625801603659,42.344208047840205,40.72109840241888,23.931688400871185,25.279154233055245,0.47960510587774746,0.34684720154671933,30.98945164354917,NORMAL
2026-09-23T10:37:14.676496,37.675931768813015,38.864540610801825,37.72824371796502,40.08538051805524,48.236541238742184,41.90038498691543,25.13582581240802,24.910652892401338,0.4163701276080285,0.34158010267878497,29.593522873903108,NORMAL
2026-09-23T10:37:14.686496,41.66564696830219,34.91904301621062,38.833949518819146,38.84328872051823,41.931137023221716,42.07832994564282,24.9687217519298,25.819435555314314,0.37317231193259004,0.3326135714945529,30.047213223259277,NORMAL
2026-09-23T10:37:14.696496,46.586959003084495,40.17280430017579,38.19527146577084,36.54809422267032,41.59265991014674,44.635472807588464,25.176267006756103,25.088063590903744,0.3841450682942078,0.44988174244483337,29.304767205712125,NORMAL
2026-09-23T10:37:14.706496,44.00023125383626,41.80455179383953,35.167816367408136,37.30873984574281,40.37078514859814,43.828690598824146,25.085921596288287,24.570337380208915,0.37796235030058245,0.37534698930986854,30.310569516150515,NORMAL
2026-09-23T10:37:14.716496,42.83615924087794,42.21734700494818,40.95669173495256,39.63042860377049,47.383845641752465,39.40901000438717,24.721442757076556,25.15632900260144,0.3813760880911886,0.46555613935346396,28.866122776327533,NORMAL
2026-09-23T10:37:14.726496,43.8461663255268,46.10765183273834,35.92320753940784,37.182623788270064,49.02836189348496,43.015643023053585,24.53172839115231,24.653655401554424,0.4264970001841844,0.45326454552299267,27.550163134792157,NORMAL
2026-09-23T10:37:14.736496,41.3425111458169,39.15001413367737,42.781780853180976,39.01232779722439,46.4073734258851,40.61031110447066,24.83863768234653,23.721246085922335,0.4505887447660891,0.45448620832797837,29.613057733711408,NORMAL
2026-09-23T10:37:14.746496,38.57912903890149,48.364681503907455,36.53353528679271,39.27491090075293,46.92399603392244,44.277548205906186,24.616627654307724,26.072442085842468,0.33322412270655677,0.42489822175751885,29.383449066469222,NORMAL
2026-09-23T10:37:14.756496,41.5425164068477,41.91570364357797,33.82793586964121,39.675993002816064,47.447143724189836,41.42914114762828,25.556230274201642,25.337082769148715,0.42544730858045476,0.34975450444694534,29.17368766470233,NORMAL
2026-09-23T10:37:14.766496,42.98707952496082,42.444574351035094,38.45136473029406,34.63451225247029,46.46933756195877,39.70500164850432,25.69031299880146,26.04563374006905,0.47228605108925087,0.3914003541488684,30.41934723045997,NORMAL
2026-09-23T10:37:14.776496,36.93526024144346,40.15295250578364,43.767223893803106,34.15219093234818,45.034827663049384,42.444952841184474,25.264123687466476,24.765331270757954,0.44041745446077885,0.3983568531144786,28.90751108024443,NORMAL
2026-09-23T10:37:14.786496,39.32411428861265,42.35712866902213,34.32426619762584,41.10813728250028,37.49530682702237,47.475702277351914,24.451809595843866,25.719594819105076,0.48429803172442265,0.38664077141540226,31.54943750041427,NORMAL
2026-09-23T10:37:14.796496,42.571783976632055,42.225176737484055,41.83692649217355,38.328486120234864,46.786909346059495,40.68458779160745,25.795989139401083,24.706686990254074,0.4569584264886249,0.4108640182564463,30.660969772007984,NORMAL
2026-09-23T10:37:14.806496,36.090557577486365,40.89069791339786,39.46119456342136,40.16064062322286,42.433890785984744,46.05073731681394,24.89884397514473,24.445846927765967,0.4150929275075228,0.39723209194009695,29.177703071242163,NORMAL
2026-09-23T10:37:14.816496,38.14402951069576,43.91374027787226,36.43515214444024,38.35701248617205,48.0251912998292,42.018733105122614,25.163505516818482,24.743105238965658,0.36909386043162684,0.32265999841922033,31.658648341323897,NORMAL
2026-09-23T10:37:14.826496,43.23468304492453,42.0349607116113,37.99758169305094,36.785363914606926,44.48969581909179,39.93843178228498,25.16522589015596,25.232823408768112,0.3899069462786672,0.43184042155776897,30.638332705841613,NORMAL
2026-09-23T10:37:14.836496,43.18188941115108,36.43318432822553,36.12869821239978,38.7929503006383,47.683485805907914,42.837727674161705,25.101565717093777,25.025974254420507,0.3814154187019671,0.4176305484564482,28.46340915945748,NORMAL
2026-09-23T10:37:14.846496,39.700355185582204,46.410783787019085,40.247666800872885,37.47462294707315,45.43237569722357,41.7305412044601,24.455236967811782,25.109868195817228,0.36251218678475056,0.465234518071501,29.781406636095973,NORMAL
2026-09-23T10:37:14.856496,39.79154399963649,40.990416613329614,37.45910838979365,40.88337449475206,46.100796607049524,40.24637325504281,25.349985749240666,25.585327761811197,0.4182210566386874,0.45118107609433483,29.376982000004762,NORMAL
2026-09-23T10:37:14.866496,45.20005113139255,41.3268809179599,40.90146069146387,39.59295912434467,45.58354451332926,37.940767239494726,24.346900431280538,25.032817080342618,0.34591514798304607,0.33913716589401366,27.519570902179197,NORMAL
2026-09-23T10:37:14.876496,38.76282227295009,41.7059128010997,34.97697285403856,40.45432755001925,38.46251217595136,48.77988057461728,25.59223794803826,23.787442859483814,0.2996481413805039,0.40102293022469276,28.292954331851906,NORMAL
2026-09-23T10:37:14.886496,39.80826870665051,42.01547037900299,33.08588903431573,40.552818721465115,43.69788281993748,38.66083456433505,25.647664822121286,25.319945174775647,0.36724556166986555,0.4517493879326603,29.34611100852176,NORMAL
2026-09-23T10:37:14.896496,36.80008662076586,40.43032581400907,38.21471748841949,38.74828246243518,43.84671840965611,43.276370150346864,24.913951660763395,25.081811787718546,0.45214136665787535,0.398025857482636,30.7090753181548,NORMAL
2026-09-23T10:37:14.908688,40.78188172728713,38.626355732918505,34.43019927125638,39.970482481917784,44.489730902597344,39.10919230180117,24.37036312805764,25.81546905865663,0.41933085635903306,0.3786866610989054,30.097820109212197,NORMAL
2026-09-23T10:37:14.918688,39.98276366817113,41.2882247184353,38.52391902014171,35.131083055012766,40.54048030852925,43.688236986621874,24.38747263006369,25.4274127083232,0.38748361044150437,0.38556931304999165,30.663099849243324,NORMAL
2026-09-23T10:37:14.928688,42.65230667360614,43.4637640395159,36.232711928933604,39.91052111682449,45.933743485841156,42.18191421840213,24.832974224245188,25.21436785568475,0.44331225624894044,0.36806356202182156,30.48920486104398,NORMAL
2026-09-23T10:37:14.938688,39.48813722743191,36.35189554523342,39.42338479816899,38.84506429174038,41.07046505425499,40.139293162499676,25.165544599110532,25.1346456589099,0.44704208549862146,0.4087027546394546,29.59428611584293,NORMAL
2026-09-23T10:37:14.948688,45.008245712075684,46.912900941683226,37.79695376856145,37.74265602920923,44.06304726788453,41.481989262607264,24.32024109742449,25.046591222261384,0.39991294471042965,0.3563489627650961,31.051530565131145,NORMAL
2026-09-23T10:37:14.958688,50.113365441191505,41.87208900811542,35.753297358044996,38.959549454511176,45.461366676488886,42.651116474260405,25.01612199990773,25.166522511822567,0.352256928501047,0.42925851980964097,29.26952280125485,NORMAL
2026-09-23T10:37:14.968688,47.38099122825049,39.09062628131333,33.558294574662625,40.95036427381759,40.21072717978946,54.49133308646451,25.61944981845032,25.363465815991535,0.3565711309172427,0.43607194428820784,30.764272607208923,NORMAL
2026-09-23T10:37:14.978688,41.27581409284875,39.40631281582168,36.23441892151638,40.199199017629816,45.755965701025005,41.55765212209026,24.896727049851968,25.430104343460012,0.4639411540050775,0.4013703683882336,29.645719080409723,NORMAL
2026-09-23T10:37:14.988688,43.945281409766984,35.30432004871776,36.72072235760364,36.95726945818414,42.48899582846002,43.895190349326256,25.549560519592283,26.036678619327027,0.4803519215270983,0.38219827804353845,30.23424981902068,NORMAL
2026-09-23T10:37:14.998688,40.235420870289715,42.046926094502965,37.17115649349213,40.534551008519216,46.99964637872074,41.549665221238534,25.65757258240279,25.330055390752825,0.3787563637703646,0.36223809002488616,31.577279613999334,NORMAL
2026-09-23T10:37:15.008688,38.916109698808015,46.479833884502256,42.95270201486149,40.08169274973789,44.79261518474925,42.52163177564361,24.516285004409884,25.471490176956525,0.37102604378385645,0.395372786792368,32.12361834327218,NORMAL
2026-09-23T10:37:15.018688,42.59973784333053,48.48263074945559,42.07491408102796,41.16129679298634,46.212587592632666,48.87544059781498,24.897298261963183,24.73847775772199,0.39385555612486717,0.343296383915348,29.13989103808432,NORMAL
2026-09-23T10:37:15.028688,40.72831597353177,44.129411091077955,39.07321648863538,38.249582153139585,42.41183336729185,40.61911831334686,24.400080633141904,24.480343695761047,0.31770602625424704,0.4115593008694551,30.395157842615305,NORMAL
2026-09-23T10:37:15.038688,40.41006623649762,41.30316132973086,39.293904090626846,40.67124162605941,43.239150429659624,44.16427900193906,25.11018015832656,24.140878693660007,0.4593069365769754,0.42826399822940614,30.43977576787759,NORMAL
2026-09-23T10:37:15.048688,43.758059835879045,45.03663765726721,34.798042308878756,44.945369856760195,42.216353595745844,39.83346630532148,24.082556800305124,24.51669301608906,0.40165081290327936,0.3734782034164219,28.70180043453994,NORMAL
2026-09-23T10:37:15.058688,44.0771167087598,34.84644584252411,35.2073154569758,44.31147489584205,45.392167068088106,42.29391179223086,25.103710646978165,25.101966900181957,0.4300257648149771,0.4082073951017818,30.206093366595137,NORMAL
2026-09-23T10:37:15.068688,42.494967904428236,39.287163058165596,36.566361961015886,41.92491305055648,41.25990657192413,43.27909440156845,24.363799291634532,24.333400792738004,0.3514787913064861,0.37442574923746713,30.30540149397836,NORMAL
2026-09-23T10:37:15.078688,46.079137576641784,39.559834943605935,37.64412495595326,38.21697081895003,49.04530502423493,45.415837081481016,24.79128104346193,25.2996449135672,0.3760022124139737,0.4202570321061441,28.917315834562864,NORMAL
2026-09-23T10:37:15.088688,37.78107559993671,39.6613312183633,36.87236133069832,37.00815745785075,42.92446052059094,42.87048816201624,24.524446048364258,25.536533822144076,0.42534024607108095,0.3942945699082409,30.158393426445492,NORMAL
2026-09-23T10:37:15.098688,45.283322224590215,43.90570413970164,40.0324831510558,37.56035811695285,49.848354970426264,41.87367764733952,25.501255498456914,25.207090848350024,0.39795201633673644,0.43974405123392246,29.120543790445147,NORMAL
2026-09-23T10:37:15.108688,36.28640934193997,45.28662457438549,39.64599255207469,38.98494972568315,45.138724278781275,41.205976994819295,25.80855307682137,25.085252392444204,0.35882025149092334,0.45382749700603187,31.147489685119126,NORMAL
2026-09-23T10:37:15.118688,46.85076817391666,35.68198983279898,37.296800705185,37.82353777963284,45.649672179233285,46.489501102487964,24.79950468079662,24.8381250351913,0.41629523453440076,0.43585801909103256,31.223778542247445,NORMAL
2026-09-23T10:37:15.128688,37.745128348385066,37.09479371695065,38.00996157630799,37.56417731511869,47.84656399395664,41.53799118398929,25.254124230245843,24.68602891019544,0.5179288325116794,0.3689748954937103,29.380656631887994,NORMAL
2026-09-23T10:37:15.138688,48.1779669997203,47.25451456972846,37.07376084449197,37.67482609315308,44.32406656205372,43.073837474791446,24.994960767523988,24.99468042561934,0.4636917508530124,0.35725397296448036,32.097228087870164,NORMAL
2026-09-23T10:37:15.148688,36.24724714442212,36.047969753972936,40.39384272352728,39.93428312023407,47.45205552719423,47.38126466529664,25.083039019769743,24.096890540937903,0.4355030351186451,0.3886885279325199,30.32600566425455,NORMAL
2026-09-23T10:37:15.158688,37.78810769239262,39.47675915218959,39.0367517224805,39.48326147164973,43.00991656505166,45.34856193386081,24.90825392674051,25.200473182490594,0.38396769252218477,0.3921940218058587,27.601531017366852,NORMAL
2026-09-23T10:37:15.168688,43.87818312450272,43.64918420337,36.01580926217337,35.26738344134865,45.495135143267866,43.101321281568644,24.912774616665683,25.215697307792084,0.36099354902842723,0.35921563397087297,29.550393685285844,NORMAL
2026-09-23T10:37:15.178688,39.862109449382174,44.49940556322652,40.911209773726924,38.083723175134466,44.324188150262025,49.53391527525095,24.855422957954225,24.7835726654462,0.43345996491220334,0.44887311209035097,29.925910379189357,NORMAL
2026-09-23T10:37:15.188688,43.13766865215517,40.07220717802748,34.75752312826834,39.69221231158207,47.278362726054176,39.77242200517018,25.232371753261734,24.189837981934456,0.40370093879416497,0.4230234613820661,31.359710372360027,NORMAL
2026-09-23T10:37:15.198688,41.938619535150465,38.686806117315946,36.617031562992885,41.51985793733406,40.7539411452334,46.996361225760836,23.900865610910202,24.371757472329676,0.4336822819806195,0.4268451370540788,29.392291913631922,NORMAL
2026-09-23T10:37:15.208688,41.60876256611105,38.62156711279071,37.968749955330374,41.97665892135211,39.00469655741766,45.76070411139265,25.20709130223942,24.977909194100977,0.47287626268668276,0.45374306089279953,30.053270459735806,NORMAL
2026-09-23T10:37:15.218688,45.50302028779811,37.266965665373505,35.995924067833336,42.45959366273415,47.177236680715865,42.008703424543526,24.38035758141512,25.253417245293537,0.35859470811751504,0.28693243595555346,29.729227587687014,NORMAL
2026-09-23T10:37:15.228688,38.98790136097908,43.73778281162402,34.2553104247048,36.61221051755987,47.76549282250629,41.882160070428476,25.628576188378375,25.571768051499173,0.35211893263224175,0.4573620948483137,30.861281145758404,NORMAL
2026-09-23T10:37:15.238688,40.21514589612555,37.109152542691966,40.55624254777795,36.47194686764007,48.32776004497443,45.34575783513547,24.477467467828852,23.825380657182578,0.38308280841488507,0.42718248932101094,28.70277058837412,NORMAL
2026-09-23T10:37:15.248688,42.77067656469521,36.60554439679803,41.192418481289344,39.51880914552518,51.16391384786394,44.09520821611405,25.91560804676854,25.654774331048333,0.425883060817005,0.3234538831323678,30.447257858657903,NORMAL
2026-09-23T10:37:15.258688,40.139231179807574,42.14740902614113,35.91275071480012,40.86461688017046,43.62510820810763,42.11456561144296,25.052076987044707,23.518352071418576,0.43982914007148716,0.39265572339024984,31.77050859790359,NORMAL
2026-09-23T10:37:15.268688,43.30002270597216,45.98272270613903,35.89300795686999,38.35502446799363,41.73960420580691,44.61378257858398,25.38586605933647,24.11548343272052,0.42798542936071,0.36468191929363997,28.77863820934213,NORMAL
2026-09-23T10:37:15.278688,38.71182912090384,42.11181229638199,36.46075754909813,39.54824229003414,42.779487344747515,42.24843083792017,24.296882458246362,24.774180594226475,0.4541091240830715,0.41916649903381387,30.90434877688344,NORMAL
2026-09-23T10:37:15.288688,41.566786195537915,45.68328551993747,35.32555354472138,42.65232083930185,47.98948385940115,39.93664597892806,25.427085116468355,24.888362547377206,0.45048079123891865,0.44255851469479496,31.304456803434924,NORMAL
2026-09-23T10:37:15.298688,39.47596636616096,36.31537853657298,36.440569779783296,36.553845885168656,43.28054455869807,42.33126132068854,24.686492045860184,25.56867867618417,0.43636180389509055,0.43644104957539803,29.288671514188454,NORMAL
2026-09-23T10:37:15.308688,41.60065779607551,45.74251976365696,35.53972925430598,38.48521636808592,45.234998021009055,42.33371463760367,25.883166678625667,24.74987232854843,0.43171144168860554,0.3728990163315529,29.625322452108204,NORMAL
2026-09-23T10:37:15.318688,41.470148957534704,44.24319338927519,37.99047158854201,42.047666870264045,44.95796298596997,41.81133888035349,24.652567696433962,24.05419251628542,0.4032739858106756,0.43730962171411203,29.921235257406718,NORMAL
2026-09-23T10:37:15.328688,42.65567543166752,45.2847354306677,38.08386753928679,39.386222171837744,44.0244028240795,43.61422660718634,24.273585733843476,24.381786441536313,0.3456160811135887,0.43238163639237936,29.061824213560108,NORMAL
2026-09-23T10:37:15.338688,40.71670209959385,43.28320015672985,35.30736193150286,35.349246773108206,39.4931548162112,47.92962403748403,24.891646898486293,24.61976434379566,0.26355257398905296,0.41288361246121974,29.26145222576578,NORMAL
2026-09-23T10:37:15.348688,37.58571544230289,45.68723167781965,40.02602905668702,38.15216052845447,39.29115219316452,48.909938781014894,25.657986141455513,25.74156132889367,0.43751277998886484,0.39675241668929007,29.490052255042162,NORMAL
2026-09-23T10:37:15.358688,41.62482462196385,46.21648736964239,37.47887017364634,36.16198180941104,43.8403849950643,40.88567255084716,25.83606976455901,24.366740280311777,0.35145571840567935,0.3854367506282348,28.590656915956128,NORMAL
2026-09-23T10:37:15.368688,33.79744729754541,38.100765480228326,34.810287919926175,39.706960099312056,47.935914253095675,44.36697455767259,24.464816932597806,25.009641953079328,0.42933726129539246,0.39110849119831753,28.810126200696644,NORMAL
2026-09-23T10:37:15.378688,40.587757539139595,43.59341928271726,38.81735316954437,39.95237384814302,42.745248179366165,42.542782063294084,24.832613456468565,24.87378703302487,0.3363000060284915,0.4762828433825037,29.4760560112257,NORMAL
2026-09-23T10:37:15.388688,41.21002671925966,37.60518798101654,36.30359029764601,33.26625024548727,46.0806942186565,42.81922061830658,24.406221442187654,25.18425701918026,0.3795813221072528,0.3601321375769741,28.150527990016453,NORMAL
2026-09-23T10:37:15.398688,39.39518461258762,42.579882854285884,37.53781913423981,35.335675255408624,42.882394902376625,42.86216426871806,25.053585986185468,24.39074930752396,0.3498593526114713,0.3841100867696884,30.392366603895393,NORMAL
2026-09-23T10:37:15.408688,46.09671972795697,40.41311174727201,34.0228633139471,38.24722437043855,43.7517839952647,40.74436750942538,24.322560582493036,24.497820964941063,0.4135814246827771,0.42855441555965107,29.309427382378384,NORMAL
2026-09-23T10:37:15.418688,39.170752896140776,41.947608761682254,38.736899291483965,42.080778632046105,42.69904449261033,45.819211418046024,24.84415773392392,24.354525154016187,0.44235671555549005,0.42955813751691946,30.70111937166845,NORMAL
2026-09-23T10:37:15.428688,44.31569572430994,42.592175624693155,36.63665490970253,34.045454850284784,42.08359190664198,43.003831213583034,24.708107844678985,25.20809712259799,0.47050782016847253,0.3936192274914751,29.107927417318418,NORMAL
2026-09-23T10:37:15.438688,46.233478687397906,40.39772934185876,37.924165659420936,33.43203184062406,38.73884413165927,45.70152224973107,25.175479888831713,25.630568226696933,0.5122039934867154,0.39524750100160966,29.982411756178475,NORMAL
2026-09-23T10:37:15.448688,41.467792390893514,41.470670970947694,40.6635382907894,37.19340758197969,48.751286267745286,37.20932605425065,25.262516946308644,25.645000834452873,0.41458669242926377,0.4319236911934263,28.857457524800655,NORMAL
2026-09-23T10:37:15.458688,47.02673648252873,44.46292682075022,36.234454127783145,34.29072766788574,41.16585630175418,41.328575175417804,24.009462245963675,25.124899203318062,0.4254918606509293,0.40521377817677556,29.774723249830117,NORMAL
2026-09-23T10:37:15.468688,45.61601927685581,41.898809591552684,43.73723720766773,37.451039228726025,44.91199195976802,40.57287962628067,24.880747237273344,25.447708710742802,0.425594786336436,0.45476345813886493,30.950317162268828,NORMAL
2026-09-23T10:37:15.478688,39.93496715220202,32.777224094673365,32.78726312146573,44.16359335940932,40.59350503469227,46.406516343082565,24.726738676840267,24.582586298326895,0.43504441049283565,0.4473249464967407,30.84916697728834,NORMAL
2026-09-23T10:37:15.488688,40.49141691712277,43.43273332602837,38.30544014651637,43.60164403208047,45.1536151811062,45.82719564441647,24.29868558350465,25.866183893334323,0.48027658185791483,0.35660343788150933,31.322392228903382,NORMAL
2026-09-23T10:37:15.498688,39.47073139516685,41.72632617330582,37.03370571578718,35.338801645598174,43.449359773354246,41.42470185519555,25.552950707886755,24.451214418165303,0.3720002707900494,0.3505218698604779,30.775732987560296,NORMAL
2026-09-23T10:37:15.508688,42.79997677278452,43.51203893100407,36.42724394857077,39.53401205439211,46.97056519416664,41.91463331072251,24.809638950876586,25.082179518137636,0.42320755179573116,0.403501648233212,28.728664160048503,NORMAL
2026-09-23T10:37:15.518688,40.45508443222438,37.78055988184287,45.32211771100915,39.55767647569291,38.893886267312645,41.840647346554746,24.418987311030644,26.16985844858003,0.4313193801309092,0.3766294340922202,31.245960943766086,NORMAL
2026-09-23T10:37:15.528688,45.04027135926287,38.79916885002972,35.40567378577948,35.82632320188739,43.088595272352244,42.800528867633915,24.894546363414225,25.305211722823817,0.4159966569315554,0.3963384391652707,30.928028495901035,NORMAL
2026-09-23T10:37:15.538688,36.56922434819403,40.73702575730638,34.96177937851579,40.048022522536186,46.59972472589627,40.93029749272741,23.95660460462083,25.99607869329769,0.4710870250278869,0.4615604612564429,29.01178609641885,NORMAL
2026-09-23T10:37:15.548688,43.815312008962245,41.895876734426594,38.96004236736799,42.44435636737157,50.74531226967739,43.66297348693973,25.2085601854532,25.73560210936881,0.4043326492889188,0.3977687690842419,30.11064584473096,NORMAL
2026-09-23T10:37:15.558688,47.48916658434269,45.231071038700385,31.709077094355898,43.66433738710888,43.54481964156681,39.03664237953731,25.68781135829301,25.265518410034574,0.40767004220628555,0.4017864549351628,31.48565685878444,NORMAL
2026-09-23T10:37:15.568688,44.31902750578561,38.87501206320949,33.49077834237043,36.859413470023,42.57435850900699,41.55287100530481,25.590741897256244,24.43597120553762,0.38915877352811523,0.4757820637105862,29.10770430132577,NORMAL
2026-09-23T10:37:15.578688,43.56302756497848,39.86711577753582,43.293982361473994,40.17791348501202,40.8283453921967,39.595598106931035,24.58705305038728,24.38892692610272,0.4471122481293016,0.32999351024064694,30.463424062627453,NORMAL
2026-09-23T10:37:15.588688,42.72232396557135,45.21286393156646,42.0375850149214,42.57218168657726,42.09550233799264,43.137409853701854,24.43991984440095,26.059761856034854,0.396914783208318,0.47551041600424543,30.913554060298335,NORMAL
2026-09-23T10:37:15.598688,40.72334476432774,38.607635113274334,37.537766537849905,37.916248533561735,43.38694873491511,47.083313060344345,25.63427559313755,25.9137118990495,0.3184468376202477,0.34474106226910983,29.604071186686017,NORMAL
2026-09-23T10:37:15.608688,48.88877605008885,48.07434463412643,36.819708273081304,39.23317927614579,44.759410473291325,48.62576358054362,25.339277919098546,25.7770273547768,0.4129098931665567,0.36511364894916837,29.19601725024324,NORMAL
2026-09-23T10:37:15.618688,39.86492511602408,43.523723194523875,40.633863881896005,44.630061165488556,45.78234321039157,43.204458572188,24.678187074410957,25.1076244818615,0.44239364279118587,0.2893885332959341,28.979282712763528,NORMAL
2026-09-23T10:37:15.628688,38.007408769655854,47.17512764013292,40.04669701857952,37.90543517751605,45.31589305697384,47.10683613871978,24.77639693627735,25.181897036040308,0.39529139818212167,0.4175115808590124,30.2650129867079,NORMAL
2026-09-23T10:37:15.638688,43.8048753605379,39.238096225701234,35.7490442992375,39.654784589107436,43.17723484173634,43.09762765411819,25.61295461606367,24.739403143143587,0.3902737205211756,0.41665479960745777,29.923732576744293,NORMAL
2026-09-23T10:37:15.648688,40.772012396969515,38.17385024411845,34.60909718695892,38.25827296888036,47.36179231761539,49.10737095161191,24.809026931292035,25.20241510118452,0.42899221978721025,0.42213844455277116,29.055711105614808,NORMAL
2026-09-23T10:37:15.658688,44.61988376349788,43.00037121898441,34.06027405321376,40.302347808448516,45.46098347537027,40.325041688963545,24.53536976468786,25.6467481329415,0.43240458812152005,0.4996493576310128,28.74941975418654,NORMAL
2026-09-23T10:37:15.668688,40.499289888929255,39.07055457094876,35.96242246091346,37.179623672649534,43.9448484653833,38.45361953070672,24.65035779869766,24.700964869714685,0.4549310417850305,0.3958426136100507,30.504249440319292,NORMAL
2026-09-23T10:37:15.678688,41.16124721177158,38.239087899780095,37.4635937243805,41.192106345937894,47.36530700755585,46.5917248297466,26.163148663523135,26.0335566595522,0.39944182025846187,0.39304996015777144,30.151649627029318,NORMAL
2026-09-23T10:37:15.688688,42.571106347793474,39.42766905607296,34.18673036430275,39.98081629724463,41.920037132908234,42.445030127600376,24.217592917174535,25.551863235089947,0.32812115243619205,0.49518273237003413,29.08506225073969,NORMAL
2026-09-23T10:37:15.698688,43.483456573601856,40.662640730099255,35.30632335889354,37.18369242993504,45.839309210186855,41.608768322070254,25.44801595379204,24.943322665243812,0.3665231250556322,0.40670917212407254,30.637040963899253,NORMAL
2026-09-23T10:37:15.708688,44.08121822708347,46.735753904118425,36.126969932479284,36.07602191748537,47.06442716426586,40.783970199987664,25.044918129239853,24.489821142933433,0.3785887007626824,0.3727519535916052,30.302619793377332,NORMAL
2026-09-23T10:37:15.718688,43.11629791047603,39.53869646626445,36.27337466151244,41.14720693456728,39.508127807865655,42.30838852695938,24.886747265802953,25.129690320030637,0.46199346817687476,0.4272372343664803,30.820495742877483,NORMAL
2026-09-23T10:37:15.728688,40.1195914375821,40.792390698263056,34.397079424219534,40.34901783986756,40.64495195230186,45.921700441530064,24.879149814362325,25.81887119401359,0.3731704284228925,0.3887158020095149,28.57622351768285,NORMAL
2026-09-23T10:37:15.738688,45.027008912591434,41.994623246038365,40.43634299709571,34.066350965753685,45.18422113030376,47.734462196644735,25.846176494002382,24.530139079632058,0.5063443907558001,0.3379506320572569,28.942455736823057,NORMAL
2026-09-23T10:37:15.748688,45.20394362372039,37.832748390021315,38.24364671954767,37.96981683683974,49.96454704375034,43.325192271728326,25.92516449814906,25.31839667062426,0.358280830078537,0.49931489048691674,30.166263359696075,NORMAL
2026-09-23T10:37:15.758688,43.63991517589882,42.32433163760818,42.66287845843948,35.43162278717033,48.985659021059455,38.125204903604605,24.530138270083825,24.229771762103866,0.41215589603578695,0.3942834970832938,30.448313111289778,NORMAL
2026-09-23T10:37:15.768688,36.032117823327255,38.55488475241028,39.4954285331544,41.114109411384995,39.92186837573489,42.1606643035772,25.345427893311278,25.531525364551083,0.259559422543557,0.42718604932262993,29.203202914788225,NORMAL
2026-09-23T10:37:15.778688,35.96658034856057,45.38021198884112,37.448282099720956,40.640253800717794,46.592456223564774,43.05772089998919,24.730247240245514,24.642002733688503,0.4332186473500287,0.40481094244353727,30.176220646677738,NORMAL
2026-09-23T10:37:15.788688,39.90092576118032,35.875881917030064,41.007935853937674,37.60626227921268,46.63971487035548,48.781657759536685,26.189357824309557,24.77541500999994,0.304914973479551,0.3575821081089909,32.07997218838536,NORMAL
2026-09-23T10:37:15.798688,41.521344339252536,42.466354131767375,38.56463588480644,38.22570906117739,46.853248583311625,48.57133243227896,26.26940535798917,25.189255017125483,0.3281073164748993,0.44269573612324264,29.789737490771348,NORMAL
2026-09-23T10:37:15.808688,40.24402555852783,33.90074626687063,40.944950145070266,40.693843469006495,44.16407625405287,42.487560260056476,25.402853523581502,24.671173318284172,0.4475278232763237,0.4852563321885637,30.28893326837004,NORMAL
2026-09-23T10:37:15.818688,44.27329680491784,34.37894576868888,37.28776504834466,33.57729788795141,44.42545124029426,45.09891299877456,25.118570384755138,24.809831595394023,0.45116479894728495,0.38688688359443196,30.117525062963576,NORMAL
2026-09-23T10:37:15.828688,41.999924336859685,35.933395339277695,37.01271201524324,39.26617800832492,42.494169955689486,42.497363535099666,25.6929835125592,24.90469745343861,0.3990510639803915,0.390197190512039,28.41372957217904,NORMAL
2026-09-23T10:37:15.838688,46.43120772590294,40.40788671133103,38.46326070711636,37.17982226917494,39.91183783264628,40.22813886814231,25.77409555895176,25.530616721593987,0.3303607146909972,0.3618039261802223,30.503900644143428,NORMAL
2026-09-23T10:37:15.848688,46.476534994589855,39.321504098112236,35.25922408393964,38.06387985563168,43.30617816252671,49.5989352937033,25.183663837488712,24.89718289326486,0.37799602020333906,0.3621323897243865,29.509825821549175,NORMAL
2026-09-23T10:37:15.858688,41.91868965976578,43.0247077982149,33.7968473684425,39.76902753712097,44.73505066534215,41.78562548469461,25.20653702012933,25.275973004557304,0.3176376143001082,0.4045604964262399,29.89481031398079,NORMAL
2026-09-23T10:37:15.868688,47.42208561284325,41.45921283877564,40.37501366310457,36.47594420662032,46.33809553974212,46.49891173534531,25.383822092645918,24.59815345045256,0.46146976468162093,0.33728285059847407,30.401390619249316,NORMAL
2026-09-23T10:37:15.878688,42.94418406773387,40.43132693075933,36.40086230693215,38.97456564829233,42.766078939345014,49.18657251048788,25.669944029841492,25.88525357515052,0.4021369358233965,0.4016997293842094,30.318477747476447,NORMAL
2026-09-23T10:37:15.888688,44.31531194323178,42.261736009089944,35.205721773776126,38.47908119183767,46.89885721185545,51.432234530836816,24.74705460575379,24.802627412601627,0.3822137460011765,0.47294633266545466,30.23517220595795,NORMAL
2026-09-23T10:37:15.898688,41.19983186115806,41.13423378971368,38.25817547083242,39.74545237039442,45.77908999229507,45.318414370377596,25.491054506566613,25.76447633429583,0.3867684569586703,0.394207180850225,29.620280288099355,NORMAL
2026-09-23T10:37:15.908688,43.01790407337646,43.43783457990815,39.48657798150692,38.925030026984324,41.34797852019044,39.980534768016824,24.522580561911106,24.64596129787012,0.3883675859291327,0.45142836631412264,30.735496479214326,NORMAL
2026-09-23T10:37:15.918688,37.633538187754695,36.704578126265716,37.304322086180534,40.86562642357524,43.54574366678926,43.02961079657632,24.817257906786573,25.42403568746959,0.4176525272566973,0.3925489201001322,28.617195951476383,NORMAL
2026-09-23T10:37:15.928688,42.505413918977176,39.88443779691779,38.35930399450927,35.04898830373472,48.940248481348036,43.37316044473767,25.566238663303515,25.35058237476006,0.4409656520114888,0.376233950928358,29.368102558382052,NORMAL
2026-09-23T10:37:15.938688,37.89939607623977,43.14310048892519,38.78457153619277,40.46253521225555,41.22391176357568,42.83165634909995,24.428503932576852,24.151050126102497,0.40016272746650444,0.32729610992259606,33.45053335239428,NORMAL
2026-09-23T10:37:15.948688,43.462511275826074,44.71329880688662,40.249062538378354,39.618304857884205,40.742077809920715,43.729418039905525,25.858136483672858,24.552150449923175,0.45496400144076693,0.3903275350329923,30.883860198622926,NORMAL
2026-09-23T10:37:15.958688,40.050242179068924,44.1359958737372,41.24450629091995,38.51292650896519,44.32325430417204,44.676144822479536,25.33524205811264,25.705713837136194,0.3954541244028186,0.39323764403261013,30.099020111946103,NORMAL
2026-09-23T10:37:15.968688,43.135465802946996,36.731118155082335,39.563214002565346,41.96499720669779,44.54030602203958,44.225470021032855,24.778969922650536,25.179850627219423,0.39454043459968047,0.40893246321462834,29.33710022014152,NORMAL
2026-09-23T10:37:15.978688,43.598756277213376,44.638554843894234,37.12312796236441,39.40242112414416,47.43003146027632,42.47499735720373,24.474723971194894,25.279065532747612,0.39041231140669075,0.41722307130217334,29.932269307947777,NORMAL
2026-09-23T10:37:15.988688,43.08385408234699,40.73213837365201,36.73574992504819,41.548859021279895,43.462777857848664,45.12997865910761,25.845569025561915,24.68556384822201,0.39301198805446086,0.40405335954025856,29.790513095881575,NORMAL
2026-09-23T10:37:15.998688,43.64726268277721,37.89211533324567,35.22604279196455,37.85029726156525,44.6598577833707,44.67765613716043,25.29561770323779,24.856727026983695,0.3104272650463735,0.43155708811159355,29.275873921643775,NORMAL
2026-09-23T10:37:16.008688,43.06472903626009,40.79987676412671,35.54521710127236,39.84773491467003,44.6717945860831,45.57982626961459,25.105284099123274,26.008109598934805,0.3574153642727118,0.5027407658699886,31.73202716913127,NORMAL
2026-09-23T10:37:16.018688,41.094076276462964,37.29616104899093,36.88887308671299,38.19855871791204,45.722092482896855,44.84433809778927,25.3157408025129,24.105089130174655,0.3014246934501704,0.4088490258377548,31.32881540092692,NORMAL
2026-09-23T10:37:16.028688,42.45242384832753,46.534204142982304,35.19118520828115,39.201749737112124,47.56164377929361,43.43624377369424,25.68706256377617,25.470613437898034,0.38531255500742384,0.3855674342663262,28.643663366842773,NORMAL
2026-09-23T10:37:16.038688,42.231869351248854,46.85384596263779,34.01118738674161,38.725733872760514,47.26127235142982,43.91084131429614,24.12802564738106,24.95444696538974,0.42741026045164066,0.41005286326446366,29.714964166547713,NORMAL
2026-09-23T10:37:16.048688,42.0911287486863,45.247140459575746,35.823848129411644,43.127932440310964,42.323892873810934,43.18447771723384,24.93741893044321,25.43467353111221,0.46783718781574013,0.39370985399665204,28.18388265218814,NORMAL
2026-09-23T10:37:16.058688,40.734969236877376,36.406505655470404,33.01083292681129,37.96452121348901,43.12568666090652,42.49122519249456,24.18897779975159,25.303627518641395,0.48424124810910035,0.38209098624466487,31.731984152198255,NORMAL
2026-09-23T10:37:16.068688,37.093245223531945,43.57863041443907,39.939783995812896,39.13322916057926,44.41928930658258,43.53399926948127,24.50882877773678,24.30914640805681,0.4492185340292416,0.42654077995842354,30.47683262102,NORMAL
2026-09-23T10:37:16.078688,41.08973849184482,38.31468228746174,35.737070603605424,35.49745912963829,41.18797956951282,44.86951865660157,25.250415883221933,24.87295194733972,0.47723026922913114,0.37145540781039177,30.172361818969364,NORMAL
2026-09-23T10:37:16.088688,47.18498981923851,46.42063628957162,41.579936261877236,42.53145278303697,41.27758556137578,42.06647333956669,24.681696300656995,25.732162194261612,0.33306215145542684,0.3781914507894809,29.39164135270076,NORMAL
2026-09-23T10:37:16.098688,39.60613590063725,38.35855890977371,42.214132774297624,40.99104064437418,44.52671983113095,39.436194854694115,24.740229336574338,25.125931812305886,0.38865048207193204,0.39457021604749404,29.47939735044887,NORMAL
2026-09-23T10:37:16.108688,43.03557575180277,41.439491463039936,39.76305803871963,41.47767282297978,46.04235590021033,42.193196225036395,25.03920265474021,23.661353105986542,0.37286737802100955,0.44386824416911697,30.006224942004845,NORMAL
2026-09-23T10:37:16.118688,38.506186271777054,37.48706620735295,37.14727657524048,37.42202458359381,41.65706226605085,46.13773714357137,25.769340379555544,25.214636850914328,0.3498516140395613,0.4824645839328466,31.45864118444758,NORMAL
2026-09-23T10:37:16.128688,41.85019065429808,43.213601088544635,36.03902822066027,36.47983333427877,49.46091661876645,44.8690418950675,25.022547980534714,25.145435389726895,0.4070428793195546,0.4357009960532583,31.161216628682652,NORMAL
2026-09-23T10:37:16.138688,46.96539818429341,38.35045380429824,37.99189987662204,39.13949526949199,39.53432449591744,48.07226780534903,25.102782017126344,24.256717081037806,0.40363289975347244,0.379390997008453,28.805319651617957,NORMAL
2026-09-23T10:37:16.148688,45.8776593805744,41.99899108464245,38.845395397579736,42.19544270788496,48.662331809885686,43.20966490721559,24.582487588713253,24.765032184680088,0.42406792384283554,0.3821831503546359,30.28728217950512,NORMAL
2026-09-23T10:37:16.158688,45.61770888723619,45.26747863434394,35.902897524404665,38.374978166852166,47.750049004743474,41.23342036727819,24.979841745343823,25.20485409324951,0.465252981974938,0.37747022356196924,30.767565102403456,NORMAL
2026-09-23T10:37:16.168688,41.90186614539916,42.5080959369856,37.8667013340545,39.58969666514955,40.53137600161202,40.36598497212219,24.49132624465564,24.96220044870082,0.4058070916748921,0.4133806366101933,30.554690852107797,NORMAL
2026-09-23T10:37:16.178688,37.34446307568063,42.41087143031474,36.81290641259318,35.25047657041252,41.875578444466974,45.23661296758564,24.35054722147781,25.698471665454584,0.33969842751676466,0.3892674974084406,30.256374719943558,NORMAL
2026-09-23T10:37:16.188688,39.27525817399566,38.23671900653551,39.42521105394949,37.733612924553384,41.422373374281925,42.81994565380993,25.06614904604456,25.308885970699148,0.3703905845717678,0.4508423761725633,29.700457616170773,NORMAL
2026-09-23T10:37:16.198688,37.298524025328945,38.11738579382451,38.650930761633745,39.13649068325463,37.24563086529997,38.98816473926371,25.083719490224894,25.206889998335946,0.32879329870441476,0.4185919424112369,29.846868618336078,NORMAL
2026-09-23T10:37:16.208688,42.05455002085725,41.04356880578844,38.785617796010534,39.15601221257386,46.39600630996447,43.16907003681701,25.542630805809964,25.00003231953734,0.3830300576236467,0.273667983461522,30.784765133664752,NORMAL
2026-09-23T10:37:16.218688,43.64872571948566,36.139237260829375,32.725310993805785,38.87634082306627,41.10597193965448,42.18198974265329,25.71521381288893,24.960783394515275,0.4127561326945342,0.4201506999158683,30.378820119813664,NORMAL
2026-09-23T10:37:16.228688,35.29249795089563,42.860917236847094,43.514720652878815,38.41861836176849,47.106128863965544,45.928809043073656,25.847760178771082,24.738757504839942,0.484668717108065,0.32078117695754754,30.22303859518784,NORMAL
2026-09-23T10:37:16.238688,43.3047166638106,40.478817174594624,35.278953073637126,41.91253440141614,40.97446453751424,42.90717202895344,25.105684836791426,24.83328491907627,0.39300459633661583,0.387544271032975,29.34938715735028,NORMAL
2026-09-23T10:37:16.248688,39.663993240982066,42.753030018020574,40.58883609786801,39.615698363793975,42.18208044581197,43.39794728390421,26.063298150867798,25.088855248104093,0.3299119994169755,0.2945904821931139,31.1220207068159,NORMAL
2026-09-23T10:37:16.258688,38.69163686401177,40.6075659269686,36.349368539267154,38.59582127891504,48.448437040452134,44.88496166727951,24.926014998749924,24.662631136626356,0.3152958023645805,0.41501587228861175,29.99214369338417,NORMAL
2026-09-23T10:37:16.268688,36.54380093772234,38.71131939831244,34.36884721679063,37.59011151811291,45.23982519662693,38.40722126538748,24.980713229379813,24.589602106560182,0.4406467118743155,0.4252312669892587,30.539116645004082,NORMAL
2026-09-23T10:37:16.278688,38.60261313016668,36.47961167040954,41.84991004987113,38.5353111566892,40.29910693777766,41.15851643445072,25.644730835072764,24.450514840348173,0.4363412354491758,0.3005501108888648,32.0625781722659,NORMAL
2026-09-23T10:37:16.288688,42.18409557692614,39.31435518706364,35.549588100217605,34.36085044644449,42.61801761993641,40.25750044892016,25.20639041149543,24.94892013313378,0.3994528813176027,0.42720517638632594,31.281983588582165,NORMAL
2026-09-23T10:37:16.298688,40.031831610400694,37.44271979427655,38.94738649578403,36.77478144586886,38.29401185720313,39.280029031207526,25.931637578944144,25.278272798101103,0.3969657229395751,0.3614642569970364,31.18707091395761,NORMAL
2026-09-23T10:37:16.308688,41.80851341362029,35.14818660152718,31.84796364641808,35.9287743331184,45.46970402151037,37.59804679060225,24.259425104019236,25.564451617894886,0.5117083268089576,0.29604983066267276,28.835127991985363,NORMAL
2026-09-23T10:37:16.318688,41.00856518460632,38.95338465138858,37.12471736190987,33.326369861560025,41.76659691911355,42.70582166320669,24.242623255260565,25.136085265519373,0.3436661919097606,0.35654286801831714,31.692954176751996,NORMAL
2026-09-23T10:37:16.328688,37.06573743188284,46.039412879736744,33.42371269799878,38.33046917051089,44.53882418440963,45.737736550573516,24.301138581157012,25.455939441266892,0.45611487683039204,0.44433846863703935,28.18358617059873,NORMAL
2026-09-23T10:37:16.338688,43.633246965185755,42.53308549111879,37.012023796791404,43.4411260052907,44.0199613563766,41.56768101987547,24.99323191418516,25.11926480971831,0.41524763753658134,0.43539265604471167,29.770548297495527,NORMAL
2026-09-23T10:37:16.348688,37.343547166909666,44.116852364617245,36.91213903663945,38.70630804252774,44.25795816114593,42.39865935205658,25.249190323319755,25.049318775588926,0.4339963199711061,0.4795381110893042,30.689031529161795,NORMAL
2026-09-23T10:37:16.358688,42.9939819668258,43.993204208741126,37.207051132235954,37.41214961584787,46.377915946672,42.18370466185557,24.6000224790003,24.73968973636606,0.422162733194592,0.3398780344873564,30.579506861133066,NORMAL
2026-09-23T10:37:16.368688,37.89405292306387,41.559655113628764,40.806774269586874,39.75600991741045,46.5814445032342,43.518002270218574,25.761834128199965,25.150495107210645,0.431639695195899,0.3623239435011078,29.55938155513328,NORMAL
2026-09-23T10:37:16.378688,41.66929138133022,39.42891956477029,34.77690640917436,35.04717174448194,50.438540839436804,42.295084636101315,25.00716300885295,25.561099370097793,0.4139084297770695,0.4471115766573076,29.367208251223712,NORMAL
2026-09-23T10:37:16.388688,40.79825971930876,40.66119683415675,37.36206850926332,35.0871255674722,46.91794525924386,41.45058558004922,24.997786792108403,24.628353194569993,0.41315175293244816,0.3986733899840027,29.36399705995491,NORMAL
2026-09-23T10:37:16.398688,46.83562090780906,42.280893318557716,36.61749523891761,38.69561267238584,44.22985436526583,47.13661670400896,25.719397036652435,25.225421701244347,0.28510760811004776,0.34451614957021237,30.404003680011,NORMAL
2026-09-23T10:37:16.408688,37.48670259196548,42.06317346864183,33.657652658485745,42.67683356487839,43.460697121263756,42.220193306053346,24.335457419849682,24.603255795413485,0.29233858007839064,0.40602742527549385,29.839512261191345,NORMAL
2026-09-23T10:37:16.418688,43.72206194434699,40.325840760043064,40.17181710124168,40.11905683759176,45.10630001744027,44.04324223495341,24.71576077738064,24.94677291843135,0.4004610823409639,0.4145994678025852,28.21035521892392,NORMAL
2026-09-23T10:37:16.428688,46.27698547693817,38.109440793041664,39.52797401835853,39.43222568923668,41.561541497088676,46.83864101288355,25.203560035625518,24.70263938667595,0.32697556785077503,0.42646344079156573,30.39327352602201,NORMAL
2026-09-23T10:37:16.438688,41.26836252117502,44.15928893301496,41.15027659594469,42.03694190636209,42.731057871765145,40.34678072377134,25.181225293513464,24.967867212426395,0.3903339763862669,0.3240332778531588,29.757646103665486,NORMAL
2026-09-23T10:37:16.448688,41.05815985030271,39.93396263388243,36.005931701551724,39.33308865376123,41.05885883172592,41.89324609094991,25.35814305047681,25.155451012705218,0.44461684608753377,0.3850872837305465,28.17401919834682,NORMAL
2026-09-23T10:37:16.458688,45.910594577639024,46.099972586404625,35.17438055795697,40.07699590317114,45.22918008521254,38.992428927312545,24.683537889782027,23.41316635327961,0.4558913132019059,0.3726722584450544,30.558238951256183,NORMAL
2026-09-23T10:37:16.468688,46.83985635445455,43.160391756309934,39.017670698996355,41.37253551267964,41.970386282210306,42.20133343196918,25.16068057109634,25.213690918505627,0.39774785312182487,0.3928437761767636,31.637899031800238,NORMAL
2026-09-23T10:37:16.478688,43.945255533829446,44.37338925199754,40.40868173507711,38.71356876616636,43.79505263288903,44.1901317741404,24.814632061549695,25.8719658814258,0.3525839634767143,0.41022769578092216,29.386557961630523,NORMAL
2026-09-23T10:37:16.488688,38.61851505385778,41.54081267988209,40.012510233653884,40.44384230203211,41.49454474931399,40.2151859231251,25.09331570363026,24.734915048860532,0.4417000729846165,0.4427376356507353,30.241357068921364,NORMAL
2026-09-23T10:37:16.498688,41.137903895435635,32.16126120204095,37.37910313964461,37.27697253330493,43.08734663676984,43.12313351136836,24.04336303012694,24.76927900414323,0.42728271839753224,0.39862732372618975,30.34971634740813,NORMAL
2026-09-23T10:37:16.508688,36.479802423928774,43.518774605850574,38.113274390855366,38.41874446291346,40.72333109488181,36.890023405292844,24.471754111794603,25.432680855765337,0.45570133052304124,0.3383470935148477,30.962470342321996,NORMAL
2026-09-23T10:37:16.518688,44.973079277999865,42.581402110154066,32.929265894235336,36.45021633185162,40.00167938176951,45.231153929337694,25.56443905718195,24.798291156684414,0.4837218404274896,0.38857198636195167,30.10278163939141,NORMAL
2026-09-23T10:37:16.528688,43.15513186606255,41.511407240614304,39.08969434332145,38.11739925065608,42.18287433148484,40.76370491125018,24.56219756033875,25.347293594981846,0.43899055530142866,0.29544863911796326,29.591656042937156,NORMAL
2026-09-23T10:37:16.538688,45.50620662241121,39.80096888649024,39.89902436307994,41.836949714950656,42.85818396661801,38.41684158892624,25.664158571201273,24.709291510651887,0.3286123532838712,0.46043507297275676,29.369272538717244,NORMAL
2026-09-23T10:37:16.548688,39.92106870026202,37.677767454203604,36.92821836948005,39.20914644690003,41.25893825975579,43.17806393744005,24.297642817190074,24.924702492942735,0.39960452629406656,0.439511557306438,29.890056511867733,NORMAL
2026-09-23T10:37:16.558688,44.45547560283799,38.40957753490457,37.81620872663303,43.524372763573155,40.35058234477839,40.45827620050216,24.813466778247495,24.675960301948862,0.4876691486575065,0.34882702881108785,29.88589090477521,NORMAL
2026-09-23T10:37:16.568688,41.7250068257547,44.1383578545044,35.68896257278585,35.40295089201701,45.26962644578768,41.95704814476403,25.052162032048585,24.58518834256505,0.38176673960185775,0.35628942967113986,29.151435540317557,NORMAL
2026-09-23T10:37:16.578688,41.298831220155485,42.17733249945459,34.84827944175457,40.858211937903924,48.270693730751255,46.04822605627527,24.49922435179967,25.24251524162055,0.4849340543213575,0.4153864871562199,29.44347029018474,NORMAL
2026-09-23T10:37:16.588688,39.88808401285934,38.18802610622344,38.07892501212242,41.87622962257821,43.494774809467515,46.85494160170689,24.72646682182227,24.934496583042762,0.3700015036627218,0.37643235587763146,31.791144259650775,NORMAL
2026-09-23T10:37:16.598688,40.85244278998709,41.241454856566136,37.979534355946555,41.182961593670434,50.4882239444392,45.97002319187243,24.758678017200566,25.660749392770974,0.39619864867759286,0.38903420187887394,31.275943591140702,NORMAL
2026-09-23T10:37:16.608688,42.30463239806215,41.92157676720755,31.6454061199848,42.10282680149865,41.180838052718265,41.07705392569339,24.808865573604095,25.164526431794222,0.41986212912221477,0.44298105857435316,30.106054074121605,NORMAL
2026-09-23T10:37:16.618688,41.047341264035005,42.386360451406404,36.34901133984614,37.114478904400144,43.28847853764158,44.44499728726982,23.885485071473102,24.868906401183114,0.36878244149308864,0.4501544080013219,29.18400256689313,NORMAL
2026-09-23T10:37:16.628688,44.717665408510705,41.168514219886845,36.569971947163985,37.58142650659365,42.03619683435142,43.927071761095554,24.521362644628322,24.55998932855198,0.3933437556374831,0.4630664893157286,30.309698598592146,NORMAL
2026-09-23T10:37:16.638688,40.55147687974476,38.52942931108824,37.27757535170538,39.85155868320323,49.33357951221697,43.91919795245304,24.699885421270487,24.074435781389994,0.31705066429440304,0.46901101414139096,30.8903094279522,NORMAL
2026-09-23T10:37:16.648688,44.35735421298434,40.68219900403992,36.88292798647479,39.09669887583562,45.195875802636564,41.249381645072525,24.708777247999006,25.075736382310904,0.4163026730416152,0.43128450068959373,30.576812812991058,NORMAL
2026-09-23T10:37:16.658688,43.384324953004814,39.58085635979515,41.071544533127,36.99743390946992,42.26059616837974,43.31461662586131,25.223907187294436,25.686920932230784,0.4388941441414518,0.32331524691632535,30.57923163117584,NORMAL
2026-09-23T10:37:16.668688,38.89959925321212,43.75158220762334,35.72266239968758,41.13418728463208,43.15640235415534,49.14215696526844,24.11844862611054,25.04701576148046,0.35641100057666547,0.3933947589035149,28.61715172807013,NORMAL
2026-09-23T10:37:16.678688,42.02522833614721,43.15676853589243,35.096583350529784,36.27922450952067,47.34967549132345,39.25582576927379,24.540879009967398,24.366866166392658,0.4612283478647932,0.41155640937219895,30.83722911801511,NORMAL
2026-09-23T10:37:16.688688,40.12247721034384,42.274200013256426,37.5420138023086,40.75267042662378,41.271727518018125,41.00636150018953,26.1563445232171,25.17775846778066,0.402879134507073,0.47727495166240863,28.285766936176366,NORMAL
2026-09-23T10:37:16.698688,43.591096255979465,38.885426709287756,39.47897343847266,36.87009358001423,46.37096286222413,41.93854223394117,23.919173880863205,25.32456391686495,0.4204435689917015,0.40641842249306986,30.94700119575194,NORMAL
2026-09-23T10:37:16.708688,45.42286375825066,40.937604515280256,40.400421585129614,43.2731304308342,41.51408736630679,39.79480867293074,25.356778593363146,24.10122635247505,0.44720841307394327,0.39378333430017737,30.029199615185057,NORMAL
2026-09-23T10:37:16.718688,40.70024050276634,42.14049272227097,37.444757731261255,38.7300640164301,43.094690073790936,49.11152908774998,25.55378346674271,24.601454853978268,0.41209634418044294,0.4254578309102892,29.37259052265602,NORMAL
2026-09-23T10:37:16.728688,43.86935154765113,39.90967928707603,36.85591398018071,41.80694090490669,44.150496938487414,44.31145704403005,25.69029478425218,25.234629258231916,0.4264908580882064,0.2788541299849402,30.580577685796143,NORMAL
2026-09-23T10:37:16.738688,41.32942814649641,34.162948124326704,36.23000677921549,40.44973417927221,42.64919905109347,43.70188200020114,24.691760979420476,24.956434560760588,0.38183907913031756,0.47406689769798527,31.097882238925198,NORMAL
2026-09-23T10:37:16.748688,42.668789967410966,42.392316925915594,33.88768635693475,39.98626456641764,43.710631797849096,41.29727584424311,25.34182697249837,24.84475360607193,0.4981835035096195,0.40540119467573615,30.123056285651618,NORMAL
2026-09-23T10:37:16.758688,38.41898806252577,44.52516063226093,38.38458060249391,40.26116905653654,44.56481553199772,44.66672338341254,25.087074581941437,25.670307697006148,0.4734717823358311,0.4329892440572453,28.87275568690452,NORMAL
2026-09-23T10:37:16.768688,41.58782672260023,43.215311999479404,38.54662681982731,40.07523622916035,44.04810898864189,47.288847777226984,25.00528327092019,24.813756071076956,0.39878444246510886,0.401179067003094,28.26323142493512,NORMAL
2026-09-23T10:37:16.778688,43.310848592998454,39.677246243060814,35.74902664673028,36.54284357796076,43.213852924769746,35.41941373000937,24.799478895510376,25.438001561773998,0.3836958322745327,0.3372655210270608,29.020216417884534,NORMAL
2026-09-23T10:37:16.788688,41.979339933221915,35.99293425527243,35.46919327240135,38.62405533353611,40.46985520540382,42.93006558783003,25.114994891846248,24.679570989738913,0.3612464555409335,0.3719189016464017,29.591857537899337,NORMAL
2026-09-23T10:37:16.798688,45.89780894916463,38.51684130444736,39.2696243888944,37.476968927481984,45.85952961419949,43.17089931546862,25.085290714460655,24.344486246283108,0.42810414004782715,0.4602669279232684,31.598450268582702,NORMAL
2026-09-23T10:37:16.808688,43.25681490717909,36.171126063234304,36.744006074092624,37.29231662045498,44.0188652361384,43.544875904797856,25.07718479479718,25.53205535504126,0.3441570276933017,0.40465069401671205,27.980275372714264,NORMAL
2026-09-23T10:37:16.818688,43.346205538959,37.97183403574121,38.592444169297615,44.760406806807474,46.31082721403933,48.417312095420385,24.317994840107186,24.95349403638593,0.4158519092217677,0.3517542506742373,30.215114924488873,NORMAL
2026-09-23T10:37:16.828688,40.17665914245535,38.373082163740214,36.09154274957395,37.64547745718517,40.594372531619435,42.73064703527062,25.921960440676216,24.593977788643674,0.3537717763832423,0.4059998432007264,30.7853769463419,NORMAL
2026-09-23T10:37:16.838688,48.353273855682076,45.703895996575994,44.71898372135037,41.396254595737126,47.752589117616935,42.91757194397991,25.110940950053916,25.118577455666287,0.45950308896135295,0.45023626860202876,30.153571318715787,NORMAL
2026-09-23T10:37:16.848688,42.999903355219345,37.82175434597799,36.52316134008453,37.58187321274538,47.43564539032132,44.13821948898026,25.383830095658695,25.37570633806488,0.3153376588265222,0.4066540660651509,31.69371758557369,NORMAL
2026-09-23T10:37:16.858688,43.174583511215786,40.48168148666017,34.797279237880836,44.98531653683851,47.231522227612075,45.66749352035327,24.800766673953152,24.7133172256599,0.354437015795298,0.3932335361815228,29.223344367515452,NORMAL
2026-09-23T10:37:16.868688,46.17425331213224,46.19099062963956,40.05064040765035,40.35977442861302,43.30854192026916,43.54054143946166,24.595688950497877,26.171036284723012,0.42217740275724414,0.4609903335765066,28.375232679824848,NORMAL
2026-09-23T10:37:16.878688,44.776639266604896,43.187571307206895,40.564486723720286,38.82002188178395,50.67484265565198,44.110586833927705,25.00065940462889,25.248165653182998,0.36955304872795836,0.3816198166030022,30.040199108463725,NORMAL
2026-09-23T10:37:16.888688,33.709738674961116,42.67305825788578,40.59659824672158,37.67330258996476,46.9170040733942,44.6029094051676,25.558743153471006,24.59085081279986,0.49668486605103435,0.38745128458719413,30.742900036098522,NORMAL
2026-09-23T10:37:16.898688,41.362640712429595,35.12877495732277,36.11357078943837,39.88156355203847,41.52904532989668,41.130940622070185,24.47370713712947,24.530752607143203,0.31742883054119847,0.3359864411817005,29.190000199034927,NORMAL
2026-09-23T10:37:16.908688,43.8004434085842,36.11391457220632,38.135690894573635,43.590150062404824,41.81205110721586,43.96525535553047,25.393033457853566,24.844215756039798,0.5517935215963505,0.3737643687395815,31.269564612555268,NORMAL
2026-09-23T10:37:16.918688,43.27164903413526,41.73872388001567,36.17104312940693,40.427726173752745,40.588324651942145,44.179853952906775,24.708638559943022,25.537644635734082,0.38481015375642214,0.4130107693534656,30.374024266670304,NORMAL
2026-09-23T10:37:16.928688,39.250481935868805,40.25321272105056,37.8776027072434,36.39637768291623,43.397247336607435,44.07687736111231,25.29945137447684,25.488284664635184,0.41668070273576574,0.3919461245535196,29.179384551399185,NORMAL
2026-09-23T10:37:16.938688,47.79285211075821,35.933053497165474,39.80761570731496,40.60491520223029,46.79765078862664,49.936209829475274,25.225011655313534,25.27001012569527,0.42479524434634436,0.44218751267120404,29.198697857149952,NORMAL
2026-09-23T10:37:16.948688,45.86086415820336,39.9639485759301,33.97079989821929,41.72649993657782,43.064184656104494,47.012437688816846,25.150051151536793,25.253338951738343,0.37734132726317055,0.44302796481099505,30.35904772996763,NORMAL
2026-09-23T10:37:16.958688,42.61779018043189,41.11211531152925,37.68719449413595,36.18082250173215,43.12299137514671,49.64719519055804,25.72589030148239,25.25792846291212,0.33250985193232513,0.40322796477393774,29.996685980472435,NORMAL
2026-09-23T10:37:16.968688,42.705838231148235,42.442470985812754,40.377345052343706,38.75568321077171,41.79051693200919,37.83537953676672,24.593518751037816,25.509004744614607,0.502291963390956,0.42655879067413455,29.863995998997623,NORMAL
2026-09-23T10:37:16.978688,42.740607971502364,33.24618049001779,34.294831455028046,35.50682684286713,40.334121094167784,43.649917022983104,25.285293099073996,23.772218989094547,0.5004530023482638,0.4523384189409112,30.83903511698578,NORMAL
2026-09-23T10:37:16.988688,39.25656427278515,38.567974819921986,39.00561744157657,37.218865195131556,47.759231414527015,44.625153028854946,24.954990512554435,25.716682785734235,0.39304599003904483,0.3786239351266376,28.801079785714634,NORMAL
2026-09-23T10:37:16.998688,39.15597305357516,46.747485551258784,38.97724798890353,37.03925853561768,40.020991372392544,44.045562175473854,24.562047072964337,24.583725499614214,0.3976760776341463,0.3860760256024688,29.026475209515073,NORMAL
2026-09-23T10:37:17.008688,42.76952026086321,38.94266871559918,40.140772851709094,38.79218963770169,42.96931308522433,44.97324364990503,25.17258241009176,25.233568590567184,0.45843404924934356,0.43186341299413145,30.352611081617326,NORMAL
2026-09-23T10:37:17.018688,42.96520783269739,39.380929534816175,38.4485328388863,42.83992002396067,46.291311796028594,41.494484296420765,24.391787976065466,24.895350519505953,0.34757770877478467,0.4515904359579943,31.00138301802031,NORMAL
2026-09-23T10:37:17.028688,45.557584845576905,39.657711474763715,32.984691574385295,35.91920681727168,44.84944755215369,46.28880263254661,25.28517812010231,25.061558743408252,0.4066436890873891,0.41724969321604394,31.920517069278894,NORMAL
2026-09-23T10:37:17.038688,43.150918544394514,40.973570173703436,39.606422136596954,35.33655292631308,44.0658295209159,39.229898453600086,25.471842708516956,24.880901362117502,0.42389934627001413,0.33939950800344637,32.30981704167611,NORMAL
2026-09-23T10:37:17.048688,39.695823181874026,42.22281033879076,40.787597423027364,37.36305883293053,43.886396636048275,42.651443793387735,25.257272013355824,23.78487633293009,0.3501350781149736,0.4291522845322748,30.56481985392035,NORMAL
2026-09-23T10:37:17.058688,41.87594674207221,42.66004359916937,36.7682802846246,34.017449636928696,39.42670164567772,47.00204731945742,24.560698305382804,24.253450220478364,0.44235260962391587,0.34660013088836505,28.840444985307588,NORMAL
2026-09-23T10:37:17.068688,42.8994023515193,38.244220868484554,40.87038207529081,39.04937258716243,45.59268894882826,39.84107595242415,25.10889828326522,25.436190934470932,0.3556644887999943,0.33141622079397226,28.770258314533734,NORMAL
2026-09-23T10:37:17.078688,41.88449904190566,48.33495720793553,32.91651440625544,36.38280998555996,41.31888590359383,36.265961081475666,25.486201821089615,25.17114313544187,0.34764055064074223,0.38786077118103424,28.7649591602265,NORMAL
2026-09-23T10:37:17.088688,37.111640381905836,39.78434722980016,40.160896435543265,39.620644237244356,40.4807402801551,45.31690672808938,25.14739362461488,24.45228257355131,0.4829647955256331,0.32034053817518554,31.175267917602937,NORMAL
2026-09-23T10:37:17.098688,39.88800030605414,41.31179644333213,40.15985428666111,36.70269357869099,42.22871049809721,41.64557065132212,25.690577472924012,25.350400306399937,0.40869475020659646,0.43158462906759343,29.56709776500475,NORMAL
2026-09-23T10:37:17.108688,41.64425893531904,44.67319012279422,43.96226522666312,40.55259736488245,41.13474114558078,43.94593106835819,23.85805557060504,25.537263975273095,0.4129248005312119,0.362165350728189,30.495303589831153,NORMAL
2026-09-23T10:37:17.118688,38.53192092672357,37.9322811366216,39.47406448082163,43.25238650519525,42.43356666105068,41.36510621313389,24.670542656273902,24.869005293556356,0.3904518367463967,0.43456020255991007,29.95157684171579,NORMAL
2026-09-23T10:37:17.128688,40.69321115710389,38.903502187871275,39.36541641890642,40.217131597847676,47.839457359633265,42.74092798636228,24.70257608365494,25.552573487822038,0.42337103206353704,0.47232594429484387,31.26574778278259,NORMAL
2026-09-23T10:37:17.138688,44.07752450813633,41.57923302365734,37.831608416826775,41.84952477680717,47.63570991932426,42.77403236494832,25.730931538550962,24.7555231795156,0.3543059031829545,0.42805557651499193,29.623568675557905,NORMAL
2026-09-23T10:37:17.148688,42.70013499681976,42.165525688478894,39.95667433530096,38.10527673101236,40.34875717455865,42.00558143261542,26.295084446936343,25.59546190752959,0.46845927092614764,0.3299930579418438,30.73990140362209,NORMAL
2026-09-23T10:37:17.158688,42.046424811038975,41.95589943248743,33.62508827470215,45.08562836804315,41.337828871709824,45.487624447726134,25.35804681034002,25.615915073170296,0.4588952682032186,0.41032394104729797,28.90024775769364,NORMAL
2026-09-23T10:37:17.168688,45.20708704463683,44.09219506732901,37.81560493942635,40.02603663501549,44.679453506309045,40.28294508489549,24.753181488606455,25.209783996871572,0.4756161607870321,0.3727446864697129,31.179384377547695,NORMAL
2026-09-23T10:37:17.178688,39.78320258987779,46.02259887757806,37.18581197721984,40.48598629148892,43.91167314627923,41.006163857825236,25.508660679835376,24.87815274904242,0.3694885661298173,0.4840112628832498,29.906086498709463,NORMAL
2026-09-23T10:37:17.188688,40.37281363862753,43.199198368591546,34.773174250545615,41.69420482570986,46.860893690223264,45.17823191943051,25.13082365608959,24.680246607372805,0.42616117524597413,0.4662502711362975,30.243792918305143,NORMAL
2026-09-23T10:37:17.198688,37.07496283512257,49.63063092233935,41.214843821473956,39.532355745496446,48.34208438273055,45.99171288985238,24.69609303325123,25.06461414337417,0.3509342245828198,0.3791718094491967,29.479860003115434,NORMAL
2026-09-23T10:37:17.208688,45.181051811699845,41.858746448989336,40.34232390749498,39.0547837925856,50.9721395195611,42.45843828141129,24.692041407741435,24.583239195387133,0.4690622439128853,0.28733104016920635,30.273125783395347,NORMAL
2026-09-23T10:37:17.218688,41.03459099414347,43.22450302094816,35.19801678492721,37.84721497264315,43.438046121304154,45.3041327465715,25.439861048429243,25.804211675754747,0.39804697030941083,0.3622180750921654,31.179145415026273,NORMAL
2026-09-23T10:37:17.228688,47.57890713377563,42.154608548290504,37.115539401852644,40.97316167742253,45.09533618204627,40.7521619849616,25.106019493631514,24.86961972387053,0.35998951603316126,0.5226017462913879,30.504181574386035,NORMAL
2026-09-23T10:37:17.238688,43.757937665909296,39.74266450338632,38.98913233459439,37.62023198970064,46.61113177830593,46.29548932419827,25.277240847022494,25.382439197748155,0.4195200598340248,0.3966980780080003,30.204029698062854,NORMAL
2026-09-23T10:37:17.248688,44.655115506884684,40.68581174369033,36.80063726576783,34.099308967459535,47.70450353992658,41.29672297186813,25.28266162538476,24.618911910104252,0.432371754378494,0.4220466140024411,28.947738125683074,NORMAL
2026-09-23T10:37:17.258688,47.43204135728474,41.85149768833343,39.57468567990091,39.564682173143204,41.930953886923106,42.04519267918716,25.946347216230293,24.406557366943126,0.3806319383656741,0.4578992608100469,28.586775669678957,NORMAL
2026-09-23T10:37:17.268688,38.247362297261965,39.8083575019206,37.232975280235785,37.045435223997124,41.6139136906898,42.185291377842674,25.66108507854008,24.489374023595374,0.5084053252582813,0.4283697972463471,28.7157323505536,NORMAL
2026-09-23T10:37:17.278688,44.11270393212394,40.88287879372282,38.81159643676281,44.538607643845374,47.063875709017964,41.78788359044161,24.874793750719224,24.443110828903407,0.40811246961184144,0.35983199148055656,30.95719863592426,NORMAL
2026-09-23T10:37:17.288688,41.64056412302407,44.99463357313681,33.87981499159904,37.332946917536155,45.58522076475139,43.8977221597897,24.61371429188447,24.47882382162786,0.4472407419648645,0.34755076061486356,30.698118305425147,NORMAL
2026-09-23T10:37:17.298688,42.22250503221826,40.52506634921823,36.52928967726315,43.813596645493064,42.41164451268253,33.94659606290058,24.908071098228458,25.608017387916913,0.4020203334108359,0.38701361659119865,31.76032033497313,NORMAL
2026-09-23T10:37:17.308688,42.31761100690871,39.0927143671489,37.16407661238346,38.74246970203214,45.07893111318394,47.31538829168568,25.216604914955553,25.5729211763812,0.37157770648253297,0.4422387925195364,28.149631439667353,NORMAL
2026-09-23T10:37:17.318688,38.43936577911512,40.467712202833276,39.839326995000256,39.79793702028588,42.78365754950154,39.19632274989961,25.347352922687804,23.62022359159204,0.40201383718055245,0.37299950409436083,30.364293581110296,NORMAL
2026-09-23T10:37:17.328688,41.971011073976236,42.57114253500018,39.43406732886102,42.27759296855304,47.261450936975145,46.06182853735627,25.096438196246055,25.105915422222292,0.48263886102065967,0.3990367638598905,29.821596591400553,NORMAL
2026-09-23T10:37:17.338688,37.47742676840227,42.41189553367145,39.30060985885338,42.16276063672477,43.01025846085402,40.242371060340254,24.3516670417416,25.040084381985576,0.3927054981565559,0.4266012295529099,30.423241731048627,NORMAL
2026-09-23T10:37:17.348688,44.966411690718786,44.7938482786315,39.11760008616637,34.08685600799404,42.59643847302812,45.74987553116508,24.593465427563917,24.363652237603137,0.36855114664793215,0.41167808378115645,29.550029651339848,NORMAL
2026-09-23T10:37:17.358688,40.4678259119199,37.34115519127978,42.02509976827269,41.31431126478685,40.56077784842793,35.69231847980525,25.077292599034564,24.647938450454085,0.4145956142140963,0.3731585818827036,30.23917283662066,NORMAL
2026-09-23T10:37:17.368688,43.113601137079634,35.42773577564442,37.96791566730457,35.95277241616532,44.415024372179744,44.390607330078,24.905424429226624,25.397122671041412,0.4378723885587475,0.47676932685913226,28.32796180253881,NORMAL
2026-09-23T10:37:17.378688,42.85163397499804,44.028461659844716,39.097669145358154,38.41545232522472,46.019933837121904,44.818199894451624,25.9513999125778,25.68575827964542,0.2911391202639404,0.39295825143965224,31.135502601914936,NORMAL
2026-09-23T10:37:17.388688,40.51389859373405,41.60869045518854,38.69676941562389,35.46903094213909,37.41255655342513,48.83845831463655,24.320983727313823,24.771106260490484,0.42424999652715695,0.4311383598199736,29.472053537919983,NORMAL
2026-09-23T10:37:17.398688,43.66900281034772,45.855971777725856,40.895024563387054,36.85695737801208,43.73274911168738,42.110057185250035,25.102561454431065,25.229441959241917,0.3936695533863019,0.4306589309645233,29.54725207387942,NORMAL
2026-09-23T10:37:17.408688,42.27042903657193,48.539983172392986,42.470087202057314,36.94340214733356,37.91352240377877,39.926975950955075,25.619625754604833,24.668565241294566,0.4040676841307865,0.3994198244982127,30.860653907646086,NORMAL
2026-09-23T10:37:17.418688,41.31317386724772,39.588774532766976,35.049347175270725,38.87696747041566,43.932834043019255,43.500371186397786,25.22461350238224,24.705398993713917,0.47971924358224743,0.39933710266482975,31.80697748464466,NORMAL
2026-09-23T10:37:17.428688,38.38060246298998,38.822731112136466,34.93060322542507,33.43036702327548,41.41451887825254,41.87700023391453,24.49000663577546,25.479389144701766,0.4341846373894227,0.37181288849144023,30.58884339274195,NORMAL
2026-09-23T10:37:17.438688,39.80340707833916,41.20738190315439,34.921979808462325,36.34830005336846,44.137028059163725,38.75893241735475,24.707552093788347,25.847787577002144,0.46423234708400263,0.41176083980922823,31.993176656768732,NORMAL
2026-09-23T10:37:17.448688,42.863808093076614,43.9704150367847,38.9703474203849,38.9753392681359,40.557561007273485,35.568326363761464,24.74811663509753,25.097389606049045,0.3973608743680537,0.36499219158207175,30.631631211510378,NORMAL
2026-09-23T10:37:17.458688,43.32033450309917,43.67994225433377,36.73920624684741,42.58296216157406,43.765158237212354,47.88306799394105,24.325018228578625,25.94383785101101,0.4628364181791999,0.38308717729805447,29.71375975463014,NORMAL
2026-09-23T10:37:17.468688,41.99193774016294,45.051898556994544,37.8672087558165,33.101268849087184,44.188276915228506,46.405543236295216,24.948809585803982,25.29793121300297,0.40371627116534514,0.3193266642239341,31.037339762128912,NORMAL
2026-09-23T10:37:17.478688,40.444479782393174,46.34053680277171,37.78331038309672,39.87293042476355,43.104975182044384,40.83520027025435,24.991609657891793,24.993940056757822,0.39968798706266967,0.3613917897285834,27.795480584422577,NORMAL
2026-09-23T10:37:17.488688,42.07995031691743,37.176389908443646,40.10117442051531,42.51720728436842,47.87810612463745,42.52752195594277,24.837622096491074,24.71615644970955,0.41603178073457203,0.36717804248577307,30.60362926147941,NORMAL
2026-09-23T10:37:17.498688,42.528631609248,41.92913846461153,36.53267805806037,38.751962962492996,45.02449966914685,39.042580464071165,25.216751924987012,25.788575422420443,0.4158098610620739,0.3922463892145549,29.056923744841978,NORMAL
2026-09-23T10:37:17.508688,42.210116464089076,35.92791187200262,39.349533216140536,36.70974275381595,41.83944229330299,37.74503933242988,25.26351966220228,25.40991978699572,0.4063404629357118,0.41177308288242814,30.872454272783017,NORMAL
2026-09-23T10:37:17.518688,47.14451208709286,39.891726409663725,38.50504030894326,39.535056540100115,44.97791443556119,40.24178031110957,25.271661802108287,24.906282982502887,0.37134838755691646,0.3821175333137603,28.459327118442314,NORMAL
2026-09-23T10:37:17.528688,44.75063192997669,38.53877682974732,40.71830088413675,37.04878733868717,47.86853744681785,42.05557860038008,24.735235415352527,25.481251883625756,0.43190036631749323,0.340900943882961,29.628505332901433,NORMAL
2026-09-23T10:37:17.538688,40.23118913875193,39.249663980560186,38.48348949197196,40.40586036420445,41.21530096020255,41.35600757874818,25.625287133527756,25.800258413310658,0.3599901730533718,0.41693637046331183,29.432332276982944,NORMAL
2026-09-23T10:37:17.548688,40.54296468890606,45.95303278323509,36.93427126476797,39.239144093129156,39.33105984810396,40.37938719900504,25.11625091453817,25.118879176120334,0.3949632400440535,0.338456705477852,30.79921285394864,NORMAL
2026-09-23T10:37:17.558688,38.99473256649142,37.57335713780839,40.226294437979455,37.923493748559224,38.626823968772044,44.78568685493524,25.102589679492834,25.636449999385498,0.3369909093147859,0.40096448255458944,30.32219758960244,NORMAL
2026-09-23T10:37:17.568688,44.364361839930474,38.079124082284984,40.77939891521749,40.39802908951911,47.16780408684468,44.835162441612916,25.323733980285486,25.215684609770374,0.3105632061783901,0.3716175098070743,31.11719307593839,NORMAL
2026-09-23T10:37:17.578688,42.95135140470834,41.86348657038822,36.832385790265995,39.96379454510726,39.498825120469746,44.43620686907365,25.150609120773513,24.510343498554946,0.41855616269693446,0.3863733177129997,29.69532031707032,NORMAL
2026-09-23T10:37:17.588688,42.21231728787877,37.671896881017624,34.71843290219809,31.871255703307806,43.59249993481803,43.66328073420596,25.117381564436787,25.008518345109348,0.39435831236155044,0.39047653067699106,30.09080786966501,NORMAL
2026-09-23T10:37:17.598688,41.30681964569378,38.77825534753202,41.77949138722987,40.18255135613169,40.27799250033689,44.692994529487265,25.161256238975632,25.217601771643107,0.3933936955213859,0.4130585557342445,28.783184448406136,NORMAL
2026-09-23T10:37:17.608688,38.348704365317616,44.813631012283395,37.967286640384515,35.59328457279859,42.27884457748261,34.21002635406047,24.712738584768346,25.68929237892825,0.41640877150456546,0.3431066653662174,29.79397046551502,NORMAL
2026-09-23T10:37:17.618688,44.41600390239198,43.033986931305456,40.644154108927594,41.22121980986769,47.570749769043935,40.60908868646963,24.897650745160227,24.1536357544558,0.38810515965079734,0.4545399634726238,31.512865072679247,NORMAL
2026-09-23T10:37:17.628688,40.98585882236717,45.057905168010116,40.35579034669824,39.64383231218387,47.10160045770427,43.80431991245245,25.66696012173978,25.111018432482705,0.43890694422138155,0.40068347880161254,30.025370612032017,NORMAL
2026-09-23T10:37:17.638688,44.760443465213655,39.45503423858727,39.98738173593247,35.94305087755278,43.63251553079638,39.804836608162816,25.36100902114588,25.025329667827336,0.4283179171069869,0.3956259267644247,30.71378308719966,NORMAL
2026-09-23T10:37:17.648688,40.07927901850269,44.974874933397444,34.90401566898656,42.458315026115834,44.63734359615991,40.160416203506045,25.764211058642964,25.205832776096,0.3883291618655122,0.38832668174620577,30.26855162047407,NORMAL
2026-09-23T10:37:17.658688,44.97555165963318,43.36993508353214,35.4875154880442,35.761435190690676,40.43728542692773,47.174428832126054,25.07457367341196,24.225836722231026,0.3107912731609392,0.42844335542025525,29.70853569202942,NORMAL
2026-09-23T10:37:17.668688,44.176774194367006,41.934101287553005,39.222304843898335,39.37171828703387,39.57471902642036,46.58306634066743,25.45248369393138,25.448320541389432,0.3950922381980468,0.3990864775255086,29.454910387790207,NORMAL
2026-09-23T10:37:17.678688,40.35280180329455,42.16730927738509,36.777096642281826,41.784190991827614,42.87823359336957,46.27725528012992,24.746735271076762,24.3877721566987,0.4588920268424921,0.3820780587248625,29.93553465172791,NORMAL
2026-09-23T10:37:17.688688,41.80577749924476,42.72940776957704,41.538711397456716,40.54536305531957,42.160944473433155,41.29302374231068,25.310435267448863,25.572074623556148,0.36076528494839255,0.3291654587866747,29.50853271570638,NORMAL
2026-09-23T10:37:17.698688,42.96662944286503,41.143209901557505,40.60586482845813,38.506618844111124,41.18639710362618,42.42988205782428,24.394442720998452,25.096853946024147,0.4419345376296382,0.4036616495835424,29.59242257671725,NORMAL
2026-09-23T10:37:17.708688,45.90280632529834,37.02013473663513,36.165025152775605,45.85534254175081,41.83785071694784,44.7914135489344,25.001549638716256,24.158156619921506,0.4098117811578875,0.3890486221334402,29.407808059108966,NORMAL
2026-09-23T10:37:17.718688,43.23564900141673,39.770080528984714,35.96477433426134,38.15000651637592,41.71485624530298,49.38977969659034,24.720982262463846,25.207997872341142,0.4030622006445639,0.36309577521907055,30.717314614244017,NORMAL
2026-09-23T10:37:17.728688,41.53743370625639,43.44255913117598,33.91906487390363,36.897694758028756,37.293168512911855,42.78010342693675,25.111797259084234,24.19774399103564,0.3568558325042457,0.4468961794464635,29.37300587816494,NORMAL
2026-09-23T10:37:17.738688,41.98853785105128,43.67600718994285,37.750967348517946,41.75727809882369,43.42202190175736,43.525356798607646,24.844804711184054,24.94767660812813,0.38719603233570277,0.3933464728468198,29.682540289257922,NORMAL
2026-09-23T10:37:17.748688,43.335872313533166,39.23157860678253,39.481353841233755,38.142495234761356,44.265239668916905,40.202767731652926,25.18282544055588,24.660018715406267,0.3687706985710105,0.4720749330531546,29.44106598767329,NORMAL
2026-09-23T10:37:17.758688,43.305392355947454,41.87825756843854,38.90089416489875,41.80362397854888,46.27329609501909,38.2696746804012,24.868972756345748,25.14586856997003,0.33902720702408595,0.37389688993539916,29.587339915148533,NORMAL
2026-09-23T10:37:17.768688,38.47196828005496,38.656480721724236,38.561001909873205,40.65516873508801,41.80835836733957,44.48954868544332,25.157220624647934,26.02246837142164,0.4490547851453118,0.3366057252979437,32.15309553545222,NORMAL
2026-09-23T10:37:17.778688,40.176566044997955,38.28606130780339,36.083702343866236,39.117446399400414,41.33164529818799,40.43613864782816,25.35649374698062,24.488685841575276,0.3997804093696357,0.30551478962987383,29.35234866983549,NORMAL
2026-09-23T10:37:17.788688,42.34179959619675,40.72377478289353,39.84432397820786,43.249435167541264,44.73276419939571,42.98739785989149,25.680222651919326,25.5396886525092,0.41994321959977293,0.4169282048715892,28.138556532262765,NORMAL
2026-09-23T10:37:17.798688,38.09114601128262,41.102979764834934,40.43178690558871,35.16427761133679,44.81009516564106,42.78645891150224,25.406848830281508,25.25028698443968,0.3966785202421761,0.3918224105749159,28.97663050159739,NORMAL
2026-09-23T10:37:17.808688,46.1785389180983,41.08071933023541,38.54140276778474,41.3325575560559,44.420438851248235,41.44714261364191,25.40346512956586,25.15374743119135,0.42313364643459167,0.41104834520688793,28.303619510187993,NORMAL
2026-09-23T10:37:17.818688,41.16241507768697,40.14332438208839,41.02919745570375,39.38018671027172,46.98278541249861,37.33337002385814,25.13534060824268,24.280806213195827,0.3565117287403321,0.3744625520469753,30.33651541355688,NORMAL
2026-09-23T10:37:17.828688,40.79074182924014,33.95261422685836,35.6725298798433,37.157610146126316,46.94252583838865,44.46456101722868,24.734528606090954,25.44765889895725,0.49748725213384803,0.4637960740897465,29.336454143516754,NORMAL
2026-09-23T10:37:17.838688,36.42499417486536,40.009470314131576,40.912891510053065,35.53861011259427,46.73787678319203,45.02962508800055,24.38085116795192,25.07946310141484,0.3553293388721729,0.3498904394331668,30.048047692877933,NORMAL
2026-09-23T10:37:17.848688,37.125416557635404,43.09593431764713,41.683698616141484,40.10439347401436,45.17170893846442,44.05296006333222,25.018021968709164,24.9065049463327,0.4315961552753914,0.40857090716087047,31.20975650217252,NORMAL
2026-09-23T10:37:17.858688,41.77757767346514,41.865692408971526,40.3812521520031,39.80466512383283,43.14373369828062,43.48689444942556,24.914918003536247,25.312825712452703,0.44540946890571653,0.36461981942241034,31.494505291929354,NORMAL
2026-09-23T10:37:17.868688,43.50822662688081,42.09500545061556,39.045799639685775,44.23251199648574,40.58731930778999,47.354493467012354,24.682232375551198,24.981859620746597,0.3481701392596751,0.374793699203227,30.604054269148016,NORMAL
2026-09-23T10:37:17.878688,39.41920014101798,35.00320870458248,35.971455636175456,33.79878182978806,38.051282494175155,44.21612833333425,24.638828217549307,25.24146915562883,0.3943036848013627,0.3788351186174248,31.199196851404704,NORMAL
2026-09-23T10:37:17.888688,44.3660385725057,32.62302561903303,38.432514485625155,36.75135809517785,44.47195425291392,48.96115416806998,25.697031363215928,24.57420855085445,0.3496708411134363,0.39085467168893473,30.340775255516398,NORMAL
2026-09-23T10:37:17.898688,46.1956168163214,39.83822148844896,37.15176082737481,40.923901439537985,45.732834341603414,42.792899285765245,24.911015942081036,25.260948464212827,0.34652717885651274,0.465875658468447,29.94359532670336,NORMAL
2026-09-23T10:37:17.908688,44.27664033247758,41.98247288119572,32.77726777742323,36.37649379597525,43.27400212477303,39.78503562886465,24.97010738676204,25.90690752938909,0.3446981233010696,0.43868278173555414,27.855051872393048,NORMAL
2026-09-23T10:37:17.918688,38.833181832913084,37.31119836029342,39.67143346883393,40.80054096817685,38.343365944303464,39.87630084464722,24.21529145459552,24.469130784684555,0.33437345531105855,0.3981227573272735,28.499316860001265,NORMAL
2026-09-23T10:37:17.928688,42.40968757449018,35.127030283196994,40.5690002518331,40.62252908738361,47.212051280932755,47.15069262832421,24.374878129249048,24.660012046194097,0.3744018352614889,0.3881968998137617,29.234269609657318,NORMAL
2026-09-23T10:37:17.938688,41.00008698433325,41.875493114972016,32.827012406099016,34.983369106298994,41.75104947285327,47.61887857976888,24.03084054513009,25.18502755053906,0.3847985739828001,0.4482098310318644,28.463361644742243,NORMAL
2026-09-23T10:37:17.948688,42.88120216726191,46.14985856359693,38.43544192769461,36.385783676263266,36.97657403066826,40.01736540338089,25.656744786977892,25.235382871222004,0.4632205621016044,0.4091843928125711,30.803720753682203,NORMAL
2026-09-23T10:37:17.958688,45.5479566682561,37.99230179435252,38.69107182581693,41.783692099087354,41.29291570535829,43.962616843504705,25.309635225475994,23.501532701072474,0.3388563819835715,0.40936559177038523,31.353306135711872,NORMAL
2026-09-23T10:37:17.968688,39.97323432315073,44.93013326369327,41.03301684066423,37.017486890861896,46.92147492440002,40.83568700145641,24.646870774728512,24.464180716433244,0.49185421521003364,0.4101403758257355,29.98303096322725,NORMAL
2026-09-23T10:37:17.978688,42.229769199061344,39.279874312065914,40.11830673084586,35.34863172504483,36.7393808802404,46.16894317746923,24.627556698972107,24.887120397552714,0.4049566294791803,0.4294401010801027,28.351069976600527,NORMAL
2026-09-23T10:37:17.988688,37.76698187185448,43.82914595907276,36.646918369845125,38.61149499201795,43.29424204861961,41.87358513676898,24.380488989214292,24.79606324140092,0.3604537299229401,0.45841339039104245,30.61952941881626,NORMAL
2026-09-23T10:37:17.998688,41.0302573389151,35.94955452712599,36.27852832886366,42.841550100208714,47.27254669674929,46.779928316712876,24.425211001425122,25.152668791465274,0.35939106248246533,0.34111023246881167,31.939656689451922,NORMAL
2026-09-23T10:37:18.008688,46.2059209971883,44.95887956524713,38.42911644839721,36.51534470968764,46.36825717058855,46.21489577201319,25.14107643178894,24.036739988734794,0.3853131717568942,0.5060526709951814,31.155275699373433,NORMAL
2026-09-23T10:37:18.018688,37.51077319753564,43.57183698162923,41.58504866873303,42.71100500822238,44.027370113749654,38.952123058692834,24.94093460011059,25.414745528275805,0.3726962201362039,0.4249172178073426,29.995126122951522,NORMAL
2026-09-23T10:37:18.028688,44.9446925398166,40.6214282224992,38.30528431467119,39.98263853297237,45.43874745569225,46.86864265486499,25.415135857883936,24.16670335225542,0.5190124157489053,0.41922191822523663,29.759681143373832,NORMAL
2026-09-23T10:37:18.038688,42.71922425091738,40.26877045582304,37.18001705316078,38.33226981990975,43.14820852349048,42.92277672812125,24.833381468930302,24.73868674150988,0.4170967491680573,0.37732807987645733,29.51994199447197,NORMAL
2026-09-23T10:37:18.048688,39.17910035977626,39.39186951404322,36.819175045747876,39.73761528405218,43.7342865524712,40.89916880560098,24.982857718955653,25.090479874723272,0.3459571458060191,0.4016070072962529,29.882969056805617,NORMAL
2026-09-23T10:37:18.058688,43.75063190613257,40.271717943039164,35.338704206314986,40.6224902885649,46.34540710427157,45.91777463348784,24.434346877949302,24.622029825450305,0.3738551068417575,0.3793451725479058,29.84991277608538,NORMAL
2026-09-23T10:37:18.068688,45.353503733291824,37.53720438386933,40.60084507591395,33.97434252471936,51.52906488536695,39.04923428526396,23.935797046245213,24.536129267016005,0.47919005299858064,0.4353336920626072,32.324647900533314,NORMAL
2026-09-23T10:37:18.078688,43.003050444012395,39.93163169441399,36.26260580055628,40.63393393028739,43.629762888181766,41.75736428332555,25.061772777621886,25.778070331428758,0.48568783080265454,0.3275703663856485,31.799342777401357,NORMAL
2026-09-23T10:37:18.088688,43.957759113473465,47.38070607295639,35.716911527512764,40.630169415942476,47.00680588281331,41.51916741256684,25.46556826412592,26.59938432519948,0.4629523038580556,0.35872611177278874,30.525945942114056,NORMAL
2026-09-23T10:37:18.103071,42.84936680812284,39.46443020034511,39.204244940892025,34.88201575862167,46.64034982157062,45.60183575613935,24.943956483509794,24.38442270360378,0.4126561697999452,0.44802656159375287,29.85672046804119,NORMAL
2026-09-23T10:37:18.113071,43.195593984518574,44.04132229984928,40.43554757562187,37.02098029591944,42.588489326358776,46.76416345659362,24.95431549467157,24.69951483726951,0.3862323784300733,0.3925650803852242,30.548381432614722,NORMAL
2026-09-23T10:37:18.123071,40.113086690085055,46.33228784960295,39.23067946003153,37.14173544642919,45.029539760568234,46.109063588207825,25.17886841548612,24.608925720873838,0.3140373448086527,0.3503761705816536,30.736824268958475,NORMAL
2026-09-23T10:37:18.133071,47.849315436513805,38.14282833326097,37.832176470202434,36.06271628907163,37.35963875816687,42.4399791423424,25.84374581112563,25.43110304878697,0.33413776748238605,0.32133437290379513,31.04991251764319,NORMAL
2026-09-23T10:37:18.143071,39.53347059774053,41.65093425433152,36.972734907908794,40.05402155243817,47.40442241720882,44.815829186238076,24.94948724224354,24.21961357194251,0.3767282162574513,0.31906864302095256,30.088508741900892,NORMAL
2026-09-23T10:37:18.153071,40.28241055008844,39.64168523884353,33.81842914626754,41.09695314908621,46.63682754110274,40.35431885572174,25.69341183917026,24.32075946905801,0.43339717494782015,0.4678659786464428,29.898580334120055,NORMAL
2026-09-23T10:37:18.163071,42.663366315762424,41.660318792375925,42.12788758574915,39.52123759611495,43.83842789653821,43.887136329959866,24.350194393309106,24.898196197190586,0.348082089789227,0.33204776486356957,27.076423818844457,NORMAL
2026-09-23T10:37:18.173071,37.540706426444004,42.33899414185429,33.17042377561616,42.38706455991919,44.269559752546044,46.04555240384966,25.05254571404737,24.72346845723878,0.41254806219945117,0.35402308001721877,31.247175430966006,NORMAL
2026-09-23T10:37:18.183071,42.052932528389604,45.96118642367827,40.42238306948621,40.49034801542457,47.82857798539955,42.16943049036511,25.259901033838016,25.752584556814703,0.3962853936574895,0.3953480093085236,29.854294509036723,NORMAL
2026-09-23T10:37:18.193071,37.41695192693433,48.74384444215947,41.515104247329724,37.532565787069,42.584044545302795,43.963132022276575,25.65105296552478,25.320786718511496,0.4179343241314852,0.39251414539436397,29.19563082313614,NORMAL
2026-09-23T10:37:18.203071,40.85300689868419,38.34448031543016,39.65217715832535,38.41139379516249,43.52533866827451,38.65177287107127,24.53603695722385,24.93846046453891,0.4526534140523211,0.36802217521568004,29.477905966490226,NORMAL
2026-09-23T10:37:18.213071,41.48153860387025,40.8432559441552,40.87365090181013,43.42525514544836,46.61384689093266,43.632536201242544,25.666234688801318,25.144142076248315,0.39059913139315033,0.3269259862358229,27.378955721739477,NORMAL
2026-09-23T10:37:18.223071,39.86044522526959,37.24828524749696,35.781426319819694,36.925191474506505,43.88476098295402,47.25017497454634,25.75421712227314,24.57300991143116,0.46946180044231106,0.3297462943112525,29.892032745601718,NORMAL
2026-09-23T10:37:18.233071,40.52615691389724,39.042902762592796,35.00212122302459,39.93540484582773,38.72066841246607,44.43052805885991,25.658299434893067,24.59897203566805,0.3561636109797845,0.41690978022670394,30.91589848399729,NORMAL
2026-09-23T10:37:18.243071,47.74909724863059,38.5667486685965,39.44127383257577,40.42491347483389,48.84362412227369,42.61752854850731,24.903977093013832,24.700251501154273,0.3733778815028604,0.4243068349748541,27.47297550110695,NORMAL
2026-09-23T10:37:18.253071,45.88681495187423,42.63811430591238,40.881045779868366,38.513155372112294,41.10476620131785,42.406166160365004,25.411158665646884,25.565291769678378,0.45115775271394676,0.3698833124199539,29.886457103139307,NORMAL
2026-09-23T10:37:18.263071,40.29928924367065,42.32847703814585,36.10333779631326,36.415498680836045,42.375210498006055,42.99215042331755,24.115929348810003,24.258955941743938,0.38482811893953095,0.4718172100121229,30.005907911959184,NORMAL
2026-09-23T10:37:18.273071,39.80596286224667,36.15384552396546,35.38422383570213,41.83219601520521,47.28493120345455,40.03052089185168,25.565973035207026,24.380256629828665,0.33781005803534125,0.4513464331410587,29.45651946476286,NORMAL
2026-09-23T10:37:18.283071,44.884650229098774,45.35627282696255,38.89124521350807,41.644457756301,49.597718336409514,45.23106393983396,25.740185190357,25.237268243899038,0.36839122633112487,0.4250366770959374,31.110043831874375,NORMAL
2026-09-23T10:37:18.293071,39.08819618618997,41.734264395955826,40.97443652561669,42.611810274432244,42.52914393137442,41.761447400021204,25.026096833136144,26.230389603598184,0.3667403713727364,0.3250541341493985,31.008272053803047,NORMAL
2026-09-23T10:37:18.303071,37.65231768033464,42.02818025410408,36.44858378331323,41.92626492851692,42.6251152042851,46.18631157280196,24.621853403320603,25.406218296400283,0.4307409328674636,0.39488459877127113,31.515431091461068,NORMAL
2026-09-23T10:37:18.313071,43.66572468160354,40.02892735846687,38.28891610182331,35.00786503068126,45.70976301284136,42.22362537302214,25.46705891303212,24.83192928805826,0.4301112300713385,0.39398650403884455,30.667666105520386,NORMAL
2026-09-23T10:37:18.323071,41.293976877529396,40.06145621819381,35.84468908377329,36.03507781014232,41.13348340313408,47.76744639779588,25.5944059235472,25.22007390764795,0.39121931707203234,0.3882425033731591,29.069227737715934,NORMAL
2026-09-23T10:37:18.333071,46.266346634267,41.69385080835219,31.789744468967406,38.257647368839926,47.64620882766079,41.80455366836842,25.437376774336265,25.043098414665067,0.32473255262710904,0.40579598509685294,30.322943720649437,NORMAL
2026-09-23T10:37:18.343071,40.09447874326428,42.45031093200651,41.30217588234047,41.734287115133085,47.08033782914491,39.07661748271345,24.94932175180005,25.21928575860333,0.3890547245847929,0.3428619110369771,30.135492535536063,NORMAL
2026-09-23T10:37:18.353071,45.48576403395052,42.057749793537305,37.07253953284027,35.83100155132002,43.900265721535426,43.82558988850779,25.18141974586923,24.70833976422977,0.38430196369623115,0.44148020067460353,29.14784706136054,NORMAL
2026-09-23T10:37:18.363071,42.765825634747635,40.329303527810595,39.05134922331684,38.684931694847606,41.16047634278183,47.176063319116096,24.39487338595436,24.044152955173505,0.41461281005258926,0.36355851802153916,29.886794483543724,NORMAL
2026-09-23T10:37:18.373071,36.75822212372783,43.61916460523303,44.07772393469821,40.79859413081817,43.425910469403256,48.78063423461365,24.76584881313896,24.321309940860477,0.4948611392580281,0.47758128047499493,30.07055940741418,NORMAL
2026-09-23T10:37:18.383071,41.22536022900708,38.98792940187457,40.19390517711878,34.458511230738914,39.151450165828436,45.89223728473604,25.46428120075063,24.826442839164958,0.4029855080549746,0.3970851766244405,29.471903014794464,NORMAL
2026-09-23T10:37:18.393071,39.63396744344307,41.32894655266462,41.307854292726425,42.51258209199271,38.17251690207407,42.00996964058489,24.827365405395227,25.242975685396313,0.42924890184154246,0.4339640966635227,30.660650459764664,NORMAL
2026-09-23T10:37:18.403071,36.910059123636884,40.0637722174534,38.37825715247518,37.05882101063823,48.6106853184807,37.68556467682807,24.964143274845142,24.48641569257566,0.4167660062301529,0.39088619107042666,30.577611806140357,NORMAL
2026-09-23T10:37:18.413071,39.27855074191107,41.12470974761076,35.85821540275021,42.505679778951,42.18137117603883,39.72540231613606,24.644699489809877,25.563486906564815,0.4870291685874786,0.38027975655370366,29.351644527136166,NORMAL
2026-09-23T10:37:18.423071,46.320339356401874,39.58150325512267,36.975572316371014,43.3409584177835,49.4706938791852,49.64777410513015,24.3016097566045,25.202028670407298,0.3511546990950255,0.3866287451040624,30.470254020012916,NORMAL
2026-09-23T10:37:18.433071,45.68100672885397,36.000763880225314,42.33445580304484,40.1967552249364,42.492129459596974,44.555931299351855,24.781530626940054,24.70963433444353,0.42561250596067324,0.39315922101738837,31.486694044016822,NORMAL
2026-09-23T10:37:18.443071,37.67090431237686,43.50322119484053,34.03470248571037,39.64171903355337,43.16416398925452,45.7328024204805,25.015945806422735,25.330254091625186,0.4071187186680536,0.35729541775288476,29.05535979148494,NORMAL
2026-09-23T10:37:18.453071,42.57058380979353,42.25630909217304,36.39740409123089,43.608638398186514,41.08715484401711,42.54255414313575,23.603889795584873,24.157278602025574,0.3412667343390772,0.40346205037116895,31.798301098331084,NORMAL
2026-09-23T10:37:18.463071,34.608012303365854,41.57154476609354,40.68765793208417,37.24642225832271,41.541766973287245,47.09135814970099,24.775866990332776,25.03329782488302,0.4045652148320141,0.3598385271824449,30.89628709919893,NORMAL
2026-09-23T10:37:18.473071,41.87159828867379,39.18676300970777,36.836799512128266,40.25700616926599,47.5421250756169,42.05943106682831,25.105050962002878,24.71040828560563,0.3113427391776846,0.375227601783401,29.94715477657022,NORMAL
2026-09-23T10:37:18.483071,40.05648168718319,42.850514525125604,38.643479575928104,41.981690964685825,48.507321535198706,45.55594214205962,25.01897416236691,25.406486391696536,0.42673923612324427,0.4216682250352559,30.0221151725013,NORMAL
2026-09-23T10:37:18.493071,42.07721504712291,43.339266506082716,40.12688583337884,42.35846521095426,43.353296039468,43.152314408231675,25.28733011149221,25.486260981761987,0.3788020769347777,0.3975003382980411,28.308224172430272,NORMAL
2026-09-23T10:37:18.503071,43.43905410465012,43.77405295312273,36.317149094728975,37.21568687071194,48.487941378642894,40.247176812930974,25.53251576279166,24.514520221668963,0.4049484401330805,0.4776580725044074,28.18697245933417,NORMAL
2026-09-23T10:37:18.513071,40.098812131912005,44.70625777566564,33.688782946316266,38.70350977746221,42.407143528145184,40.11188650083949,25.51307806217226,24.625507493523536,0.39360533880769555,0.35049154285011064,29.39703050486034,NORMAL
2026-09-23T10:37:18.523071,41.42010507557645,39.58543676402351,38.4706965617292,38.113085135333975,44.21154573317364,42.236460571860164,24.692869110277652,25.187009444989993,0.3214785246218274,0.465194730962092,29.343815563472837,NORMAL
2026-09-23T10:37:18.533071,49.35252758431141,39.434929374521914,39.98484748286476,38.00568838223942,45.83961432720947,46.476743512731865,24.36942025007773,24.718260008525082,0.3941592703012803,0.29688562029073795,31.56113109923994,NORMAL
2026-09-23T10:37:18.543071,40.65025417826436,42.34095879233994,34.51638272191917,35.92457703791497,41.811904731656696,43.3269041289321,25.63009365785265,25.025656670037485,0.43007337913030136,0.35556232323923953,28.72148552111661,NORMAL
2026-09-23T10:37:18.553071,42.13555782598157,44.93627865819481,39.328291371202305,37.96326231961353,41.58280988091307,42.11352533512364,24.49597202547219,25.285918973149975,0.34974608695005427,0.3355427583922396,30.519878605712258,NORMAL
2026-09-23T10:37:18.563071,40.5809542439097,41.88817416382897,36.06853769685483,42.038342933134324,42.606513413411385,42.84088604601746,25.381761769317773,25.321732206255756,0.3198649625926384,0.33848449954286997,28.966306524967003,NORMAL
2026-09-23T10:37:18.573071,43.38144047831309,43.9578935023468,40.249515718947876,34.576081715185126,42.21168023408936,43.72374249630203,25.087116531097326,25.16921251578475,0.4353582234096984,0.41283965259587674,30.914045163475404,NORMAL
2026-09-23T10:37:18.583071,40.03581991621274,37.53001724360406,37.504680600240796,41.20696652184771,46.26228969019406,45.11304749669611,24.72817930162641,24.439051719602418,0.3693547595911605,0.43211318515005437,29.62006152991739,NORMAL
2026-09-23T10:37:18.593071,45.246738753860775,45.42414568734262,38.01966959425582,37.86132281841344,44.80980963405708,40.09255692781911,25.25147067163924,24.035339448783517,0.37054680557086483,0.3908417944130955,30.583680385380717,NORMAL
2026-09-23T10:37:18.603071,40.42411525166243,37.137636072350396,36.859234252212865,43.829430350007385,41.69396024295763,39.46193752673245,24.930680463198815,24.579254430472346,0.38054842397696154,0.420116574293616,31.591267245873325,NORMAL
2026-09-23T10:37:18.613071,41.19157628156625,38.220458208002306,36.4090338453168,38.85631826134234,42.047794794802336,40.71637933225546,25.88481303474785,25.356000483739802,0.4006609557794735,0.22665326113328269,30.0781986102284,NORMAL
2026-09-23T10:37:18.623071,39.99837649392023,40.55261020414441,40.08735670396729,42.18200457814171,41.97963003955222,45.33107651686166,24.097110687680594,24.784680178864086,0.3892237741931894,0.4867994892204655,30.769539871798678,NORMAL
2026-09-23T10:37:18.633071,43.07084358256313,42.75996237915303,37.26169249529206,33.7032082700791,44.43430412838437,42.52326282039578,25.388234158948585,25.528855916882073,0.41476699054902455,0.32047461554310536,29.209172802522552,NORMAL
2026-09-23T10:37:18.643071,40.55883399865591,43.518963722751145,38.31936781938441,35.39373110241552,44.60289961088638,42.814234861267366,24.67417014752712,24.748057512974587,0.3785967565815872,0.4517991959123766,30.031986845385223,NORMAL
2026-09-23T10:37:18.653071,39.974131312956274,41.38518076387688,37.08089832455041,38.388087321354256,45.64527367866589,42.658359447303496,25.272887767929124,25.0856744004207,0.4197188119005472,0.4277916832022654,31.123254641101497,NORMAL
2026-09-23T10:37:18.663071,45.088741386924134,39.9783341911407,35.35700019682383,35.40768930481314,44.919506596330365,46.86449090389653,25.22506529109739,24.994595861569024,0.378388231490977,0.43855528730039717,30.66034465553925,NORMAL
2026-09-23T10:37:18.673071,43.30091556194503,42.37668490377079,40.89817166396366,41.754538004092105,39.462131436525226,44.585871108661905,24.399792606068175,24.031271486590008,0.4072527928696313,0.2841625628680437,30.44867924365672,NORMAL
2026-09-23T10:37:18.683071,45.96813853095412,40.895079941147806,37.31887767824227,36.60966277593756,42.60852698594274,41.06079861348348,25.52880712625476,24.705649518678936,0.3533998342308146,0.4653186760500892,28.72401030528059,NORMAL
2026-09-23T10:37:18.693071,42.233869478522855,39.61633368343019,38.18337689432203,36.97312371103066,45.98158408634395,44.448448775852796,25.1877432364618,24.265666946239467,0.38057897789138195,0.3804937652836018,29.931003850183615,NORMAL
2026-09-23T10:37:18.703071,42.339420812316206,36.66823021321844,31.902839765575784,40.20661282753999,45.99628845964489,46.962820761848775,25.692851363950574,24.34802563636691,0.3578147248554099,0.31230999343206445,31.946303294148326,NORMAL
2026-09-23T10:37:18.713071,40.98026583731195,35.35138649249955,41.76682948645704,40.65872599346577,40.9536372875686,38.507924961538556,25.16347546375945,25.72319287563124,0.37844938085729585,0.3851149029772089,29.600103298824163,NORMAL
2026-09-23T10:37:18.723071,38.69637961332443,42.34863234648134,38.12113524481331,40.23255254421016,43.70710496899271,42.4981314005185,25.518370225134056,24.718676412702887,0.43443745634160597,0.3713455545978235,30.63628719609236,NORMAL
2026-09-23T10:37:18.733071,43.83942395592302,40.04845548353078,43.87129793411662,40.00730953324903,47.97373005121893,39.632037772521045,26.499403406473082,25.243720498641856,0.44743132115254786,0.3777479028798603,29.61586663431257,NORMAL
2026-09-23T10:37:18.743071,43.36097473837089,41.42178724397806,40.9004963305298,42.14023768389377,45.500438218656605,47.42643205557494,25.30026502462156,25.517626591073345,0.38808565752473534,0.4068817475095573,29.83774745561932,NORMAL
2026-09-23T10:37:18.753071,42.213020511590784,42.54554716168455,37.28986582134016,42.5527247647921,46.2334666253453,41.40118362402201,24.930630330967524,25.996464213074834,0.43564828422727414,0.33294502411226723,29.55557061991224,NORMAL
2026-09-23T10:37:18.763071,40.34558549120901,40.393271280330886,36.01361095138005,39.00245284447094,45.5483141437655,38.11551071879219,24.27188691496357,24.51451486040868,0.4327532886781581,0.46132341900337576,29.26639124294387,NORMAL
2026-09-23T10:37:18.773071,37.699635080110276,45.66290618219945,37.672234035209414,39.85504769235527,39.77744974913414,44.586108025024195,25.482232540197543,24.9940595874781,0.37257124449705037,0.41393874175035944,30.028020825661933,NORMAL
2026-09-23T10:37:18.783071,45.42764981454616,45.4818242226267,40.950986747710274,38.981567268246394,47.20160781824802,45.932707828831454,25.40726433560776,25.10725884894751,0.3113203146438357,0.38600223214607604,29.97498564961262,NORMAL
2026-09-23T10:37:18.793071,48.51362064899844,42.1008017752267,38.83870275184711,35.93648206089766,46.44351382824624,44.78417988979461,25.018319609919025,24.783645844327186,0.43168739508874127,0.4512557641815158,28.840397863746475,NORMAL
2026-09-23T10:37:18.803071,41.004166805020674,42.70572955258279,34.55832075951935,37.659929048134025,44.54762365799922,47.69790011468437,25.151821310486024,25.770287843370028,0.3874031980030201,0.3678870419987105,30.15012120556868,NORMAL
2026-09-23T10:37:18.813071,45.17867339243679,41.86852679433414,38.06115328086925,41.78275376359422,44.159432412271165,44.21232415958119,25.96521448522059,25.298920758541144,0.36046427444567075,0.44711081819368326,29.864941002944224,NORMAL
2026-09-23T10:37:18.823071,44.50241180394408,41.586396729337636,36.52841491098512,38.84056122225502,43.3556081293748,41.25687886339898,24.87399621860283,24.39931375095643,0.38787821129981925,0.36762694602052315,30.83109972289225,NORMAL
2026-09-23T10:37:18.833071,39.926253766965736,41.98404096029778,39.24490305490552,39.234917613694414,45.997147334662415,43.068625329863174,24.517302980295423,24.108078946464023,0.4155720277486531,0.4483030557527664,30.988538067278935,NORMAL
2026-09-23T10:37:18.843071,35.95464558979077,38.866357721664514,38.71075140121034,36.6898630413674,45.14878080071646,43.53996390465621,24.818306422270286,24.47543498123693,0.3689117960670178,0.43764665983780027,28.644435441974846,NORMAL
2026-09-23T10:37:18.853071,41.24327655377193,41.11983668900262,40.51884377224498,38.67894670677337,41.690430384722305,44.166502047166645,24.677425683804913,25.58387431741228,0.4028501851536602,0.31101615093902324,31.26592482446011,NORMAL
2026-09-23T10:37:18.863071,43.249226426200856,40.22598058960402,36.884905904520494,38.992750907582824,44.59758371200954,40.76400709613954,24.450873857132944,23.853700156622054,0.3675714643023708,0.47210319600771344,30.655973778154852,NORMAL
2026-09-23T10:37:18.873071,42.271266681021814,35.079609430042545,36.653362586408726,37.546433358722226,46.27142935039492,43.04320441450379,25.184424882252095,24.997085439021628,0.4031577858142122,0.3856432646434227,29.09303146878787,NORMAL
2026-09-23T10:37:18.883071,39.73294446352512,41.89629718473144,36.035748081699204,41.23997164273154,39.12012336391852,45.7153573768639,24.78446943054506,23.811367438948047,0.30646626196504745,0.3535518760156693,28.893008652347962,NORMAL
2026-09-23T10:37:18.893071,43.27044500434274,44.80113995211117,36.18404141681775,34.79227743641604,41.17483389155392,45.579762847567444,24.86391196538615,25.496033121254452,0.3831098852679506,0.41546531116041896,30.172824941109734,NORMAL
2026-09-23T10:37:18.903071,44.410685901944525,44.26832061522185,38.868033569130844,38.81512869902901,46.17546148694032,44.21334495566616,25.39197587926424,25.333857137639114,0.47458412251519694,0.47283590726590485,29.69394298539474,NORMAL
2026-09-23T10:37:18.913071,38.72055960733286,38.76763767656366,45.01814932878191,34.66703686941481,43.51372198990183,43.17139365831789,24.736411319941304,23.932068072677236,0.4269790136467983,0.44571253353595564,31.46538546447203,NORMAL
2026-09-23T10:37:18.923071,41.66916224372139,44.3209026478172,38.46164257244015,34.393737829103216,43.45747222224983,41.21900438007905,24.922691295241144,25.142447948327384,0.4089178120093638,0.44028417377841117,31.24107291509734,NORMAL
2026-09-23T10:37:18.933071,47.32954753298215,41.927719200086194,37.2236722428308,38.19616700165846,50.39067379364243,40.03625650818977,25.840482392898593,24.689714609180072,0.40704565692484485,0.47560359949031883,30.007572647540414,NORMAL
2026-09-23T10:37:18.943071,38.09404687604754,35.85044078134967,35.06491713924623,39.51179716066467,40.78480584060468,43.8843234156706,25.194021626046798,26.266863394191862,0.3807592201598937,0.39258811809012983,28.767015450819553,NORMAL
2026-09-23T10:37:18.954142,36.55005277812494,35.48385959765897,40.67727130969551,37.69474045739827,46.3372880047749,37.628398355677305,26.127561885649857,24.788635311404875,0.43350525631041514,0.37372747666736506,31.087775715610988,NORMAL
2026-09-23T10:37:18.964142,45.85706755489398,35.10724929919259,39.551623805775286,37.14593835101113,46.82951397152993,46.50111797103115,24.712326355400556,24.446732770836984,0.421763335878106,0.39296055270012753,30.058142814850367,NORMAL
2026-09-23T10:37:18.974142,44.56371264284295,45.84753565183835,37.953810444396474,39.772846037180756,40.64719814168466,43.545993460065304,25.79962559881268,25.53390816863736,0.4267547450424385,0.3590563996922157,31.157810060501156,NORMAL
2026-09-23T10:37:18.984142,44.05795420767575,44.63800929808434,39.96438207554015,40.26577909064129,44.88587731175291,46.48028335143238,24.526189256778224,24.253770206295886,0.3523595570294822,0.35752738380348187,29.38363791117437,NORMAL
2026-09-23T10:37:18.994142,43.40961509472475,40.02656132855609,37.62846473419115,36.533450626305026,48.18799350433984,41.44060669710342,25.4265972156102,24.396505323398515,0.41412055900801487,0.4045905369414414,29.033880191628015,NORMAL
2026-09-23T10:37:19.004142,45.75398479913858,40.71182568468719,42.41344373521092,39.654417749623086,40.9507291901231,42.45000837890352,25.118773925931567,25.57895763504245,0.35770628274024613,0.41809332796191856,30.733165028868854,NORMAL
2026-09-23T10:37:19.014142,45.61058654741605,38.1541142788437,35.89760320932701,38.19517316576266,42.97571716539305,43.994012267685704,25.598532714020436,24.72297825771547,0.4463696210178415,0.3432213337309091,29.599916141854653,NORMAL
2026-09-23T10:37:19.024142,40.52710342801635,37.02463686103212,33.995580103400435,42.47971637752406,41.91279012709581,42.15167226612937,25.671259378551323,24.718400458686986,0.42522832122870274,0.3935994225090775,31.369708926735797,NORMAL
2026-09-23T10:37:19.034142,45.25306470049227,41.52825511167737,37.650477291216255,39.845419508103795,47.838360988563366,43.280624874743104,25.221880106227008,25.16596024683547,0.4465459821634392,0.3944838877463287,30.11791082888118,NORMAL
2026-09-23T10:37:19.044142,36.40519294108824,37.87503298706989,39.73102825530415,41.08824014298432,46.50770571385177,38.265303218976634,24.604955066768543,25.108229214482147,0.46088835431761993,0.34221750105507276,29.759135406759242,NORMAL
2026-09-23T10:37:19.054142,37.33939729759078,36.938751730809074,39.256185654786485,40.470044713743796,34.910725946155935,44.175894074572426,25.009872475340483,24.457364592686762,0.3532510277966002,0.375901954472172,29.741235331631533,NORMAL
2026-09-23T10:37:19.064142,41.240696998834615,40.35713470448074,39.65232295393557,40.59504200297775,40.50256077790284,43.20246220390122,24.197543149811498,24.47428195047744,0.46541194281366927,0.32560053987239834,28.92333361438738,NORMAL
2026-09-23T10:37:19.074142,48.0959081683693,40.945571298477816,37.73737247337127,37.83420109240889,45.092324292815746,47.65852577856522,25.360307304512034,24.71848987936361,0.41485670204990316,0.39821912040812724,29.96385959107983,NORMAL
2026-09-23T10:37:19.084142,45.8229453898082,43.236492459614276,39.25627826623954,39.25380655631598,43.44647751726799,46.30383781756641,25.938783156279825,24.92468602641414,0.4417323680979593,0.4158532077157488,30.40687708673973,NORMAL
2026-09-23T10:37:19.094142,44.14823351158274,42.50701163410859,39.60624890955518,39.3228173501055,43.825081950032754,43.69664650487557,24.53747271675441,24.79214208230203,0.47740672318923993,0.43245084014017626,27.808353030250046,NORMAL
2026-09-23T10:37:19.104142,42.65322379755232,40.919630842375845,33.69911904904894,40.352437666382826,45.659582452625436,38.12703130524354,24.801018160568695,24.570844004107162,0.3540184253123133,0.47784130341526015,29.562788714051383,NORMAL
2026-09-23T10:37:19.114142,44.22848740619472,38.51347863222591,36.92908262323477,38.643440476027386,46.09237124036988,44.14378440542625,23.37295953699647,24.82583880576044,0.42220554439522406,0.3069326307873207,28.38995729805014,NORMAL
2026-09-23T10:37:19.124142,37.31648316106778,35.90688958771621,33.67007481298205,35.68194159478388,42.818352386508984,37.73454867621374,24.78403508270342,25.008751981505533,0.5359965355196905,0.34492878900522833,30.845215934737805,NORMAL
2026-09-23T10:37:19.134142,35.55637287801833,43.53499261497654,36.4120652750821,40.46949312762704,45.018706353045495,42.18410607693622,24.79093705129225,25.328130268938484,0.37144831267626155,0.46765704820908116,31.059135583108958,NORMAL
2026-09-23T10:37:19.144142,44.65037537524728,40.21856371874052,34.28513069683296,42.55736952891793,45.646499882100244,40.18688559709827,25.065956179193037,24.839758039852867,0.35368117008162986,0.38417953717257197,29.125165778391892,NORMAL
2026-09-23T10:37:19.154142,43.09714607623057,41.51951182595191,37.63368436598315,38.1850712842247,45.84718190860763,39.762680772398646,25.12106801049948,24.100454425407317,0.4115575499331429,0.44187648681811326,28.668518254559714,NORMAL
2026-09-23T10:37:19.164142,44.50724077790975,43.53848565431482,40.13578636715895,38.84991428588432,46.8900813468723,46.248175903379966,25.198025863084936,25.63968410310194,0.4204083075034539,0.37540796826408857,29.311028480172816,NORMAL
2026-09-23T10:37:19.174142,44.42369702568317,43.78021902733836,36.626098979756144,38.24059566514772,43.21631848623565,45.807919628705775,24.29201543587404,25.70758724403898,0.41817753886542786,0.3199017635104869,28.99878452085276,NORMAL
2026-09-23T10:37:19.184142,40.881112325554966,40.039220846158976,38.01256025627764,39.475017939057935,41.731328115737895,48.28266593135645,25.079628260787043,24.80451620847419,0.4487087991365273,0.34476281313815726,31.26605661596687,NORMAL
2026-09-23T10:37:19.194142,38.608063665129,46.35102190734443,34.062899757854154,37.11064436728657,43.054811433152565,45.45363029366463,25.159404481696306,25.857044218972078,0.4041201060041326,0.38861539361965824,31.342446427340025,NORMAL
2026-09-23T10:37:19.204142,46.335161940004845,37.33322031557154,41.27326740688044,42.108620077679134,40.310942906614734,44.16695250895742,24.746933423274502,24.322526797138686,0.4379492853355442,0.4473641218639576,30.335622699837717,NORMAL
2026-09-23T10:37:19.214142,39.93154468419484,44.548155148757026,38.109786661237294,39.82333470213681,42.47032949345805,38.76849032050944,25.17180822315076,25.27172218479644,0.4189670949035112,0.43717183197020426,31.74168962127951,NORMAL
2026-09-23T10:37:19.224142,40.77258806917508,35.425745135616594,40.25103565092263,38.022568189504376,40.808343463433886,38.853564440563005,25.493938980700367,24.623455050513094,0.3675223599847076,0.4248109984123508,30.37824101900543,NORMAL
2026-09-23T10:37:19.234142,41.65048436239593,39.66860141529234,33.33763504758296,43.810626691195296,36.48844302566455,42.841372875111546,24.409967189379746,24.87429181643237,0.3865754346764725,0.4113574255813379,30.183615612199304,NORMAL
2026-09-23T10:37:19.244142,33.65696976953011,44.38842578821514,38.26716787556633,36.50234384415353,43.69252628329307,40.74691475714433,23.499681343339457,25.707458842214344,0.4733280508243677,0.43133413980428886,31.190628559052634,NORMAL
2026-09-23T10:37:19.254142,45.03576145656497,39.83691004807142,38.09182362156413,38.59628211786615,45.04494094651674,39.91090986024485,25.51209500686557,24.981381347880124,0.3975344171745628,0.42983641777294873,30.151119357204397,NORMAL
2026-09-23T10:37:19.264142,40.895479460349335,40.17468478276305,32.430073025585045,41.89528239095878,45.21326881887456,43.6726147377565,25.836906624280005,24.643529615827653,0.4047944243914284,0.3622864923756686,31.099157207957195,NORMAL
2026-09-23T10:37:19.274142,38.221013164542896,44.29511047404475,41.03344555689769,39.94561042653315,48.20445624226616,42.29890817874582,24.73429005379927,25.288366091635286,0.3571143314578694,0.39620258389284424,30.911936339923844,NORMAL
2026-09-23T10:37:19.284142,44.68154686797013,41.02628687560204,35.04183700898187,40.71404283141177,42.035390246475274,43.11172779839481,23.77617171425146,25.717794047471557,0.42190909930212817,0.36145623971636365,30.367269013463652,NORMAL
2026-09-23T10:37:19.294142,39.06705822411838,44.22622299842609,37.25929864440819,40.19118578170003,46.02664651070808,48.836576102025056,25.919542110672673,25.774472227312522,0.4447438938223135,0.46510028331339354,28.37875427375795,NORMAL
2026-09-23T10:37:19.304142,43.66695710459639,37.320279228892026,35.30421448248837,42.74630006262001,43.3501125415245,38.997453495054806,24.367299043635757,25.462529967153138,0.4273017180914022,0.41253167021195736,28.318820912899703,NORMAL
2026-09-23T10:37:19.314142,42.11157596278527,43.498111188260566,35.406211642331854,35.80314470323806,43.25246116637571,43.05040273858658,25.428595699193384,24.529631994900928,0.3778349700795157,0.42094393742579833,31.018185002676127,NORMAL
2026-09-23T10:37:19.324142,43.50298422359687,40.02416421072693,34.44425355367578,43.4936640687729,46.16556063473088,40.67475693558576,24.692546245167087,25.00280760978841,0.4145913144109249,0.3661962278777008,31.24920404859219,NORMAL
2026-09-23T10:37:04.334142,95.72407396805912,84.27009374232242,77.34394029427426,73.12664350569153,86.17978133492865,76.71611082838531,25.429311256216668,25.55221954954828,0.9249987911738035,0.9924119953930144,31.113116528356777,WATCH
2026-09-23T10:37:04.344142,84.16187002357394,92.00380472530217,65.12155229530644,80.70720958795268,75.23270736279045,73.37557677500642,24.926904262829854,24.549144161491775,0.9687366784895693,0.7505344237220956,33.11261336487041,WATCH
2026-09-23T10:37:04.354142,89.04523372307996,75.84679078223365,78.51557680255887,82.73310275322633,105.29361490874439,76.03335352679693,24.96137034432146,25.526665755258005,0.9315213077991947,0.7389460114479754,30.075462435996464,WATCH
2026-09-23T10:37:04.364142,83.34281644099009,91.95055793985999,79.83008775682289,80.22060716536868,100.23256808977875,84.65908112501495,24.97132332500874,24.672650892539064,0.745413713561657,0.8463871437827699,29.586058660544552,WATCH
2026-09-23T10:37:04.374142,85.61371379886566,92.74978028022767,80.65736796853719,84.16934568369956,76.2330394962307,85.82703927334119,25.57333208577044,24.42039054117428,0.9430422614989423,0.6778146457131968,29.813940919312145,WATCH
2026-09-23T10:37:04.384142,89.79077252022367,77.37616333344458,75.63056728317314,86.1192183268593,79.99640404412725,109.44854142069923,25.59007731412859,24.74076795563604,1.0208458564130864,0.8767088079172567,31.84669762376256,WATCH
2026-09-23T10:37:04.394142,83.67396005442495,90.63877774434975,80.42049364437375,83.17772823187919,91.37478185400059,86.78623717726217,24.9107420003511,24.330705571586858,0.8985832032353002,0.7020105454910905,30.986937298106756,WATCH
2026-09-23T10:37:04.404142,91.31560087821026,94.46648856807441,68.54249781371922,72.42573708376482,79.38086839966995,89.05568871525048,25.31268308003959,24.787613630570675,0.8806556496507935,1.087228505108105,30.559602726139634,WATCH
2026-09-23T10:37:04.414142,79.92970776796162,74.06229974156922,65.96388619412738,86.10304602130171,97.7042924921805,82.41653462726084,25.60000904902967,24.937211317982605,0.8683118422093238,0.7970680662022668,28.996844734713044,WATCH
2026-09-23T10:37:04.424142,76.44092244419329,84.00789915676849,79.09297145985586,78.49023686877902,86.73192428264115,88.10017154062419,26.04005745247583,25.76298894065117,0.9156614644049483,0.7195574421806573,31.700797922498495,WATCH
2026-09-23T10:37:04.434142,98.1983695129386,93.57920768739679,66.1227286283244,77.50787478911445,83.15753772286965,76.99516969468498,25.18387628465935,24.457812485652674,0.8886630541304148,0.809839719838904,31.724071308275843,WATCH
2026-09-23T10:37:04.444142,88.35784994421297,72.04900367635906,84.96571797131756,74.2311739885376,105.33333894193167,86.94071828576286,25.63180525437857,25.6526180937184,0.8371277281309403,0.7733600271822241,30.67318489387508,WATCH
2026-09-23T10:37:04.454142,82.5130728920341,81.83828364600379,68.72419125804313,78.79919215204302,88.10643481677252,70.24448991265919,24.792510504332284,24.744272037358268,0.8269300836778615,0.9868477666270465,29.3968722527315,WATCH
2026-09-23T10:37:04.464142,77.00700717616297,82.53142961438994,74.19391139361151,81.82951623639458,101.06514197119874,101.10865890496592,25.100659102590164,24.73838053369703,0.935907493352531,0.6740783105355883,32.339946152751416,WATCH
2026-09-23T10:37:04.474142,103.51549801379817,75.13070671080251,69.61760263066046,74.04313682358702,89.41837861525696,86.71746406533319,24.800013884227155,24.50373620263587,1.0463686133013324,0.7744016177637328,30.612204859479977,WATCH
2026-09-23T10:37:04.484142,86.65306737065664,93.51093430537907,76.82720547918936,83.10099842368336,84.60843658966623,88.97845633208385,25.112538974154813,25.85146356673671,0.6343386058960794,0.8128420395220117,31.804124371630508,WATCH
2026-09-23T10:37:04.494142,88.54764884810601,72.65811035779998,83.79476415741335,83.70611049856711,97.45702006861937,80.98476140681886,25.079060009865593,24.44263587854906,0.8827663513401488,0.7975149387934892,31.243431450173112,WATCH
2026-09-23T10:37:04.504142,71.62129575391995,72.87758507344992,79.76243907713638,76.94259211669862,92.23887298561851,75.88209747288815,24.861583573672608,24.787610265971775,0.8591813084990321,0.6627921007652022,29.90875669221083,WATCH
2026-09-23T10:37:04.514142,75.18453712293663,80.25803018668242,68.07599954206144,74.97557252811197,85.35033644231355,82.9839018343455,24.255648782189795,24.862178306537682,0.7895207910422782,0.6650114687020695,31.223915544772286,WATCH
2026-09-23T10:37:04.524142,85.87962514747093,84.75990365437633,68.99700780900147,69.2047432501466,99.69128691962977,70.54351434918934,24.550232614332714,25.66475276619761,0.9196668280212185,0.9677850341834968,32.70986915397778,WATCH
2026-09-23T10:37:04.534142,96.0975897906186,94.22708538129402,76.57949113879208,71.42946506013779,94.59846577872263,76.82984846898395,24.16618802495695,24.55977801905639,0.9066569222509451,0.8158655686502064,32.25717974211097,WATCH
2026-09-23T10:37:04.544142,83.58652468184734,101.1718267181689,76.61628793749497,83.36311665496956,83.387301708191,87.995269428021,25.149208609413158,24.56136009336727,0.9219465909356297,0.7011823637392651,33.30918812388557,WATCH
2026-09-23T10:37:04.554142,76.4300187141218,84.16767415344736,73.15532443817413,67.95791265484871,92.3449403905735,91.11778142979102,24.29869143340384,24.476034514353056,1.0228237440051562,0.8852564165170862,31.643100087361532,WATCH
2026-09-23T10:37:04.564142,76.27381984404518,79.92452958456389,85.41362751869593,64.10715816974815,77.61026115462937,81.40768623915217,25.122617992853833,25.75762901096024,1.0853181890578725,0.7327721437954351,32.148796647406314,WATCH
2026-09-23T10:37:04.574142,71.1286716898668,86.57663471219672,87.39637620510219,67.51716160988246,86.83331981888968,98.91914581961308,24.97264420519089,25.264518967421132,0.9410080433314887,0.7173561477742194,30.68749411555318,WATCH
2026-09-23T10:37:04.584142,93.8861916983835,85.56975478977873,70.71902037047664,78.67077033753772,83.91195579831944,88.48246926247846,24.77145598870422,25.267762868124386,0.8207336436723863,0.8762708787399892,29.622996096759707,WATCH
2026-09-23T10:37:04.594142,97.94149443920587,83.47501273146898,82.51444170195045,80.74015310066802,103.26284758774587,78.26430962088885,23.96439688362348,25.65713390106296,0.8333379982932511,0.8174027499482657,32.273515489925956,WATCH
2026-09-23T10:37:04.604142,96.705429790013,77.08544724760989,76.82023774344161,82.6647241493465,96.7556744370397,79.97515083811602,25.704765021396838,25.01176793609769,0.8902094673037463,0.9027446615126962,31.642653068337733,WATCH
2026-09-23T10:37:04.614142,98.87826869730375,77.03500078544879,80.38527200627115,87.7561056361651,86.78159334609393,80.19432927648701,25.341873632145273,25.39397307708636,0.7208503522312233,0.9491824886195956,32.58177491804174,WATCH
2026-09-23T10:37:04.624142,78.47163216121889,75.59289336003994,81.7386934224929,84.07278519570757,90.69340816155315,74.56113119657604,24.70408619593892,25.207763479745836,0.8861489741185247,0.5578517801978564,29.778415437436333,WATCH
2026-09-23T10:37:04.634142,73.14696281568827,72.14171333392086,78.5378886038437,75.7881707909921,89.37387900039113,82.8940154933442,25.08044783173289,25.188924458084912,1.020395174294005,0.687100653193534,31.260651784613565,WATCH
2026-09-23T10:37:04.644142,99.5941321430469,82.7214316179221,73.77220348607631,73.76727802737418,85.74178924692796,89.00258783597734,25.039266440254842,24.607069041586513,0.9368665531255753,1.0497731641851449,31.231448200349142,WATCH
2026-09-23T10:37:04.654142,84.49847548601385,94.41528720648559,78.9713496878842,77.7750567260446,73.97363610322662,85.63152989032142,24.587945511245135,24.83151827849896,0.8512619357856948,0.9758295244846217,31.819947232851547,WATCH
2026-09-23T10:37:04.664142,93.01587310314243,71.48350987938109,77.8559227527069,65.43777975939058,80.90118401906273,82.38305712623462,25.139262776867675,24.944227945232072,1.1501967533263282,0.81036066160625,29.972305127293986,WATCH
2026-09-23T10:37:04.674142,82.8038963770391,61.87324166956473,78.24813643051483,69.88872809576462,93.72641154415926,93.03385872912155,25.307909502284843,24.140914045773577,1.087001095268784,0.9068854979433179,30.940922755205,WATCH
2026-09-23T10:37:04.684142,81.97258165832903,81.88026567888197,78.13138207435782,72.63524018103625,96.24171286784333,81.65244164448121,24.772977246957673,25.229082061435808,1.0026319777142607,0.7229907096541245,33.544703179959136,WATCH
2026-09-23T10:37:04.694142,87.71224700293106,69.37189953148142,68.11258150116876,81.24674993897126,92.37413119207817,81.95959821269554,25.197886754666445,24.79284054880711,0.7997940803487547,0.7809240547479154,30.81903735846909,WATCH
2026-09-23T10:37:04.704142,94.94421418789024,90.22065575042483,77.79482232038688,81.05276140777306,97.45811966917566,112.81846507868315,24.89165255270197,25.895345714601582,0.7537385120198484,0.6741536927657618,30.973271190049736,WATCH
2026-09-23T10:37:04.714142,91.85426338056415,80.58831881872318,78.18854429327838,93.62481748255203,91.3398214289658,75.21458228624489,25.299419017661243,24.586846889146823,0.9201870703969575,0.8237565894739789,30.453100409103463,WATCH
2026-09-23T10:37:04.724142,92.50609682751482,75.95067259617738,77.93073284327383,84.28926357624738,90.34147560736436,80.5593471341097,24.681184127699243,24.669231389555726,0.9757801580719186,0.8173459624010164,31.6112173969049,WATCH
2026-09-23T10:37:04.734142,89.85603193222053,72.41775442461558,69.90310636483123,76.40014878948172,88.37413940377431,82.20978883249907,24.22496704916113,25.03223386896419,0.8820090722342605,0.6529845324691632,29.302679399501447,WATCH
2026-09-23T10:37:04.744142,75.123065996947,84.70326644943547,77.71240703261842,87.83352418237362,96.1777486097339,89.33042679729951,24.919703337814784,25.097822223345606,0.8983092775493664,0.7604011786008643,31.736284736943144,WATCH
2026-09-23T10:37:04.754142,96.32589713977133,77.71456410133342,86.28176041730605,81.62764440374411,88.86323343007983,87.52877369553241,24.901149110351795,24.528831237147482,0.9187350027312311,0.9835131158332351,32.41026715414818,WATCH
2026-09-23T10:37:04.764142,79.87752023608475,86.32888924432251,78.18130901876881,80.90835698574557,88.01357553807644,91.66786101770026,25.402996544815075,24.653513876272285,1.0636595133269169,0.6143901077193291,30.184436934075556,WATCH
2026-09-23T10:37:04.774142,89.36611076397094,83.71348434676044,64.86798349030353,84.33284430971243,90.83285003812891,84.41873446834069,25.26639153261774,25.223194632433447,0.8878767890060816,0.7375690557827581,32.883978820178676,WATCH
2026-09-23T10:37:04.784142,70.57831424890026,75.13153651837582,67.19525906495102,77.4000965704576,99.31752855148542,84.49229623447236,24.91410949757919,24.74655121666456,1.1446202567612869,0.6300158801550994,31.082167555782075,WATCH
2026-09-23T10:37:04.794142,80.61784941820126,67.20002697019564,67.37410335206101,80.00248307628672,99.38772192973306,80.70677490502675,24.596677711415804,24.74444471753936,0.9712860329891498,0.8126955628932454,31.002308522913417,WATCH
2026-09-23T10:37:04.804142,82.0492619222566,89.97455882033411,76.42679988186535,87.41695092706453,85.0479813457888,99.5272600853375,24.837810976178904,25.763021429580782,0.9117254751817225,0.7931784511386727,30.963066530550616,WATCH
2026-09-23T10:37:04.814142,74.09318778531066,97.37262994425164,81.34218027921938,72.87403913697214,75.61803506080774,85.49541094746355,25.011819002610554,24.817931354533386,0.7646236146850043,0.7627264227622842,33.10464500848732,WATCH
2026-09-23T10:37:04.824142,74.29362214327931,89.23749271766036,75.62097057180429,66.94701817726838,76.81059998242874,93.30821731627904,24.882246787135344,25.023380009961137,0.8254168043781853,0.7091935450511082,31.92186420826957,WATCH
2026-09-23T10:37:04.834142,89.58639762362345,88.02985794471915,78.21079802033445,79.05157117446805,98.1168428690514,83.6553167709609,24.365032149368535,24.66324468054942,0.8152983841577754,0.8633601859407615,32.599131677865905,WATCH
2026-09-23T10:37:04.844142,77.32609249021706,91.38515293877646,79.17934852757944,76.36437972779142,79.07841785605403,97.86591207030511,25.210863805831746,25.029991459941986,1.0140325989151748,0.7838485328667141,32.501381043083654,WATCH
2026-09-23T10:37:04.854142,80.8351358257128,62.41204026888323,71.23234249055261,70.25135941372756,85.441442361921,96.23793061329322,25.471829758976874,24.888854125682037,0.9011657691488403,0.8073688565303757,30.028831243896565,WATCH
2026-09-23T10:37:04.864142,85.45076096715984,84.70371389826653,72.65920781273108,75.68702300697416,92.94794524985144,75.91717216358205,24.304086933056748,25.310018040248735,0.9305583302225157,0.7442243091973524,31.527188982932405,WATCH
2026-09-23T10:37:04.874142,89.10110034828686,78.97462014742405,82.84054581239886,83.3591306266069,89.14878162136957,88.59938705172085,25.468945936253235,26.117612121537363,0.88325456120607,0.7456210499796555,31.209505315851796,WATCH
2026-09-23T10:37:04.884142,78.34688804084101,83.87970693668362,73.90720892607932,77.85701217693179,85.96790075302368,102.45670951961247,25.26294085740054,24.337539873712064,0.9709471199163323,0.7934322253354688,31.083398559167385,WATCH
2026-09-23T10:37:04.894142,85.89618087755306,72.05641036907555,83.16147031907748,73.67460754278228,88.20229875386565,90.58067386723583,25.176260571109836,24.876704991521883,0.8449705401778027,0.8440403360109808,32.50338090396097,WATCH
2026-09-23T10:37:04.904142,98.83026402331625,79.62407407259936,86.33610200117744,93.3150877312152,83.23392116657071,73.09388013350282,25.22591596188781,25.637382422569097,0.896813522113324,0.9088396038665687,30.87652710914589,WATCH
2026-09-23T10:37:04.914142,94.90885836363171,69.58541078621707,84.00043270417281,82.9183700872626,81.01416859075401,81.34194374905927,25.076397078237516,25.13391310562871,0.9709587181372085,0.7785363642524996,30.015245459987398,WATCH
2026-09-23T10:37:04.924142,70.44619578266219,86.87386105843349,62.08770518141343,82.24163194844432,93.97079996235281,82.80862218482494,24.973960451509207,24.458000937957532,0.926425530190544,0.9329929262694447,31.207763881205253,WATCH
2026-09-23T10:37:04.934142,93.67998776381836,82.05984944450698,81.41148961337883,81.47415185487196,94.63789314095686,96.77159857854143,24.70001021278882,24.901002293638197,0.671683167428092,0.9049094077885571,32.447592778541726,WATCH
2026-09-23T10:37:04.944142,93.3004403977663,81.2507045348668,71.764583785275,68.76282936437937,102.04711887696777,88.16146905616655,24.407473033293098,25.675872028755222,0.8140498083731202,0.7497593995188955,29.810501527681637,WATCH
2026-09-23T10:37:04.954142,72.40390280847222,87.57010975893478,71.17609406637868,77.90503140683798,81.01115711913195,93.30977413435969,25.580767346771754,25.32669948836427,0.8358816019175748,0.9535731533072198,30.58667194861789,WATCH
2026-09-23T10:37:04.964142,76.60725228830172,80.98526244560064,73.01553172571757,76.01832845478964,87.16831305710863,109.75676443401723,25.48598988344039,24.80390634002778,0.9620835304292298,0.6226136607498354,30.603751992720753,WATCH
2026-09-23T10:37:04.974142,80.56661164323471,78.61108085951479,69.5082729479147,76.00337967686772,96.9220016138633,82.63537127250217,24.067512056019492,24.472887535946104,0.9266147685725489,0.7241448908487879,31.837933459522162,WATCH
2026-09-23T10:37:04.984142,83.34356413839257,85.39318752593891,77.03575127346498,73.76901643731102,87.57619894191916,86.11951648444075,24.702310034705146,25.596872313448305,0.9421104384669717,0.7069786488952611,30.179471070215484,WATCH
2026-09-23T10:37:04.994142,74.21291244923064,71.1759706491868,77.38059039323036,88.22430030696547,91.41089434418427,91.0521674060215,24.900907132555364,25.56937520372005,0.8876123571506936,0.86780146383463,32.12584946151752,WATCH
2026-09-23T10:37:05.004142,94.7963519623523,78.19041260817397,75.47417632535236,62.72911469643283,97.38708912505093,79.07894427088837,25.52354153618477,25.02371809459724,0.9135168363696604,0.8983858019664838,32.002996138458414,WATCH
2026-09-23T10:37:05.014142,87.16258799402237,82.17766318513748,76.59099959748059,80.17956217853859,99.3921374918283,81.2480312177288,25.051297190812416,25.260173167448254,0.8757868269304759,0.685117877659033,31.307884613333908,WATCH
2026-09-23T10:37:05.024142,81.63156596045879,86.2495066149916,72.3193622941041,77.59147916530594,85.72011173180364,86.71067388774975,24.739178794921013,25.37618751873723,0.9501266105182509,0.8731462167409175,31.222689040612984,WATCH
2026-09-23T10:37:05.034142,88.95659392050207,93.44852456322323,78.91606092566306,72.26608705708135,89.54851988353776,80.41507832926428,25.26060157190956,24.512830263923906,0.7666584302059234,0.970000504418552,32.022585870639055,WATCH
2026-09-23T10:37:05.044142,90.6315523951524,84.07377381165576,77.98210362290638,82.11728437241452,88.68229336717769,79.23617656113409,24.700048036609854,25.565803819391792,0.7982730562926381,0.7945504829594562,29.875026095194833,WATCH
2026-09-23T10:37:05.054142,77.10664455872333,89.58978173067659,78.63890746011293,74.83450727251068,87.94274288708503,76.15717955185104,25.641736547060315,25.59757916624919,0.8835154826010077,0.9914420641083894,30.905307266651906,WATCH
2026-09-23T10:37:05.064142,70.1756705525153,89.22726702783146,78.8257659926801,82.74986228528032,96.82129409947544,87.7123594811927,24.680607474597533,25.42470276877987,0.9782864048568872,0.7043868525562103,30.993468419683097,WATCH
2026-09-23T10:37:05.074142,77.81834642870463,79.30276569003676,83.28641480071884,66.71355673809532,95.42569352668356,81.11629641972314,25.0207839186447,23.94765661314698,0.7847241528779529,0.9040161972400584,31.379142927159254,WATCH
2026-09-23T10:37:05.084142,83.56948701479396,74.02003203639273,75.46613639488403,74.15940602352237,93.19372239783165,82.87715679107848,25.825769181798073,24.978267586305265,1.0460306658537517,0.7009493265522675,31.385165160040142,WATCH
2026-09-23T10:37:05.094142,97.05874038506374,80.45326387363889,72.41848498822034,75.23415673280404,89.31415357285387,94.20371222574023,25.720737632109138,25.038693258449,0.8213183022018932,0.8767973392227371,31.41791667724109,WATCH
2026-09-23T10:37:05.104142,88.53687021542751,92.96313554013769,86.8381514714633,82.3342603933908,92.50564259988498,89.37286326631465,25.2784185361049,24.769576533801402,0.9288676012103193,0.8435655245024534,30.192572768244247,WATCH
2026-09-23T10:37:05.114142,78.03718126056957,71.81712360817264,75.58367142487486,81.9880028779024,81.29053664584414,71.930784334837,24.183902070130674,24.059742653751606,0.7860657344603454,0.7754324330518989,33.44175141334077,WATCH
2026-09-23T10:37:05.124142,83.31790024167861,72.3002231392336,68.25770153593244,81.58172057540692,86.08337229837898,86.42927362626342,25.43085390145674,25.090320545675315,0.8620217932283002,0.677859296320623,30.103356712360455,WATCH
2026-09-23T10:37:05.134142,84.54023895172028,87.33977607797846,73.25711128303693,82.39281930506966,101.83967257015694,101.49626525577425,26.210099923536198,24.91870463801386,0.9634326380245976,0.7895886257745784,30.771173346662003,WATCH
2026-09-23T10:37:05.144142,87.0598417970295,76.40172070658903,75.01350460438967,77.68257990381431,93.36660131810538,91.80030414301125,24.16567202359081,25.011586143947916,0.9404191620852977,0.8982928080044101,29.324866020116936,WATCH
2026-09-23T10:37:05.154142,76.9742045445891,80.5210940867813,68.17239932560219,85.94034258055774,81.86582925865373,92.54911796742228,24.8449738338489,23.897613557548507,0.8271656511438068,0.7691772629729614,30.465399456931507,WATCH
2026-09-23T10:37:05.164142,92.68482829214439,67.48321738240155,68.28983602345646,79.626330011249,81.95665083534549,88.38273881840732,23.93388094843914,24.202740616643975,0.7174612858310225,0.7526073910143118,31.569281436658155,WATCH
2026-09-23T10:37:05.174142,78.77924151938029,88.5647644677315,80.36480422432557,72.53400382283318,97.76183006588475,81.49551755513716,23.720072490033356,24.977562443370672,0.9630208238753127,0.82660752080273,30.92304576097775,WATCH
2026-09-23T10:37:05.184142,88.18837225020569,77.74775477186621,81.6059150462817,63.07840210982617,84.13338410918143,69.64520307241955,24.497755403139404,26.0290365223135,0.8137600834454426,0.7851596939013894,31.40149096800746,WATCH
2026-09-23T10:37:05.194142,77.63269768758299,93.34093394546963,70.90602934333526,74.493767520282,97.73892421393741,82.14064558275984,24.230478157875854,25.580993963208694,0.9815180538937862,0.97822004052683,31.072237926900222,WATCH
2026-09-23T10:37:05.204142,93.77132507747892,86.30638613116345,75.54410911839459,70.48742574572755,97.38310160336725,92.26730799679528,24.968674524590085,24.12859219754372,1.0540278983098,0.7220186744886984,34.39681083128566,WATCH
2026-09-23T10:37:05.214142,96.11420716841056,78.66906643686139,71.4281286800823,75.35322800358635,103.20157887397461,74.55053810701267,25.17189262669332,24.61334336585096,0.864999395522332,0.8785220457325743,30.93312414716098,WATCH
2026-09-23T10:37:05.224142,82.34140414740861,76.84661701742522,73.99560882501646,78.63799199909789,82.3201456866866,97.72765959269677,24.816951623027613,25.61404452672709,0.9140051394102586,0.7801132664966328,30.53028947704966,WATCH
2026-09-23T10:37:05.234142,98.82370511945847,76.54154000839715,79.39315774147043,76.12771973919187,93.58202612780083,91.258214368632,24.79019943364389,24.933311069608642,0.9740143648929249,0.766599147490641,31.526570224898258,WATCH
2026-09-23T10:37:05.244142,91.31900918769782,88.35686158157509,74.91940831533913,83.9276069845534,82.83068722251797,97.86778971237244,24.50164269414855,24.940907794871492,1.0924485993431468,0.711798208616921,29.778164118451635,WATCH
2026-09-23T10:37:05.254142,93.94735638584798,84.82098666335051,73.39033855456039,74.72933076685082,79.20841994094646,74.19757886375264,25.605840402929566,25.09718552947529,0.9589368830545247,0.6046406644841141,31.303560556558075,WATCH
2026-09-23T10:37:05.264142,79.8690122861892,73.73771273050625,78.61769286959952,71.73985712462256,84.2231464588257,83.68544188924989,25.288766204807278,24.76179052397401,0.9097006392773923,0.9221271209834068,30.235964530050364,WATCH
2026-09-23T10:37:05.274142,97.99990860778797,85.9226468045896,72.04481387771848,65.75761578589412,95.23314998840242,68.8948145446469,26.057413681810033,25.440969961678213,0.8026101741686261,0.9070467183874839,30.83346588003411,WATCH
2026-09-23T10:37:05.284142,82.9498344887271,86.53562923380281,76.63668824204804,80.71676496745467,84.06580231556508,90.77217298760688,25.309814179958725,24.68707896571126,1.033458032886594,0.8475951981839377,30.829872123442563,WATCH
2026-09-23T10:37:05.294142,91.67856391330585,83.12109706292134,86.52623517124887,75.83112427708724,100.79163985628544,98.53982051980937,25.05031163359452,24.388437028523644,0.8703449040390658,0.7693804096614917,33.18478576486102,WATCH
2026-09-23T10:37:05.304142,84.2807830606288,83.691634609963,80.40982623310845,73.32328238926569,82.82478087088235,93.83251616593397,25.712350853072067,25.35809839134416,1.0427951114726521,0.7482441676266351,30.61931613969621,WATCH
2026-09-23T10:37:05.314142,82.65909254922498,66.42668885006793,77.36632950190752,71.71948790208282,83.98453760539435,65.55353566156545,24.366296416295807,25.8467932065774,0.8626265274758587,0.7416984790936958,31.05866193730464,WATCH
2026-09-23T10:37:05.324142,89.84480345477105,73.24200852268424,66.74423693377788,67.84396105491172,92.36972661348163,89.57341125119054,25.565167774653357,24.979211341454434,0.8966508161544837,0.7258286809520595,31.85648041602386,WATCH
2026-09-23T10:37:05.334142,79.1029416973836,66.09454582760156,81.99190353543314,67.35513768621726,88.87937549924922,91.66776766245658,24.466886333685363,25.26399388522512,1.0108678209776014,0.7802862371566591,31.265755509504803,WATCH
2026-09-23T10:37:05.344142,86.38012546633207,84.41569699714309,75.68049150478814,81.66525436022437,98.10159524009623,86.95784946968713,24.753456566990263,24.706549908487663,0.8979095777264919,0.8593313829839886,30.220443441192888,WATCH
2026-09-23T10:37:05.354142,92.57136559384293,87.40485130072058,77.7877903158727,80.66548725698232,75.89136507576167,70.42883841276645,25.35185515381125,24.95663716199425,1.04639447872244,0.7650928790061625,30.57113143134145,WATCH
2026-09-23T10:37:05.364142,81.24747440251151,95.38990309613412,83.39824139402457,71.24596611141251,74.71659004727468,74.49665956951516,25.31250700822132,24.924519052889245,1.0975531080290413,0.8209237539055282,29.87829547659904,WATCH
2026-09-23T10:37:05.374142,78.97121362929936,93.95971645482533,79.26596682673562,81.52305920626449,93.49124114251495,84.94764621053345,24.895449037175702,24.73174931533755,1.1145393409204545,0.7336802828309891,29.58269841291822,WATCH
2026-09-23T10:37:05.384142,84.40399755025145,82.18300920511332,70.1845065160074,84.45119687575374,87.86741744499314,101.7795660718333,24.940375077083022,24.272671391074294,0.8358830058826038,0.7225947281486383,29.691072273611944,WATCH
2026-09-23T10:37:05.394142,88.20480785319128,78.13754856831531,82.89058623726523,76.1546464189059,77.37327820776711,96.35943530400503,23.836920400623594,23.935888011165996,0.9353890512866823,0.9417572016145278,31.60318720273836,WATCH
2026-09-23T10:37:05.404142,81.50416754419528,93.28670936475802,68.54501277870963,65.57686279348994,89.90352006933843,96.55754848454522,25.29379479267763,24.609783152530664,0.8843116720446376,0.752905083439712,29.936104305313176,WATCH
2026-09-23T10:37:05.414142,89.6520535333753,85.58707986080115,69.9329481515097,78.55171164165408,100.16443112735266,70.67312754564489,25.101036740617317,24.27937751501212,0.8925967424684214,0.8147677419292109,30.622490776504247,WATCH
2026-09-23T10:37:05.424142,80.24169753962059,75.90937167461135,80.67662623966217,89.47779784762932,92.94085942067409,83.02918449654175,24.69062539248155,25.267133199827718,0.800116652695402,0.77602868916761,31.27061304986195,WATCH
2026-09-23T10:37:05.434142,83.27042812881307,67.95606901598785,81.88551356738665,79.71122030875581,74.97720194051105,80.00365182955572,25.67697584765968,24.71601009832221,0.8284638501112973,0.8778400185877169,30.928457226018075,WATCH
2026-09-23T10:37:05.444142,81.96027656494152,65.62208165905976,69.66700957986195,73.94697909804474,95.07860160219168,104.51367176440968,25.12338337657383,25.670867812505243,0.9867231728193266,0.7423601712116291,30.621765430172005,WATCH
2026-09-23T10:37:05.454142,80.65318050661784,91.08284376739948,73.19611554808101,81.48845431544903,87.74268389105166,86.03718188759422,25.249127561339527,25.290165986253577,0.8461804739906168,0.8234518476898203,32.39019141771212,WATCH
2026-09-23T10:37:05.464142,86.04487406038805,79.92353406248924,73.4309971872762,77.59980147480165,84.55976616606681,79.27832698637138,26.112176014407666,24.248165933886007,0.8274182592908982,0.5809444772028887,32.03085643431045,WATCH
2026-09-23T10:37:05.474142,76.89790295582272,87.61599235498923,71.70194456877628,72.29300152359158,79.09803421686206,82.05480330207979,25.06435512970815,25.293265132953216,0.7851894954413557,0.8068253870941358,32.189826605486324,WATCH
2026-09-23T10:37:05.484142,90.22534361006672,82.54621782661255,72.30838114981897,71.94063245391555,78.20776391353857,105.91188755371698,25.22379884925049,24.56704032687128,0.6573171684814577,0.6891507260548231,30.75393931241909,WATCH
2026-09-23T10:37:05.494142,77.8344809119065,79.93302759997859,84.85120074188038,64.17976660214129,99.32473620631811,81.5741155624904,25.62652147959637,24.545462098725107,0.8821362233141972,0.8461600558638286,32.43761485261436,WATCH
2026-09-23T10:37:05.504142,92.4717481229957,79.54371131673108,79.97933399718676,88.01653301527345,84.58141170607574,88.52872014429171,24.30602063206931,25.10738698489422,0.9469281032627234,0.8487212612127684,31.14381080905716,WATCH
2026-09-23T10:37:05.514142,98.94003011642322,88.47994866934697,77.24363019081972,70.01684147862383,69.78261041604485,103.51327490691429,24.490917363799362,24.78710323554599,1.0007759128620122,0.7459596633205355,30.98814818882262,WATCH
2026-09-23T10:37:05.524142,84.62118704955772,72.97441610858397,80.28590311896711,73.22783992682699,92.19528255668037,81.66429998340088,24.53928024454536,24.470532192107846,0.9760111954661571,0.6110203243301272,29.74865329833812,WATCH
2026-09-23T10:37:05.534142,87.58873114824195,79.71233008796975,78.79258564559024,71.67961735755031,80.94995795398958,96.02333053400866,25.96557491497751,25.20803977387643,0.9999905764483327,0.8210520899780615,30.06562789992113,WATCH
2026-09-23T10:37:05.544142,94.89043574768445,79.82266061419757,76.36020921573775,76.70024921946201,66.31512063464677,75.83682471801697,24.724905636029792,25.52497159269357,0.8750622964215564,0.9094439725960323,31.904356839138305,WATCH
2026-09-23T10:37:05.554142,82.44547727347745,78.48056764421821,74.34450829314454,73.31454984195584,91.37209766265707,97.85347617051494,24.337053841346997,24.558150603804364,0.9399016026630584,0.8837632245191264,31.312833745896103,WATCH
2026-09-23T10:37:05.564142,89.0276485399027,77.3440441719638,78.46056160216206,71.63524411884158,110.52683518733097,92.67408577498001,24.45039393882137,25.601892192062245,0.8299927727053843,0.6790941315950312,30.52488929068646,WATCH
2026-09-23T10:37:05.574142,80.91039951349663,88.87571828375455,82.39750216225917,74.6180086572043,81.82341620178968,88.69016426235838,24.811477660553777,25.340850299266325,1.0842999230429995,0.668081290246147,30.97484967614224,WATCH
2026-09-23T10:37:05.584142,78.1463371068285,81.85527095961184,78.72247852650439,85.6730635287139,81.34564285539967,71.46250622636822,25.70001696000053,24.29146061303912,0.8112040649491552,0.8074088120050456,32.56228525822174,WATCH
2026-09-23T10:37:05.594142,89.0253005163925,76.99012489271055,71.22106768955034,79.52326394825522,100.00506397792972,74.85603527404946,24.94712582898272,25.608517253640557,0.8343900083965542,0.6691636483548753,30.479209236274976,WATCH
2026-09-23T10:37:05.604142,83.30919546664806,88.81683756812852,77.84501574179477,69.63052200421583,93.24843575346937,67.48031254160823,25.168237284776747,25.741526740077934,0.8891033639338378,0.6321331914985047,30.644893471833303,WATCH
2026-09-23T10:37:05.614142,69.34576951975605,79.78361615661774,75.34871644533803,83.25939365942902,88.80536803125472,86.61352787707067,25.512030438447596,24.598774240675475,1.0055904062540557,0.9111600452257356,31.855563979540822,WATCH
2026-09-23T10:37:05.624142,91.04522773157305,88.85487850463359,77.67542422109781,84.82354807633558,82.27691221386131,89.97485576611139,25.660160043867155,25.10308477069561,0.8060163390158006,0.6692241684319968,31.227244479750485,WATCH
2026-09-23T10:37:05.634142,87.62548633072775,78.79133009088396,76.07249143977498,80.07192888814825,86.5015527472504,94.38716983884702,24.614720636581954,26.083234293799837,0.9818912258673826,0.9103366659001718,29.299585765907917,WATCH
2026-09-23T10:37:05.644142,78.95295048579499,90.24665171011853,84.88433934353137,75.66237530152054,91.40990849742622,95.77465078905703,25.537223162136293,24.04008119273256,0.9474061609791491,0.880728852876267,30.07637560180233,WATCH
2026-09-23T10:37:05.654142,80.69887924391277,79.08068942164927,67.44437501610402,73.13061897635923,98.99995818362099,68.56601293154428,24.50142886598692,24.819167293726224,0.9782037170530327,0.5876680532319409,29.142843780952738,WATCH
2026-09-23T10:37:05.664142,72.78994100662473,81.47324792560272,82.6030077824827,76.37747594594394,93.91564838662649,82.30176067280149,25.43816997884789,25.30599104723753,0.9360069977243182,0.7070482220845014,30.748599580463594,WATCH
2026-09-23T10:37:05.674142,90.0345490440989,77.56246023520067,81.3316658248891,90.02262633804501,94.54248797325158,95.96972050848296,25.649872400168498,25.744004619335975,0.9375274909105231,0.9040372176042402,31.416828134543906,WATCH
2026-09-23T10:37:05.684142,92.46169530490016,81.13417585772278,74.8696663114292,78.86528085487048,96.70188179108159,77.67708745955277,24.71638279141176,24.685836105173944,0.7316531141456389,0.6524145668045309,32.126408899334365,WATCH
2026-09-23T10:37:05.694142,86.00687968371234,80.20063155381715,81.39329254764738,57.77187087108676,80.66564636318975,75.75357987672429,25.518052018809794,24.609436918130896,0.8680530173619381,0.9642195343053277,31.55749602690943,WATCH
2026-09-23T10:37:05.704142,83.8328429519011,83.16887601008472,73.14326658909857,73.77941571103932,80.11046645882921,88.24076270870103,24.883054252285177,24.86550641785783,1.2164500586222626,0.738289788377401,32.81737117417031,WATCH
2026-09-23T10:37:05.714142,90.3766351866181,84.06823986872101,79.62043472306145,65.22108005300218,92.5181919522516,84.44511778874146,25.272582847848565,24.37082216921529,0.8811396765919767,0.8977644503063759,31.69945658595872,WATCH
2026-09-23T10:37:05.724142,97.12268562007893,80.3070625745123,64.37244298602924,78.25698331740368,82.67914706986895,103.11046501898717,26.189845220323523,24.739743909641675,0.848851099771148,0.8352082011742438,31.40595585509698,WATCH
2026-09-23T10:37:05.734142,64.89734189283791,96.36124711232877,79.08474278878451,92.01790271172061,88.71558526405947,91.58590541632257,24.98714898653361,25.561969857244858,1.0398352370502237,0.8633717384543637,30.492874882311177,WATCH
2026-09-23T10:37:05.744142,77.58423467242288,64.10525116437898,80.41128683972545,91.74752224962256,89.05848823562205,91.72933465209458,25.444063074271774,24.35753858716854,0.793754753217468,0.7147900936208277,32.96269697505284,WATCH
2026-09-23T10:37:05.754142,91.05201297246184,84.25067440361619,74.3703165795456,79.73117879432792,92.60282935928622,84.22966975981487,25.079321133950153,25.65537142604432,0.9225848159789262,0.6173709934092748,31.116125467765727,WATCH
2026-09-23T10:37:05.764142,86.70574298933268,79.66294539174906,91.51773650211472,78.5697950984327,85.61396626538564,77.4205765082167,24.861663522558256,25.846358216693908,0.8409118428281347,0.8652337565075999,29.337121915545378,WATCH
2026-09-23T10:37:05.774142,86.26213396939185,81.27768612806109,71.99518200816989,79.18485201977667,95.39592026128332,98.22481046009086,24.726642117356047,25.99495114625941,1.0712544749387127,0.8659315423132076,30.61309831237489,WATCH
2026-09-23T10:37:05.784142,67.45254327277152,81.06906136367331,90.48051855726855,66.2213976574764,91.22550586598123,100.34643013192697,25.665245066855938,24.519738540519562,0.7805797752269855,0.7664336545370755,31.70054057854701,WATCH
2026-09-23T10:37:05.794142,96.0639221039746,90.67943506389423,64.76081879454637,69.7562931782147,90.28894318103153,84.84564388414887,24.60263594281604,25.481803413741837,0.6809639143549617,0.7483986008112771,31.852906094864068,WATCH
2026-09-23T10:37:05.804142,94.91713855529508,76.97658438314029,71.38234109690991,79.76967203286138,85.90533231166785,92.04624316313598,25.56021703242186,25.215427066011713,0.7745808342069963,0.7625881586998591,30.08720007280827,WATCH
2026-09-23T10:37:05.814142,85.33719885483633,75.50031941510122,75.75296086250403,86.32319521386512,86.7207364463493,66.64200359439126,24.300531506308264,25.064045571697076,0.736635831887092,0.8515303902652275,31.56973374013577,WATCH
2026-09-23T10:37:05.824142,87.36977502320832,84.3219332133386,78.16327918059127,86.23783110250217,90.87343997543732,88.28928148306986,24.968970074077376,24.534082338760385,0.6312044809205033,0.6284103794495846,30.408914637726767,WATCH
2026-09-23T10:37:05.834142,84.88327857590932,79.44041755235526,92.53656570288257,68.4060204910681,102.05705128634665,93.04422119349283,25.375192301235437,24.56323452421069,0.8379276688415955,0.6322781626420177,32.230987254636645,WATCH
2026-09-23T10:37:05.844142,80.55591693382148,75.60425497700393,83.45141725656327,74.09996699430917,83.84455867234277,79.38097026499032,25.533604423864993,24.901047229866506,0.6875225691680914,0.8358584758785569,31.29434689245007,WATCH
2026-09-23T10:37:05.854142,92.83695163014215,97.50177892046432,86.95057445138823,74.08445640017075,88.01454976571783,96.21647565345079,25.043286761531373,25.094737083430108,0.9355052602744862,0.7554847866315861,31.472126827870486,WATCH
2026-09-23T10:37:05.864142,88.24591029834293,76.76158909859302,66.39639164525892,77.0358158222776,104.40705316450968,71.094651707433,25.847674956337162,25.689556616489483,0.8109783389847338,0.9245426213714653,31.01179868414271,WATCH
2026-09-23T10:37:05.874142,92.34303892634138,102.59971731640967,73.91397837473507,85.27772148817148,89.2785840817313,85.12923679487665,24.39549862359297,24.99163070826333,0.7684517095449617,0.7929058884165517,30.614399624574755,WATCH
2026-09-23T10:37:05.884142,90.56199406527307,86.78242064830822,76.55027952092861,84.16382082705555,79.50455714849667,79.16158480888225,25.41405975123808,24.597786651795282,1.0116600537894724,0.8458199045046759,30.541547361054597,WATCH
2026-09-23T10:37:05.894142,81.10777047640795,73.46971559325004,65.21682030778145,67.36297799137284,78.93155808153527,92.83010187810004,25.307887675232315,26.17469269998493,0.8286947329834514,0.749729933152968,31.067504422684273,WATCH
2026-09-23T10:37:05.904142,90.08830454247372,89.98349581948683,72.2326045584266,79.14807897635798,83.46145489886139,83.0842381894312,25.224005461679774,24.092426465187483,1.0022369239412268,0.7755725564352756,31.339389979020375,WATCH
2026-09-23T10:37:05.914142,86.56660412316683,78.00816609576913,70.82741205882428,70.47858065109797,92.10866337983398,83.98547205199974,24.957049673111783,25.18750824392258,1.1212665412966973,0.6856089303908882,31.081870307281967,WATCH
2026-09-23T10:37:05.924142,79.42270095413146,86.05367902599437,80.98895231223291,78.50912942090257,75.5801123884363,79.00484953873823,25.308404492253615,24.223130197518714,0.9365054456944807,0.8580529927203434,31.844706520550563,WATCH
2026-09-23T10:37:05.934142,90.93660800665641,70.64457234777183,67.07257233315646,63.10170728834473,95.50349064432113,88.06516345087144,24.8023669927763,25.33310588324045,0.7564121062392779,0.7869983220587001,30.57123719710891,WATCH
2026-09-23T10:37:05.944142,83.8562338823657,83.0671235020622,79.19613664246567,71.33162511427255,76.83118894531665,92.17790193794457,25.10029653640691,24.04710279442733,0.8581131437661598,0.7834713814631457,30.43934181819869,WATCH
2026-09-23T10:37:05.954142,86.40374707947802,78.96367449732912,77.83986724304394,75.48442182841052,94.63834727633377,73.71281867888851,24.70916210037991,25.301584629618066,0.7919433868942596,0.6230536056194976,30.700110696165268,WATCH
2026-09-23T10:37:05.964142,75.34727580272218,88.84527163062826,69.60000338551183,56.945629405628765,82.49665128284661,85.69096279542295,25.062152070785892,25.020538954363207,0.851959866492712,0.7409040744735707,32.129537196346405,WATCH
2026-09-23T10:37:05.974142,91.4228560278044,84.47265096062185,74.71712340549315,81.52197876367748,88.1819225399641,85.70026298583217,25.086518019421803,24.69947357277939,1.1000170676985754,0.7028972644732179,29.574027986325667,WATCH
2026-09-23T10:37:05.984142,85.1556912277183,67.00581150981833,77.62046419548464,65.99555415683479,86.1984024472712,97.03903573643827,24.82175676476656,24.7996469419203,1.0980708577845872,0.7988433712408383,29.27263051548184,WATCH
2026-09-23T10:37:05.994142,91.28072744853941,87.8059878105419,80.03504255878042,82.25925120360112,92.65938309133234,95.94912970712994,24.882783682102467,24.47777772765287,0.9242525440816944,0.8311975572707568,31.348929737007587,WATCH
2026-09-23T10:37:06.004142,91.23678126393114,88.02224656494317,78.23968499534703,71.41470982029561,81.63451916973031,87.11158019664393,24.765484057407445,24.87249548672085,0.6657927522511045,0.9124097284227266,30.354480995213347,WATCH
2026-09-23T10:37:06.014142,95.36565570613647,69.76600363911051,87.7757036888243,85.47803016384712,73.89017832545319,90.92879002355225,24.429940459211767,25.380895022676516,0.9798009672903751,0.7882659987451704,30.835849644420385,WATCH
2026-09-23T10:37:06.024142,81.64294751967262,88.57807182972815,85.1819987310839,84.78005844513439,94.48385958701084,101.28442756952218,25.357632813360034,24.90917489276131,0.9096546903545892,0.7770260304851995,30.438497264998894,WATCH
2026-09-23T10:37:06.034142,85.83109303467236,82.0111282894204,86.70209360860306,73.46794708557745,82.91367900851293,84.71986620309877,24.193424045936226,25.61732815255255,1.0413200165939303,0.80341820982704,30.708709233708795,WATCH
2026-09-23T10:37:06.044142,89.4594957702354,82.35347561951124,84.5897645304983,79.04011703229926,100.52756001467782,95.32711741378668,24.749116992622685,25.273630928795864,0.9884778542184701,0.8226521989361134,30.4311805062581,WATCH
2026-09-23T10:37:06.054142,87.42088488760645,68.5550200139445,83.08444736853355,80.93175046156951,79.68180122868328,84.19645419103136,25.370262108617467,24.245820340572703,1.0805485222032853,0.7199257681109151,31.561832849247608,WATCH
2026-09-23T10:37:06.064142,94.14715126704692,94.71319659858852,66.74255761706806,63.20266621911882,87.82980720447527,78.31121517829104,24.083018242164965,25.26246133811627,1.075911214370983,0.6614270488332165,31.910141447004477,WATCH
2026-09-23T10:37:06.074142,73.64910837870718,81.59628974372559,89.37938172507687,65.94393674523579,99.382636679653,79.07879781089542,25.035154015035776,24.689864768283986,0.8275418495068685,0.8211123706570378,28.547016618035467,WATCH
2026-09-23T10:37:06.084142,78.3294295252957,98.694826532921,87.8790551223982,81.81264874814921,98.9794920611418,87.36919832494874,24.676036443787368,25.104569773509738,1.0353956935605215,0.9012911230657454,31.72768346769871,WATCH
2026-09-23T10:37:06.094142,63.75853091049729,80.91776415602497,73.36917089787345,81.6533840879595,86.96024437424337,73.12673444434334,25.524749237204297,25.22045762465341,0.8559117746634922,0.6358164997320714,31.18632427209521,WATCH
2026-09-23T10:37:06.104142,84.42036460381743,90.77661515315485,73.64631433532213,70.35783785463252,95.63750356579322,76.04189271851415,25.329574525800627,24.547212286784774,0.9961502185961023,1.013898632706133,31.08436331185832,WATCH
2026-09-23T10:37:06.114142,81.42459024598321,81.12434509649452,72.87976527076368,73.45865359437703,89.41957886671149,74.94422167894248,24.469308111258123,25.11133140978889,0.8062715441916628,0.8596873269672001,30.51577005964336,WATCH
2026-09-23T10:37:06.124142,84.92288108757826,90.18864160982108,74.63025114021353,84.07121653408792,78.84634174761243,79.48063852502965,24.892599972420136,24.833385260020066,0.8469469525593527,0.6621320497901367,28.2706196843471,WATCH
2026-09-23T10:37:06.134142,86.99617892970836,77.88667719613314,70.80617612227931,82.25349926129473,95.73171007698753,83.66606698727504,24.77111396207874,25.20314313349002,0.9894464261295736,0.7046023243088333,31.733953886730987,WATCH
2026-09-23T10:37:06.144142,88.94740001430421,85.14856396873293,85.2949865271246,65.713626554055,78.6907204135738,89.71377933003674,25.378811927423072,24.403221871997314,0.8105681012964003,0.7906724932282716,30.90280550790991,WATCH
2026-09-23T10:37:06.154142,78.67943534110681,84.3053016124772,85.10820450230537,88.53013678068152,94.25793964712386,86.88962634954063,24.15960221014767,25.13213441141205,0.7863174584639289,0.87015130641561,31.360481690710138,WATCH
2026-09-23T10:37:06.164142,84.9459219265813,71.72603702314574,79.69901956067841,69.0430189661075,89.00456157315084,75.83617486169324,24.779178035173757,24.735549940885925,1.041327879008727,0.7971269068967702,31.930982712894185,WATCH
2026-09-23T10:37:06.174142,77.31567900404045,74.9806689060884,73.70350004984682,79.5474861919048,73.6092595726618,85.18000784576874,25.310833431416246,24.08240774996705,0.9846534204228803,0.8723418530489759,30.731525492775376,WATCH
2026-09-23T10:37:06.184142,93.59446724768874,88.88361939967614,73.77681379307181,70.57066274283767,94.27807098300411,87.36481163145423,24.77817540037916,24.366085763099292,1.017832734096632,0.7232445441851743,30.83498097223125,WATCH
2026-09-23T10:37:06.194142,79.28202990193643,94.98071981336004,81.00318575565187,86.66559891996498,93.65143933039684,70.66732115418097,24.858176268797965,25.271282318395556,1.0505790409036235,0.5479011261701736,31.281963747513377,WATCH
2026-09-23T10:37:06.204142,88.76148949017333,74.22680851536717,77.8065560261727,75.6445571568787,98.51786213359016,100.19380749070135,25.359035854528933,25.266335426039518,1.0116313241537336,0.7979728676360976,32.211558993833066,WATCH
2026-09-23T10:37:06.214142,85.03338450400315,81.73801753735398,82.54961185979076,71.63379088346763,92.36296331620302,97.01026723463478,25.554808487502058,25.146728062698845,0.8376758909729543,0.6919093836769779,31.11002770286606,WATCH
2026-09-23T10:37:06.224142,95.72015528474978,67.05987511268926,78.17783566268429,77.86497844509371,84.21627636529816,72.73039701055501,26.177952512697768,25.023985112447725,0.9566808725108926,0.9707156464312819,30.56317811331956,WATCH
2026-09-23T10:37:06.234142,87.14388455035967,80.73571793537378,78.44283719939787,88.27580324448594,85.48527540267128,72.72499843947027,24.450188577092057,25.382314762040114,0.9918731085533733,0.7014710958747723,30.885582755983997,WATCH
2026-09-23T10:37:06.244142,83.81919814833967,89.37485697044224,74.69494805103632,75.62443010981337,97.85504992467948,86.56452831222352,24.675819405202073,24.422067930085937,0.9472194371580999,0.9710620291402533,28.471662907225802,WATCH
2026-09-23T10:37:06.254142,75.54759809853402,86.30421083609357,67.99755228315544,77.86656174090244,87.71239620300011,84.43837192730251,25.416070807517876,25.3825090316727,0.7767581932287768,0.8734658671817004,31.477971690084424,WATCH
2026-09-23T10:37:06.264142,85.85268345491887,82.00638519718851,68.60421958364586,80.74102882538966,85.36023421552136,88.14404741380501,26.112784329355996,24.569207412166378,1.1490106026557956,0.8911324680734842,31.989310605808882,WATCH
2026-09-23T10:37:06.274142,93.8641382046604,84.47086143943655,67.1606601081139,62.99650030117662,70.82828834799408,79.3721308338988,25.201995672771933,24.560022565615824,0.891179109533178,0.8266437461376651,32.09123271764902,WATCH
2026-09-23T10:37:06.284142,95.79388611936439,95.03958425397346,86.29439404709565,72.26456969915793,82.48789621401797,79.10365535547177,25.060827416321487,24.72041585033008,0.9282832699539142,0.8585639036497418,30.763608254163067,WATCH
2026-09-23T10:37:06.294142,79.43602814059267,77.45633874956941,78.14083664670268,87.70779164382073,83.38263649934967,78.73363690617552,25.57777469083521,25.107958957166794,0.8015217351006896,0.8121891261557279,29.531153441029556,WATCH
2026-09-23T10:37:06.304142,81.8895656182622,77.06047520378817,84.39367708329323,72.98513323529085,83.79278933860854,98.26168749555306,25.53064979990646,25.04084670758388,0.9709710695023882,0.9882507796941706,31.072265704450064,WATCH
2026-09-23T10:37:06.314142,91.46563269719375,80.74340695658715,75.34330256044315,73.1330476748458,95.5525597616094,98.99782114616549,25.1374452762691,24.89944023659636,0.8943536237908988,0.700008088066806,29.682985310317257,WATCH
2026-09-23T10:37:06.324142,68.75822465573172,84.72053290525757,74.88929143379976,76.37701536188118,79.14669467524821,96.12889550384868,24.66804478640187,24.62667286607972,0.8171028838001808,0.8948664408657225,32.435400592317926,WATCH
2026-09-23T10:37:06.334142,75.20921499132815,79.74217222550568,76.14681838876703,84.45520338758217,82.8252524406471,96.82252726709945,24.711363087648706,24.89783487775717,0.8263869299197952,0.7568043241615343,30.614077359804917,WATCH
2026-09-23T10:37:06.344142,78.30097673690383,80.39571497052256,70.10358864456376,61.97833181568488,100.26294442704149,82.40418353661265,25.42322350027624,25.160305942856407,0.9186990491905093,0.7831525331230978,31.280879871068443,WATCH
2026-09-23T10:37:06.354142,86.48282520056254,80.00370993139725,74.88992304910306,80.88207582976041,81.50457031673933,88.19033785478179,24.162951220069953,25.15088435817042,0.8395135366971664,0.7281540175650655,31.67870893963905,WATCH
2026-09-23T10:37:06.364142,91.6604217624216,69.02315219385858,73.91339623512681,77.62000423253824,84.1224812812932,88.18406775528246,24.460914722116783,24.738082318615888,0.966313444481679,0.8446720039554656,29.77795556931646,WATCH
2026-09-23T10:37:06.374142,87.06560297630094,88.28181593448816,79.83934551643686,75.25825825633923,83.36755246958812,94.01936268288733,24.653705470555362,24.924156067584864,0.9496176964022099,0.8495004677877097,32.5252820992308,WATCH
2026-09-23T10:37:06.384142,92.02582735181586,79.76412053784475,71.20190817567736,68.34046796898426,73.89475127655137,94.38041489834247,24.935178840048998,25.55151759696182,0.9264335740527224,0.7394459348918248,30.864853768304798,WATCH
2026-09-23T10:37:06.394142,87.57699480108809,80.44540386591521,78.20433572036431,70.30516813128939,86.89980760830873,86.17271008022439,25.249069554662917,24.52750905889752,0.8855195828073169,0.8329106686003073,31.45263921991385,WATCH
2026-09-23T10:37:06.404142,92.89250176356092,79.55893372262625,81.84852409591092,69.50384290186571,72.50802488215069,84.7881545284206,24.43099842864906,25.20558808663839,0.787517489966407,0.9035852362788808,31.767884063036302,WATCH
2026-09-23T10:37:06.414142,91.57077820654624,87.25605212333404,70.23006786815681,78.78916944440448,94.38833254857067,79.14176079379953,24.949865196537637,24.46166359261731,0.8568574373954168,0.8410784150865086,31.48357257914675,WATCH
2026-09-23T10:37:06.424142,75.06016975766721,88.324517356394,78.4073321218321,79.75251853389611,95.7804276093033,77.07502306093927,24.65739738622116,25.53880469122532,0.8093120465595007,0.5584252041501783,32.13654919441169,WATCH
2026-09-23T10:37:06.434142,79.03628575903474,91.21010129909673,64.97998665311158,72.37493972841284,86.55192339840079,82.37629614177159,24.37753508161737,24.87204793967035,0.7698100420154741,0.8167040431426161,30.283981939203393,WATCH
2026-09-23T10:37:06.444142,83.8590403669176,93.40920630479279,71.38814018986736,83.63730712379616,98.69750726578019,78.04912431559977,24.871402613908188,23.926497388896816,0.8700390071992822,0.8401726909831828,31.732931649621523,WATCH
2026-09-23T10:37:06.454142,81.82344806561647,100.58998893866847,76.97427048778138,72.19816775920506,88.11701472961172,68.79734702129983,24.613348610235487,24.296768043808193,0.8068558432050479,0.7466083041795674,29.102083608937313,WATCH
2026-09-23T10:37:06.464142,78.87342532364273,89.52329763079648,62.85352372402548,72.77955008811935,99.08344076203753,80.37628383089944,25.49329495229314,25.775051770471322,0.8446850748902086,0.8178402559534977,30.72873140181355,WATCH
2026-09-23T10:37:06.474142,90.35491071421438,88.7672051347581,66.19125930544655,72.29793197925517,74.79744335717405,75.18883865512525,25.540364277906242,24.212652985640958,0.9359073807830406,0.7236950287475375,29.61779329297554,WATCH
2026-09-23T10:37:06.484142,82.12768214425819,89.32610451996837,71.77787786984528,79.03725357583606,88.67073316911535,81.02613539493697,25.58122842128773,24.604916109318108,1.147152382253137,0.9628417281890035,30.175949594199594,WATCH
2026-09-23T10:37:06.494142,88.53288053646622,68.2070859947972,78.2322814010174,85.8886340029183,94.83369711856544,79.06670728188443,24.528036792022544,25.384393267790724,1.039545140613156,0.880177417457518,30.5564575935818,WATCH
2026-09-23T10:37:06.504142,80.80848557183482,68.64290578310823,75.79601584122952,80.006173145245,84.79887035978444,91.23005531950878,25.184861904511685,25.57943203603272,0.8898321873154328,0.7221530413185633,30.806520237224596,WATCH
2026-09-23T10:37:06.514142,94.07363676996144,76.74375363231628,77.13980061409858,77.02661697377924,91.2585292429809,74.76478886660631,25.643697675144253,24.283289148967086,0.7265078069251343,0.7145217260073324,31.543186690794517,WATCH
2026-09-23T10:37:06.524142,77.48006170395287,75.18963676897746,72.86435917004773,86.33481650654295,100.73787364018978,95.44443863178473,24.69742220761389,25.15984275435445,1.0735689494911491,0.9590588569524843,32.00144925234362,WATCH
2026-09-23T10:37:06.534142,81.33953067905675,90.7467098192709,76.06324843944755,66.26754295099147,75.02449554953526,88.92782069498274,25.087625633591713,24.261729407520352,0.9505303897289399,0.9407943680772773,32.63879025787101,WATCH
2026-09-23T10:37:06.544142,86.65414262884497,86.28436553027093,79.60376525450744,77.12564008224717,87.41332257015185,95.53415438635511,24.841105872526786,25.87081311142167,0.6690399693253961,0.7491438561318386,32.349103833710586,WATCH
2026-09-23T10:37:06.554142,83.38101142338849,85.73166553961804,75.65914732092394,75.97130220547818,97.17578448702369,89.57112375518416,25.412494792051916,24.207153591474256,0.997870579481956,0.6747795481617997,31.85928400937572,WATCH
2026-09-23T10:37:06.564142,86.89064265721424,86.89916322859189,71.93983123225348,76.95047683005555,82.69137556978129,92.6441719645424,25.194384202507216,24.7133834580147,0.7337322289950832,0.7023951168669286,31.023374023895638,WATCH
2026-09-23T10:37:06.574142,70.49504677394373,92.25468846503323,85.42741052650607,83.09562176123154,77.1962353856471,85.34365725683371,24.68871643903738,24.857443975536683,0.9069817860281914,0.9386855591429072,30.602577625164045,WATCH
2026-09-23T10:37:06.584142,74.2298683678945,61.06742924996422,70.73448990829793,91.29155924807512,85.74766924728823,79.07673256166099,25.202945391543345,25.525911804888047,0.8698900905853927,0.803362024668947,32.449930218030374,WATCH
2026-09-23T10:37:06.594142,94.50540185630302,70.62307643899933,76.5380896846236,86.07397480310601,90.89183191665202,92.7921071775034,25.16563721379753,24.83892185307254,0.8750470801425136,0.896737641567412,30.872445319374883,WATCH
2026-09-23T10:37:06.604142,82.8717691027432,88.34538204742717,82.22042189967301,78.50801610416539,97.21361097345007,70.84330761933799,25.262763509642248,24.49711817061378,0.8709837797587081,0.8096064698467025,30.029908086856242,WATCH
2026-09-23T10:37:06.614142,102.71811531979994,82.52182377662557,73.63043933371955,86.15890053821168,83.58735420380528,90.26482256342702,25.709434969858883,25.326718980879388,0.8772782017894815,0.8139812122952941,33.98008326365508,WATCH
2026-09-23T10:37:06.624142,103.45510259692664,63.054657402084075,80.05402079782029,74.85780933750196,83.94699595720431,71.59339356804213,24.796277905913158,25.44831479875411,0.8500052434115599,0.7733720097576133,33.707774694967625,WATCH
2026-09-23T10:37:06.634142,87.15264374051469,81.4951194916797,71.72200079555299,70.30119068630759,102.77158005180407,102.8335681994916,25.27709502346498,25.014415838299772,0.8083080801309849,0.850634547659854,32.09068476097,WATCH
2026-09-23T10:37:06.644142,81.13443760600934,91.06978004176521,81.954553058505,74.5694675635025,80.13111288572767,75.6493694844498,24.881354455835105,24.25526662593455,0.8028585655624862,0.917193439112611,30.417313386399538,WATCH
2026-09-23T10:37:06.654142,82.84021330492803,80.89726438763697,70.56866099081299,78.1605381647955,88.69268427603686,68.14542476866683,25.44832283162689,24.45991855792535,0.8969783972589113,0.7920706200181638,31.54752028325522,WATCH
2026-09-23T10:37:06.664142,93.42575139699966,82.5485737276337,70.36786311403328,72.17797887570671,82.23232653064034,85.13611010729568,25.435710035483403,25.236264911574274,0.8881570635422261,0.7495574586667898,29.182545562193038,WATCH
2026-09-23T10:37:06.674142,86.05435981258826,72.11929546205859,78.95518578654486,75.64026386509568,79.21968050204693,86.49926020906588,25.07916836191722,24.933040100141614,1.0774284890282415,0.7636459022752391,33.809133696032575,WATCH
2026-09-23T10:37:06.684142,79.20814829351534,85.25377359971056,64.5649672027855,84.89566148158892,75.43297422535838,88.1877010950351,24.15928021075179,25.41623858762415,0.9186711212566991,0.8306936378010177,32.143526141373734,WATCH
2026-09-23T10:37:06.694142,82.09665574880017,81.58274495574248,67.18140022182043,78.36492790589914,75.56527753386726,90.63740912605007,25.34451618867566,24.915686007461655,0.9101988810448649,0.9013404108342065,31.075327831346463,WATCH
2026-09-23T10:37:06.704142,76.27960276663876,83.70350438307081,73.26429436704632,76.06276826481604,77.32257140586097,83.19355650357926,24.829619305547062,25.312361906831104,0.8803564736620957,0.8933190959948074,29.19396194535136,WATCH
2026-09-23T10:37:06.714142,90.04174041722678,81.01604532408874,78.60145354890896,80.69180209954105,87.55998702863006,90.81383992801484,25.37776860163611,25.095779043872227,0.8657107374593562,0.7494022345023482,32.45058595689989,WATCH
2026-09-23T10:37:06.724142,72.62524672500388,72.16956264021336,68.77297480349,73.18169830635534,94.99873134818138,99.46121682984626,25.038737206389456,25.15608808523158,0.9138093140038746,0.7438268889740356,29.5775413295318,WATCH
2026-09-23T10:37:06.734142,88.37799059962786,76.59232874973927,72.21232875610703,76.36018934022877,78.38053157816394,96.08615973614711,25.385378990596692,24.39432830233934,1.0068892485945202,0.8419303428733879,30.660009402334925,WATCH
2026-09-23T10:37:06.744142,82.5676598066484,79.02998132503905,73.07858800105615,78.03598365461939,77.97463143826285,75.6027431867784,25.142614975308,24.94795361346934,0.7870123963539903,0.7899761271079313,28.147850669124264,WATCH
2026-09-23T10:37:06.754142,91.94167013899539,74.18087411069493,77.22899850824467,82.19930881116171,96.25918415554675,90.41486749658003,24.916214667114478,25.26610503615439,0.8806694908549625,0.8760554258988646,32.1103784530229,WATCH
2026-09-23T10:37:06.764142,77.65826528750051,83.8711420505228,83.11127984185917,88.2379185795733,97.42008368385517,90.95754213950121,25.10416870728991,24.60673054732153,0.9715045986372,0.7733819525515403,30.35690044366025,WATCH
2026-09-23T10:37:06.774142,80.50694524569482,82.71478055775663,67.30497250390339,84.37119667751908,97.00912892785519,102.34742974485836,25.07763218848591,25.108919589082824,0.7559232546858279,0.7026709276532324,31.179935585165005,WATCH
2026-09-23T10:37:06.784142,101.86158020661591,78.29590035735954,77.94146833074261,73.82471158895996,85.70895755454796,96.22773200845756,24.8291606241542,25.558008966628474,0.9070047735630201,0.7804813336052799,30.848764213644927,WATCH
2026-09-23T10:37:06.794142,89.9253194076769,85.38263461583946,69.72661986927749,88.83356016393603,89.79371126967833,85.60729606071394,24.329080169154384,25.166009112970183,1.0414206683705265,0.8890955659972777,32.07010871096413,WATCH
2026-09-23T10:37:06.804142,86.89141408421216,84.05597241684933,78.844508356496,71.36873835822708,86.0269277017939,95.22727505403493,25.152935486313847,25.546020982599753,0.803234068709064,0.7359384295782916,31.01765753721522,WATCH
2026-09-23T10:37:06.814142,99.72024687704415,84.32688129524824,69.60927152871832,92.46454755205407,89.93933946280475,72.94665009850232,25.48199386416115,23.231456916145913,0.9463738677257864,0.8388369968661609,31.91669168314003,WATCH
2026-09-23T10:37:06.824142,65.68165083171706,81.11339492978172,76.12806837858763,77.77474417810721,93.99048563198664,106.89875057762883,25.459096723491626,25.383507854884037,0.7495875122022404,0.7529505322816785,32.69323499248236,WATCH
2026-09-23T10:37:06.834142,89.16779068784089,79.0665797820268,82.23828896078771,85.96196099057252,95.28948112499884,86.70739730089193,25.146526159339807,25.64926732299907,0.9018521049373569,0.7447040954082363,30.74332491554107,WATCH
2026-09-23T10:37:06.844142,66.3269751280363,80.70130263316251,66.80726184426727,73.57821818275282,102.01142207929281,88.6865843567387,24.458270788867832,25.293794776430474,1.0254713035564946,0.8164715425062418,31.613351004749436,WATCH
2026-09-23T10:37:06.854142,80.2966951129311,76.20039141393825,89.14367930119381,86.85698694647651,84.81271900086773,86.60126862658528,24.097985582785757,25.197945655319394,0.8958877479074816,0.7782945961543329,31.527200292374793,WATCH
2026-09-23T10:37:06.864142,84.21396152181492,96.19726897085566,71.79196297517115,72.47754280967696,95.71855281153962,87.67667065400369,25.088872625268202,25.51487029862471,0.9806744656966104,0.9915070762085796,32.59322475998214,WATCH
2026-09-23T10:37:06.874142,67.40821036556517,77.83218300274591,86.65461471056567,84.84822313815489,80.11538527544477,83.94954177656518,25.01918062710921,24.59043525706082,0.8028918438231432,0.7230492756006104,30.02219713618942,WATCH
2026-09-23T10:37:06.884142,89.71793134422376,67.21955256473345,82.28948516754251,88.41002027701418,86.54749647763637,92.23798760825687,25.39930440977508,26.09185984419888,0.898802538939753,0.7207962289013248,30.999005252449276,WATCH
2026-09-23T10:37:06.894142,83.31611723768653,82.4756292710169,75.9622753914699,70.4815175556878,75.95830325065663,67.70606717197336,25.238272575640718,24.9648976017466,0.9813033735223524,0.8168525697026581,31.301169715315144,WATCH
2026-09-23T10:37:06.904142,81.51959931545565,79.79459566329604,76.80382348293219,68.59226826439429,95.43954844287624,87.64605519374281,23.841071194102177,25.13880406754761,0.6627033385720389,0.8409766123801892,32.305648766218006,WATCH
2026-09-23T10:37:06.914142,84.48498375241876,77.84723233351741,78.01866778247037,83.88163141003866,89.22143831305141,95.89930864202289,24.60371979632407,24.975414335970367,0.9265371419728946,0.7903609917239426,31.39018204847793,WATCH
2026-09-23T10:37:06.924142,89.76632992480152,90.0281812373741,74.45130105867065,77.3133620743637,93.0951667857381,85.75197440807301,24.93182605386332,25.276248027470174,0.9242879716026742,0.795235991221597,29.8376870768847,WATCH
2026-09-23T10:37:06.934142,89.20313249263384,80.29910594151328,91.04647635009542,79.37890501009043,93.46519852891194,86.05116957805409,25.03562988330653,25.173720603212786,1.020198205131404,0.813785252200024,31.006956787175408,WATCH
2026-09-23T10:37:06.944142,91.64385789206848,80.19253017124875,69.06450088688462,78.2289508370394,91.87619264645241,95.63545848729538,25.018278699782726,24.218980675156715,0.8244025736820989,0.850858551015358,30.997674670816515,WATCH
2026-09-23T10:37:06.954142,95.4902456560543,91.74129673980703,93.24555633254582,80.52549405792507,92.64840847141836,79.63527015665683,25.01311059058411,24.297179043383593,0.9234064560748527,0.750581502655262,28.671015438744476,WATCH
2026-09-23T10:37:06.964142,85.64739588948203,81.48002460913015,66.76586061494137,66.18128728217819,85.25300151599423,84.0890030170561,24.188029647392046,24.633973443615307,0.8331559341634759,0.6430424169649703,30.578266766184864,WATCH
2026-09-23T10:37:06.974142,77.54714027368769,104.83908076975199,91.95641089576395,72.92108321690222,94.73926149317228,78.50905792777546,24.616757546245275,25.048344069104445,0.9010242456282707,0.8322298412408861,32.619758461464286,WATCH
2026-09-23T10:37:06.984142,78.01969760630266,91.48076394463975,74.5489961124965,75.87449591273283,82.45391919601056,88.65074838130393,25.15312745919007,25.62982382156752,0.6871048873036918,0.8390542729277024,31.222702893005447,WATCH
2026-09-23T10:37:06.994142,90.17666758958535,77.28248329217126,71.32721565055532,70.4119156324917,83.77606248780872,90.53329579461071,24.156251281032812,24.993381017259782,0.9836547449633841,0.7801122684905535,31.638048873494466,WATCH
2026-09-23T10:37:07.004142,84.11833921222903,81.04716459811893,89.55865949074509,84.62926053278888,88.57415755073487,83.34968287606367,25.33050986251485,24.89467747888544,0.9128405462976017,0.6956987619883195,33.15809469304499,WATCH
2026-09-23T10:37:07.014142,80.25305285290418,78.21118016026539,66.49471757935918,72.61742105983492,93.55520783351665,79.55579107878222,25.099071720291054,25.133289070054552,0.9508398103598876,0.8195987642201285,32.173252667315644,WATCH
2026-09-23T10:37:07.024142,76.32196410172122,86.61856319988796,65.81417920913017,75.02360451215156,87.14766393339752,68.00799857433188,24.950540944456677,24.655316866942105,0.8017580108126978,0.6597036187374301,30.027568327371444,WATCH
2026-09-23T10:37:07.034142,89.4584529070882,81.09555517897309,78.98122603349378,75.55518601689265,78.74681264472606,84.18187266500158,25.352690998359012,25.166039024652342,0.8755300525412419,0.8482032840223049,31.312543409852477,WATCH
2026-09-23T10:37:07.044142,102.49076077188792,78.5927847520094,72.52379714032342,71.51279430283572,106.1979233788305,90.58287430520814,26.62723055520808,25.415283061193733,0.909115050633644,0.8240269555817266,31.37583385802802,WATCH
2026-09-23T10:37:07.054142,87.65188151932726,62.57076357326191,70.0401193721327,75.99453696167389,76.38493507231377,82.3104103077267,25.651226539336133,24.733927997900874,0.9612705313785166,0.536051253625246,30.892233570123512,WATCH
2026-09-23T10:37:07.064142,86.25241479410643,73.45472704526861,63.255004355137004,79.33718321170814,89.3374699768985,81.19188846343596,25.067868917499897,25.495632519342948,0.9359563047594497,0.8417549997799053,31.06219010429263,WATCH
2026-09-23T10:37:07.074142,75.99308684926382,78.33154504758573,74.34193068202588,78.44486011726265,85.79838161582383,72.94686725824972,25.644612874401354,26.280621535480766,1.0136724030047537,0.916789147794872,31.941323614611477,WATCH
2026-09-23T10:37:07.084142,81.17668638719681,79.55119493002292,78.91639514125318,74.91208214557962,82.81669789578339,78.41292601977267,24.90226054290028,24.47041234952757,0.9014918217821786,0.8006405596968627,30.287142604739817,WATCH
2026-09-23T10:37:07.094142,91.6821321876429,66.53097318749772,86.03089646921681,71.93480915096748,83.11099281034636,97.89675345257895,25.41967097094517,24.92170492836601,0.9244987463706074,0.85017111739267,28.246899317304514,WATCH
2026-09-23T10:37:07.104142,93.75130733669269,86.04310755430639,71.26533037090583,78.71924860744082,86.39217110921267,80.81622408797818,24.687849463731297,25.58749963210912,0.9050555499377809,0.7942933994412005,29.598813779183164,WATCH
2026-09-23T10:37:07.114142,88.62474699876682,94.46413037315764,72.03030466018548,78.20425584021132,88.97026948622359,96.1813764413886,24.48744057947687,25.27404843698938,0.8486456675067395,0.832666401145971,32.56442535344259,WATCH
2026-09-23T10:37:07.124142,80.06309921105394,81.9857236912876,72.36373998840182,61.281785995915996,93.05350415766564,67.46154836009677,25.9076255807544,24.032328795846304,0.888570894819187,0.771539072835446,30.051753512245437,WATCH
2026-09-23T10:37:07.134142,77.64739635681445,91.97659759852553,72.73773728151004,80.36424742246473,103.69559901851211,102.71874882388228,25.670883248651997,24.811440410431732,0.5733158398443541,0.9247830081826603,31.647481541495853,WATCH
2026-09-23T10:37:07.144142,78.08311036273062,85.92586688227864,71.64307506575139,72.34404779794667,81.65314938673106,91.6711268731361,24.35401040912068,24.37055179397145,0.8326535260317917,0.7824064647839725,31.208353422171996,WATCH
2026-09-23T10:37:07.154142,88.79335648288263,81.39839058460515,67.76814589917034,77.46859886426009,81.26204851192273,86.70650530627236,25.2234250327896,25.290194471290413,1.0200661200758074,0.6622394273742753,30.696634786324527,WATCH
2026-09-23T10:37:07.164142,91.41053490659345,70.53969390228048,81.5723531241528,75.09379613753829,91.18226731706054,88.62175474313676,25.136361100129474,25.134464383028032,0.7969540265027697,0.7971424660909698,32.63705556328207,WATCH
2026-09-23T10:37:07.174142,80.34496551090655,87.9025692803729,72.16508823519415,76.0511095658123,99.54030939316023,83.79079376487638,24.932618853703985,25.40229068077246,0.9710191780077476,0.6449501514423862,32.26712522545382,WATCH
2026-09-23T10:37:07.184142,92.47012696140706,76.72726512091329,76.2013759925925,69.8125805868599,84.93165518476432,85.446337222629,25.0080552898196,24.821710043314727,0.8363842446084637,0.8231995874830275,32.485740788122264,WATCH
2026-09-23T10:37:07.194142,87.28398580710727,72.85562175079676,84.32745125785257,68.43386897494756,86.40608602061579,76.32412419181584,24.846956705171316,25.885852910944504,0.593061764294384,0.7276548282573166,29.340142639874294,WATCH
2026-09-23T10:37:07.204142,94.00582390474847,97.3923895733547,77.55432780618351,86.95069054408957,64.9824599195709,87.97113199913174,25.269432406784674,25.311174435101158,0.8401906403022978,0.7551767204702554,30.32678010197443,WATCH
2026-09-23T10:37:07.214142,86.65411916264114,77.1335417529131,78.29451530606639,75.3369285794956,82.37735474576398,90.00741314715913,24.976811812191915,24.387842601280706,1.1415018458395445,0.8063613308743514,30.539896091754848,WATCH
2026-09-23T10:37:07.224142,85.0769961348559,79.963838637761,61.91053695727772,62.45764778243817,103.64989072856291,86.8426567174415,25.171714694006432,24.92561776971984,0.8552999425387899,0.6227637270518415,31.616513521451516,WATCH
2026-09-23T10:37:07.234142,72.35210237332333,69.68190952599522,78.88526414916184,78.92744102456301,84.92588643025405,104.63360840421083,25.27974960199744,26.085491552028508,0.8507861091835005,0.8078442108655237,32.19757217375609,WATCH
2026-09-23T10:37:07.244142,92.62008467842898,81.83485571206195,66.6574830722328,68.04879233174019,90.41974739068567,74.0076696038738,25.44364116075672,25.55747661852518,0.9864423317608039,0.6254590142427081,32.482135558873836,WATCH
2026-09-23T10:37:07.254142,86.25779849260924,63.07024212464792,72.07911045443258,69.13219136750493,88.02041037415871,83.41343961634917,24.772513536266995,24.98952018699398,0.7844797185371523,0.6451017195553971,29.782309111699817,WATCH
2026-09-23T10:37:07.264142,73.79060691248054,78.38566480828796,81.86944714012739,81.54077696135134,88.23993127539694,88.34087379927153,25.516063024364225,25.102011357580174,1.0211975401344664,0.7941811889126553,30.79408270885727,WATCH
2026-09-23T10:37:07.274142,94.03965461387975,77.2227613184244,70.02010157218879,66.08001369871926,87.34032955832048,85.90575027670516,25.364540178974835,25.427375059432478,0.9103996462425475,0.6418820024515733,28.63651818797487,WATCH
2026-09-23T10:37:07.284142,88.86012295937361,83.48682551208417,77.01943658312419,76.75471718933085,84.38826821830031,69.66697837396984,24.093519547211095,25.597163673289884,1.0748610914172336,0.7088047253983268,29.157670550634855,WATCH
2026-09-23T10:37:07.294142,64.78770028142574,69.51257806113932,75.93288321905717,86.12785818548015,91.85957513246746,89.65252584254533,24.810093060719318,25.304088441973406,0.8013909608798095,0.8338246328025238,32.400785618292176,WATCH
2026-09-23T10:37:07.304142,72.0104368622741,96.30075920646365,76.54867338864564,67.97722199572998,84.51310755800216,84.39479333509446,24.53303817494894,24.399867800256565,1.0611259552835206,0.7827721732589782,30.99945736541813,WATCH
2026-09-23T10:37:07.314142,78.08709837358639,72.31581334066904,72.64415783634901,90.06994612608732,98.82057729910169,98.26630006415625,25.289963126571283,24.93328673933055,0.9447682268671971,0.711091074013967,34.07471328433048,WATCH
2026-09-23T10:37:07.324142,90.99560053223729,71.13580902896734,68.86585289435361,65.1416234969796,83.07304976967481,85.28679600675096,25.73952151157014,25.89121466096072,0.9224298283086826,0.7612198849120058,30.144839495388872,WATCH
2026-09-23T10:37:07.334142,73.70355272922984,86.72655579772531,76.35036605563441,91.62358654326346,94.54391142520271,82.09604924787159,24.990780481276587,23.975489210725872,0.955305661108688,0.868623168105901,30.82978297074572,WATCH
2026-09-23T10:37:07.344142,69.77818124197537,93.75215191022835,67.98721117078948,77.49705347635522,88.48535748880818,91.0365268065416,24.846386528327816,24.086328578753104,1.1099723881441195,0.9389145245245606,30.596332401261368,WATCH
2026-09-23T10:37:07.354142,86.78587864695407,65.18845905919112,83.53518736614518,89.32192458587691,84.39914191870955,74.21192631298887,24.269641793942608,24.31412398180031,0.8271675088047383,0.7612099618224686,31.726815253953703,WATCH
2026-09-23T10:37:07.368561,77.53107997775066,82.21209083772854,76.98598391341146,87.7909759175407,81.17913790274028,74.25121456852565,24.461642313878816,25.170798849009593,0.8197469831949518,0.8075578536455935,31.55957470026121,WATCH
2026-09-23T10:37:07.378561,82.91817592886805,84.26489116567814,69.40592569352555,78.9904776852186,91.57636294406942,76.54311384741959,24.68374082693961,25.267936838178176,0.8826856476034172,0.727042711098489,29.842368322615886,WATCH
2026-09-23T10:37:07.388561,68.70503050850063,85.78136128931408,72.12610743472274,75.05033675351281,86.90583782879591,79.20139696754133,25.823021037125116,25.293822443866837,0.8451383072249463,0.7224742395369459,31.006483959585598,WATCH
2026-09-23T10:37:07.398561,94.28419697731515,81.62792536656703,79.96784420318443,69.60392837777869,70.00267229682947,95.24338974006085,24.83960090063848,25.340547144819507,0.8141671413553481,0.9411391047175093,31.41693023334794,WATCH
2026-09-23T10:37:07.408561,83.0102469470609,78.9436702444906,75.20463409071922,70.25947719679776,90.93344394180855,87.50871635655447,24.748930620175898,24.288045787982632,0.806754166675004,0.754473568773489,31.006435033176878,WATCH
2026-09-23T10:37:07.418561,81.99196503323063,85.5318042196974,82.08288992308492,70.06387816034368,89.14107610847802,71.41600490167947,24.65138006296076,25.08518088166616,0.8570914069510434,0.83862576793222,31.244722270857928,WATCH
2026-09-23T10:37:07.428561,76.67678411522516,80.1775679512617,54.63011330540294,78.99767446644947,79.69001367959414,81.70499106485755,25.06431074836231,24.66095564113298,0.983985165967423,0.8664803046521813,31.115236890669024,WATCH
2026-09-23T10:37:07.438561,89.15041520873193,74.09047338414322,67.82453288414627,87.67594544931887,88.2703340017331,76.84587130320739,25.835306811099898,24.973265709359264,0.7409645781677932,0.8189199160509422,31.24119872787786,WATCH
2026-09-23T10:37:07.448561,94.0351109062263,79.9847650481312,80.72065603981333,82.46451100126798,88.5129170314168,72.1175553885806,25.329102190800587,25.318608554370098,0.8003350238707224,0.7500997098036155,31.98981686167643,WATCH
2026-09-23T10:37:07.458561,86.0733142865003,84.32120939996744,70.18887432643307,75.58771156727674,89.03310340497534,78.0542458968433,23.611679918373035,24.752506760336974,0.9503109637150804,0.7602112469923328,30.159335054014083,WATCH
2026-09-23T10:37:07.468561,84.31331023770937,89.96554266926283,78.05789213163357,77.99575200075552,89.1503696818721,81.53113580616031,24.601513007264522,25.152654078165476,1.0099027807116472,0.9729174641293143,31.782031810332914,WATCH
2026-09-23T10:37:07.478561,86.96109824240094,89.00018136072023,73.32600640247006,59.92125269460891,81.2434332131708,90.85164909159131,25.439024977484927,25.5197134045154,0.9245915793907828,0.9202238948946007,30.66766700714949,WATCH
2026-09-23T10:37:07.488561,70.02469308080039,75.61924835380012,71.53387038641685,77.18216712640844,86.25276436992101,84.51067202762066,26.115818089573544,24.505425005710304,0.8854047976802818,0.7732724563111611,30.43731071567903,WATCH
2026-09-23T10:37:07.498561,80.19438183679962,68.93039585666676,76.93067171997258,72.65177426990094,86.96258388649947,87.48892078427275,24.063554514276824,24.85272907364691,0.9156271988608499,0.6876836406594519,29.545844170175148,WATCH
2026-09-23T10:37:07.508561,78.82079902691669,88.8660698285858,74.33586406428807,82.49644984093604,81.26694654272073,85.95064939842138,25.066538689826125,25.26105974984381,1.036491775414164,0.752390596190295,31.98481049550481,WATCH
2026-09-23T10:37:07.518561,84.21624077690008,72.61077073291904,82.07109273278056,72.42924524257094,84.74579377365956,91.19966992841547,24.815676474837023,25.077935966646873,0.8933201496821497,0.7772936711261637,31.597362319821478,WATCH
2026-09-23T10:37:07.528561,76.45704173209788,85.04330557829384,79.53102356318962,79.7640788194016,95.86402649279127,90.59877144703466,24.529598043814275,25.047602928274507,0.9337509958981294,0.9074688548652246,33.1445081740936,WATCH
2026-09-23T10:37:07.538561,87.2480746605333,84.98340576434563,76.96720933914094,64.72642486826095,93.60250143599816,75.829122942885,24.318203407029497,25.042483207186198,0.9465680035133379,0.7907254908167881,31.89088869557215,WATCH
2026-09-23T10:37:07.548561,96.94512391160961,91.08922182854238,88.12641374595985,73.99137006795469,92.76039854467305,90.23830435009684,24.56558901519727,24.87887711151634,0.8915426633697204,0.8210400072738674,31.417602191132577,WATCH
2026-09-23T10:37:07.558561,75.63425851776348,86.78460008840285,79.6537544181949,91.30015661050759,88.84406107818252,87.76974032135017,25.219283680385015,25.46739455730698,1.0258193831565523,0.7686045052428303,30.573164755473595,WATCH
2026-09-23T10:37:07.568561,83.90014758511118,88.24033417494985,75.28573351087415,75.59871846320357,82.29798161760998,87.34385093696493,24.844513931137058,24.03554695618098,0.8421587168427139,0.6025449632212194,31.63366599553338,WATCH
2026-09-23T10:37:07.578561,86.07383947338579,63.98024326930029,76.9914301409961,75.31122875345807,95.71407132286095,81.99906909930212,25.18662721092953,23.970161137717767,0.8057538085004756,0.5812645341289133,30.829790857094842,WATCH
2026-09-23T10:37:07.588561,90.14140409097827,88.05455833364736,88.1897089800992,84.3310381929006,104.30804268012793,81.9288751987366,25.248956957462305,25.688747101454847,1.0185990481752245,0.8433455158751535,31.682160088619742,WATCH
2026-09-23T10:37:07.598561,64.158811269421,89.71085615124866,76.62490634795574,77.63507886705504,89.78258071725685,96.1356500119795,24.95480052159328,24.161116015865016,0.8838918430290443,0.8315667597603987,32.01405940797746,WATCH
2026-09-23T10:37:07.608561,77.47500137289235,64.1520293955587,62.61967338258753,73.07322056851108,99.04210924740761,88.11070276852688,25.668331363703217,25.541456023389976,1.0113559619639474,0.9164236889201373,30.936342582440382,WATCH
2026-09-23T10:37:07.618561,81.69877412975116,81.13205918348119,78.76757711991267,75.8478855765972,82.36952082169002,90.80174813819625,26.296994738439338,25.40131032996268,0.8023398055891726,0.7590348382152424,31.748198357839456,WATCH
2026-09-23T10:37:07.628561,91.01867167830481,74.97563625970568,79.38997379416007,75.90381203621072,92.28545101319301,92.6177697698722,24.518870915842427,24.544570190988665,1.1595187982115855,0.7332838569338875,30.58762516169698,WATCH
2026-09-23T10:37:07.638561,84.92777021930732,71.37006899304131,87.09204223590082,79.64231655484012,77.95085762597867,85.64212594029534,24.988150228709095,25.03544206772131,0.8963660542751629,0.48158842794443946,31.043024830257124,WATCH
2026-09-23T10:37:07.648561,69.51613319431944,84.39404403205346,76.28740265369314,89.06632390211027,88.81401215172264,102.16138395312524,25.766191402967365,25.375927303786586,0.7885298684762478,0.8866443438789975,32.48425165941123,WATCH
2026-09-23T10:37:07.658561,96.41294688082468,74.1509969534428,89.60380735460498,73.05365516317033,88.15255188935343,88.05321138255141,24.962966160991378,25.650721247249344,0.9697491940304377,0.8154044410212671,31.74462819749163,WATCH
2026-09-23T10:37:07.668561,80.60020327841727,83.92451041128908,80.45038855848664,82.23876231538343,88.19980053068848,84.55715663914259,25.112529914526085,25.39752394802316,0.697663212881568,0.8313033875974912,30.136658395445494,WATCH
2026-09-23T10:37:07.678561,88.87270544297796,81.34728604209361,79.7552902200169,74.67818937660329,84.26357798470812,92.0848682712894,24.7863157780821,23.95448552258638,0.9152807412237635,0.9007190704403395,29.729008617516865,WATCH
2026-09-23T10:37:07.688561,84.72562557749345,70.54245341245948,72.0115685047083,79.19373248286892,93.0683076855863,86.84380453975945,24.67707820176621,25.51026300626616,1.0658350637298224,0.7530348441917067,31.368503709749845,WATCH
2026-09-23T10:37:07.698561,84.13577999636891,82.42840663315366,69.71706717026171,76.49562411159773,87.7888377835423,76.05529424040547,24.84350548681204,24.79796167846625,0.986539079354876,0.6463876878849624,31.007274138010555,WATCH
2026-09-23T10:37:07.708561,81.51662148309101,84.00405942838192,74.34715342784968,80.19381476292868,74.89060877566027,72.34943068427684,25.680682874187003,24.472666771754948,0.8108034793487813,0.8477715747283213,30.849343658555185,WATCH
2026-09-23T10:37:07.718561,85.42807233149146,91.36080084876559,78.5692940045486,85.5957373939999,85.20633734538384,93.18894191003123,25.582844134125306,25.919093202992432,0.7997048565367348,0.8896267152067234,31.959663239891228,WATCH
2026-09-23T10:37:07.728561,76.50547955350194,66.245064606644,69.89435922158977,66.83702372035174,107.5827881461046,89.48444111028736,25.15364799372198,24.84250256125604,0.9242680691932855,0.815024556601478,32.13644637514392,WATCH
2026-09-23T10:37:07.738561,85.90771522604453,90.04541650508348,88.91756572131257,73.27168718805807,86.94450585578055,92.92596913158306,24.705563334742266,24.48168244231588,0.966247337215171,0.7623837608592138,32.734686501202425,WATCH
2026-09-23T10:37:07.748561,95.47219045889882,76.92475566525248,61.96754554664196,71.17913310606278,91.92736185547224,86.19114303112787,24.884847157597918,24.73521691459783,0.8746393917167447,0.7936650447350238,29.76750808074265,WATCH
2026-09-23T10:37:07.758561,83.10136022295562,98.18993017162475,75.41499823730852,82.52059501755443,87.19879560899837,83.23246841419784,24.64125124553832,24.075570696601865,0.8465604233771117,0.8692294361110958,30.791072652344162,WATCH
2026-09-23T10:37:07.768561,97.651183468896,88.75606193646065,83.10702485763561,82.07441598597005,91.61509504739486,91.24188736075783,24.493072341347183,23.95784643587047,0.9800842951936779,0.7467891712602379,31.133080178610662,WATCH
2026-09-23T10:37:07.778561,63.8930160846442,86.55979168785007,67.89375175906603,86.17152783296629,90.94144192618965,82.44302176803848,25.522628156503654,25.347664132091406,0.8801055003282113,0.7260081945518894,31.26098677635072,WATCH
2026-09-23T10:37:07.788561,78.27264983186748,94.87867868968085,70.84964195534302,68.3817355522987,80.95599050850589,92.66339635216468,24.91818601816074,24.438403296027502,0.8690972015853585,0.6711682851100209,31.5922344132163,WATCH
2026-09-23T10:37:07.798561,87.54799207504644,77.33156434691351,77.30464851450944,82.94805521806391,93.13434384526084,95.36099389854033,24.56325440078145,24.832800135924575,0.8129981145361187,0.9079434625508231,31.85390236343778,WATCH
2026-09-23T10:37:07.808561,87.56462890398475,79.51982285647252,65.87006437774136,83.43704411673376,86.40603315889255,91.35843345001255,24.698784427921698,24.12434275141973,0.8961962778335956,0.7886142904829677,29.775743058796827,WATCH
2026-09-23T10:37:07.818561,89.78775819357533,73.23146619251074,82.06465501099939,76.947850332987,74.87605861393985,91.46094813853568,25.58297549477342,25.661052257537538,1.0183286571864583,0.8134320728242248,30.585379109293157,WATCH
2026-09-23T10:37:07.828561,87.47748399480473,77.81208713261441,73.84834264773909,76.33858259590828,93.25912682385061,89.07049112380464,23.998762385987487,24.98346963172926,0.8592565273561007,0.7477814947853504,30.688507622180577,WATCH
2026-09-23T10:37:07.838561,87.7564040916581,86.28508532525919,69.0777048773444,87.48215895219295,80.70153621181478,84.45104537584493,25.33080728295302,23.88272565095847,0.7604570249462306,0.8938941837079525,32.08618413026826,WATCH
2026-09-23T10:37:07.848561,84.39062711913131,77.10490001837374,74.5344114511153,78.94992593771315,71.53536833424295,83.88199227329108,24.826842086486728,25.836287917451415,0.8406889692924083,0.8021677410808897,31.799148247773633,WATCH
2026-09-23T10:37:07.858561,82.56396156098917,92.15427514126986,65.75921955183635,71.13201746615397,78.79813612832204,78.81732631226663,24.256544562132532,25.581042530853313,0.8496404502644316,0.8187102937831355,30.373324758170085,WATCH
2026-09-23T10:37:07.868561,88.71504792624233,85.5726559653993,70.40101918845431,87.5445514266044,70.60543125664162,82.61576991974425,25.25144544875113,25.86828421419328,0.9774303123310091,0.7882664565572531,30.844709864178323,WATCH
2026-09-23T10:37:07.878561,85.36408495941477,85.13507482324002,75.76611524969036,75.06968425745556,89.46155580531972,93.56002140555519,25.211408058172882,25.661838342484586,0.9558272482928051,0.862899111994177,30.584792828078427,WATCH
2026-09-23T10:37:07.888561,85.77145056507288,75.41987231304738,72.24965989545429,80.16531975341644,88.09005147209798,104.09371672109125,24.747898848783116,25.35757622146636,0.9905014469688824,0.8983135977829615,31.234540124058604,WATCH
2026-09-23T10:37:07.898561,70.3108776997536,92.63941183169663,75.86418906889776,64.80210198737447,108.51902302249908,93.37170922302651,25.3415388756673,24.637707400864667,0.924101097837581,0.9197428574042648,31.133742812256727,WATCH
2026-09-23T10:37:07.908561,84.57165191541016,76.82725633379607,73.78467462840841,80.5765743559811,93.64390216257978,98.62877928325703,25.50182098682633,24.466190447992084,0.7340039639680025,0.7685536047377802,30.398823227757603,WATCH
2026-09-23T10:37:07.918561,88.57515995397212,78.06333874046719,75.06381047762962,78.59110346355494,98.2256319047668,81.7158921299132,24.95432569750158,25.216344379259052,0.8501007152153692,0.8214918661694446,31.141073650162042,WATCH
2026-09-23T10:37:07.928561,88.47712992935847,72.0010636998502,88.20806193014944,74.34866007220836,105.28332106465353,87.6519159404128,25.29624315130145,23.9579425700209,0.9399353001028703,0.6874318186152817,30.833589001388965,WATCH
2026-09-23T10:37:07.938561,69.28632739255013,90.60998115179498,89.574214910656,80.73521432212546,89.57073383068234,91.87607217410292,24.816316445661073,25.67447189770961,0.9774160892313333,0.8224929820758113,30.6581306188346,WATCH
2026-09-23T10:37:07.948561,86.3171812466708,78.57442673656212,81.63587684516212,70.46596945595849,87.37148370241783,101.20823143654125,24.98808714358888,24.309122405266425,0.9048514334931199,0.8316761066638618,31.782549091088832,WATCH
2026-09-23T10:37:07.958561,91.78498602888284,97.09077094408579,74.86457702207092,82.79151831482658,83.12880601693769,98.8539900634234,25.51697112938655,25.27484356940046,0.917802339730942,0.8903115792442471,31.344131337628987,WATCH
2026-09-23T10:37:07.968561,71.00085787021997,74.06277987323313,75.95709705221505,77.6840389821639,98.39129208116383,90.8117831718925,24.995149455611536,25.605318536099933,0.7776307786570225,0.7511658060289141,31.521847647145698,WATCH
2026-09-23T10:37:07.978561,87.37266219583378,78.36644749626923,74.10315236331226,77.257080810423,86.13375572653513,81.4366579907961,24.190317870503463,24.919777089276593,0.8852007576638274,0.9447072813487803,31.079544947611065,WATCH
2026-09-23T10:37:07.988561,84.91657222077272,77.00161222518457,82.99777166800021,70.40551015433684,102.2203858852471,66.94189329621847,25.137499148283098,25.227724966853863,0.9885342513086757,0.7843038632692855,31.866300886716832,WATCH
2026-09-23T10:37:07.998561,83.78652642463014,81.23026581674672,78.74927474183622,69.1784850595343,89.82868285535709,95.71037516719319,24.960726505313414,25.526488427456638,0.8347433410252342,0.9822458243898197,29.919805149475707,WATCH
2026-09-23T10:37:08.008561,75.18676905489151,79.61323344509958,83.43178196257466,86.19130053260072,85.35566306987,84.57261113521376,25.545341891329226,24.614649913406396,0.9588721772437077,0.6942600219391093,30.71263960906884,WATCH
2026-09-23T10:37:08.018561,75.88695135874705,69.14960628244927,79.89225941353689,74.27388058985413,80.29733126449229,90.61474030764145,24.787550645226013,24.552639653851394,0.9128710041011988,0.9263270988187244,31.938819075142803,WATCH
2026-09-23T10:37:08.028561,65.72516871977386,92.70793778758554,80.20523102464529,80.20776290087775,85.69737236091763,79.26674640441951,25.432805885040732,24.89878128227629,0.8834811577379429,0.9021510637428816,31.403038161190437,WATCH
2026-09-23T10:37:08.038561,89.3012753398138,79.79143835963504,76.57745172563435,77.12837188034392,80.82129731906876,85.229225271667,24.76539796504429,24.314723004466494,0.9515928437943676,0.7159598356763126,30.81719294825795,WATCH
2026-09-23T10:37:08.048561,90.68759204237875,67.9223891858163,83.61272152939635,92.67651880865016,91.55785167632001,86.83621970889564,25.373849952252733,24.943908186306608,1.0045710225301567,0.7312184846615998,30.960213409225435,WATCH
2026-09-23T10:37:08.058561,75.84746597893954,88.97516585241748,75.25105044192473,76.71761307782815,77.74031842089978,93.01481697191126,25.19262057874767,24.835829492405047,0.9580372649754746,0.7740213461413576,31.417582084027504,WATCH
2026-09-23T10:37:08.068561,92.51297833150991,93.01851243564057,63.984654686182154,70.4204919657114,77.205341397078,75.65564424143679,24.43498826948718,24.310807298861445,0.942763326713124,0.736371547453152,31.294991142756572,WATCH
2026-09-23T10:37:08.078561,85.74895877131678,70.00848346248434,76.7758240087703,75.97909269836451,82.6688613400469,86.9917113610057,24.633502168622744,25.217648435691295,0.959718835136382,0.6576169359385851,30.301076939005167,WATCH
2026-09-23T10:37:08.088561,69.88790855025258,72.83235219567008,75.81272192346538,68.68779256551144,95.75219231303237,75.806574510873,26.474446767773937,24.95361015402061,0.9188927452241019,0.759441657832272,30.25398839397831,WATCH
2026-09-23T10:37:08.098561,94.71596958622291,93.45591827703912,75.16772626525534,75.7122344821153,81.85745836581168,77.7746749549705,25.080030550309203,24.153037992547407,0.8027149778649609,0.7716929683025834,30.958952256698165,WATCH
2026-09-23T10:37:08.108561,83.06181028007028,78.02024544433078,78.85311152995982,80.46713934378117,89.14085987222721,86.85766340476054,24.34550786708766,26.034564761220675,0.8498531659220161,0.8649504170035003,31.060696469570733,WATCH
2026-09-23T10:37:08.118561,88.86070854605178,72.17409471612868,76.8763929637961,69.69732106497482,79.06407375030007,78.05082486110787,24.433514935254273,24.74785417646977,0.9271632152021749,0.8426471863177896,31.883885240154815,WATCH
2026-09-23T10:37:08.128561,95.254191785654,95.38912571421946,73.44115159341017,78.72272965712496,82.22629850492685,97.02879226461228,25.440102435364505,25.5451754265455,0.8418779634564324,0.837679861188533,30.22912473641799,WATCH
2026-09-23T10:37:08.138561,84.36452652223608,90.13027870692409,75.54842912284789,79.67391881291857,85.86013108858596,75.51332694416848,24.714766754903316,24.317901666548433,0.9420543653784511,0.7926538431258658,31.332125870389728,WATCH
2026-09-23T10:37:08.148561,65.05952188775905,74.1738151793305,96.00648914076834,76.89032310519973,87.06015884227315,83.21652426415234,25.84602431722408,24.599841519217367,0.8333710035955744,0.8964595852212546,31.16388107968336,WATCH
2026-09-23T10:37:08.158561,89.74184063640915,92.01677732856423,79.18523813635592,71.17836647461243,94.1862725618519,86.07742271215109,24.76740215176925,24.814233534667874,0.9726582867556061,0.7996983240056817,32.40431847002659,WATCH
2026-09-23T10:37:08.168561,78.11184604027828,79.54552244209184,88.10958965092357,82.09288895429384,76.54952168222572,88.51918790916132,24.247094541939134,25.086537329391096,0.8644031392342327,0.792291190779657,30.51955493605059,WATCH
2026-09-23T10:37:08.178561,69.38930497357764,84.8281207886041,85.91895324511538,78.34792671393276,94.09618101535806,84.18095060017139,25.04334958937165,25.24203779613226,0.9908680312370451,0.7178660503279102,32.104622684538484,WATCH
2026-09-23T10:37:08.188561,74.80948473711055,85.28073106996902,74.44849109163783,74.87363364743729,83.05013479649088,88.52845828877808,23.88454863647168,24.413087319986136,0.7196527640687906,0.7749250552127638,30.63573478683538,WATCH
2026-09-23T10:37:08.198561,103.94693450267302,82.17532544859111,76.53367543282421,74.59040087891061,98.1905139860843,89.62541588918195,25.39279044681886,25.586462810656403,1.0985520156709399,0.8543596374438224,31.344971546571667,WATCH
2026-09-23T10:37:08.208561,94.19375772068888,72.63535886455085,73.92785543928764,92.30604299488128,75.84497644032311,90.31874198502248,25.11799530205743,25.176507314782192,0.9487315065986658,0.9191783984499853,30.578269225925276,WATCH
2026-09-23T10:37:08.218561,77.02314324151587,70.83273273084738,82.6987082131942,66.32820281485044,79.07508693248619,103.18145842007124,24.947457724289315,24.91661330690916,0.9715917096392316,0.8951084920948751,30.20128400304657,WATCH
2026-09-23T10:37:08.228561,81.51572907863672,71.48081806907501,72.02059607466099,72.49975154977376,89.32540055061116,94.87361371884418,25.283734084720386,24.40709054333183,0.9623264796648527,0.9030080091373743,31.877906948708993,WATCH
2026-09-23T10:37:08.238561,97.46275579353015,72.2506399483953,79.74758016675123,84.97066990861603,86.89769911528457,86.88980289980601,25.26187029456714,25.055250129370943,1.039266065633551,0.8147050602354073,29.63233010253476,WATCH
2026-09-23T10:37:08.248561,88.08285278048037,90.62514928523342,54.81406250941494,68.79413384013488,93.67432350184545,90.79856014987146,24.726631149849997,25.17811214641681,1.0767174050301542,0.6933109406318413,31.983303710178156,WATCH
2026-09-23T10:37:08.258561,80.46974161457761,76.38699085811433,63.13181071583306,76.21635029506035,87.13602275501225,86.08411894417922,25.35362407561527,25.73514998626693,0.8587029466166225,0.9413656295872763,30.53901904083356,WATCH
2026-09-23T10:37:08.268561,79.36654864915653,77.75458892359325,70.33482119471826,76.86576872374555,88.84773898920984,101.41365747899016,25.611573168938577,25.533580499146886,0.8703183173599356,0.8005410908011177,31.635075631851024,WATCH
2026-09-23T10:37:08.278561,93.7556638101183,76.40270805634333,65.33779747659442,85.2392648575475,86.27863113519949,80.18213995424155,24.395338198831773,25.591712984141704,1.1238093056757235,0.801081630744616,30.73725605867286,WATCH
2026-09-23T10:37:08.288561,92.47200757200707,91.13206793015722,84.83239467131537,77.24133873659564,85.8218756368752,78.4167817676748,25.612126730294833,24.474671526859154,0.9536049499914643,0.9084199619247321,31.588606421181115,WATCH
2026-09-23T10:37:08.298561,77.8907701913667,84.834633476045,85.85995017604702,74.21254291584262,104.0028359157005,83.04070151027722,25.1854627198981,24.647416560485457,0.9856120831613708,0.7167028341932244,31.562524876340433,WATCH
2026-09-23T10:37:08.308561,90.94456346587913,80.18620888043141,68.49100311572512,69.54613756559701,88.09634449642387,83.91136430148268,25.778381793318783,23.416544769272235,1.097882883821093,0.8702533072943035,30.823051893187912,WATCH
2026-09-23T10:37:08.318561,92.89283143511618,83.9442947973169,64.21625534829474,80.74359929959768,96.04488845224306,84.47352644405059,24.773740963417605,24.86560068539426,0.78721089924201,0.7366237402638142,28.80879755357995,WATCH
2026-09-23T10:37:08.328561,86.70129008587475,95.19893418979099,66.13181220424727,79.49142687950383,89.93063235903507,85.5499545770391,25.68075782775721,24.771753214939157,0.939261075992231,0.6822239060918321,31.73988473483901,WATCH
2026-09-23T10:37:08.338561,93.2897679689274,82.57802956193547,82.90885086833552,81.39384518738984,97.61905087679075,81.57773189091051,25.46806289916187,25.946697905172115,0.6921233393333218,1.0028305489930078,33.042147414088035,WATCH
2026-09-23T10:37:08.348561,74.44119851703522,79.452215640234,72.61527566998068,86.18648429015573,82.45205171452761,95.61652926790617,24.810330345235645,25.18028812141181,1.0629286518317018,0.7809154429530777,29.007280691796023,WATCH
2026-09-23T10:37:08.358561,77.22308350541806,87.66391577843712,74.09912823498028,70.57421299165571,94.8415910493136,102.45592436315178,24.6128203496713,25.170942557224397,0.9022552236911594,0.9220319782427804,33.31444751952636,WATCH
2026-09-23T10:37:08.368561,90.86924292190002,88.00436904672041,62.09072013896828,79.21207908519767,84.690999804649,89.0204682544386,25.582772375797052,25.31497823934164,1.0579461479191516,1.064680586264324,32.557197100765215,WATCH
2026-09-23T10:37:08.378561,83.40327186810332,83.12293488798211,80.61382789222625,74.50422220744197,109.14855841004433,92.82318621484818,24.632686885156534,23.907147178444877,0.9836682545473011,0.9104123197479457,30.99294550581698,WATCH
2026-09-23T10:37:08.388561,82.01334448295641,85.463621481335,64.89692384632465,70.75364472077915,74.70517548534775,94.91808664400655,24.41176974831198,24.677576241426085,0.8725636975269424,0.8497769342649791,31.45700391323097,WATCH
2026-09-23T10:37:08.398561,88.52938179929384,73.3298345454528,81.72892200017964,86.13031942690904,83.89510934285207,84.84747692783571,24.4768203062778,24.661316769740623,0.7835375882496547,0.6509678567707886,30.5604905346174,WATCH
2026-09-23T10:37:08.408561,88.14948164716996,86.242567838023,59.82462977470749,88.09474192232403,101.15786410360785,75.86944511270534,26.160220045582566,24.899693255827863,0.8727623598199057,0.837218716136322,31.826399085769456,WATCH
2026-09-23T10:37:08.418561,86.16508254880424,92.33143510804909,68.6520375946816,78.71885105143842,76.85564598694566,76.94089229255795,24.720527320233483,24.729562564520123,0.9839561900420031,0.743515408359251,32.117342502733734,WATCH
2026-09-23T10:37:08.428561,79.7419335911594,95.70733016057652,74.23646403317854,95.12165007250869,77.43665475212255,109.19694030043482,25.314092374374614,24.576996783006763,0.9900660707429544,0.8306403016942125,30.709892593716614,WATCH
2026-09-23T10:37:08.438561,81.74306250765616,76.94671963492324,83.01409605745992,74.97741889937834,84.90994464028867,88.00235103887832,24.35751986514699,24.89330145775314,0.9570745499311041,0.7921223523069719,31.201922737184553,WATCH
2026-09-23T10:37:08.448561,67.29534201363293,73.37194185958649,66.64243478915859,78.47630928992764,87.2465299285933,86.24887551391174,26.183762853706774,24.74703081234573,0.9029429982398514,0.8370242314668974,31.61163291668541,WATCH
2026-09-23T10:37:08.458561,89.72006340502536,84.31390219942904,72.74801136958021,72.84163879781565,86.94207779532047,86.72184123567247,24.414967070722795,25.013968609335897,0.8755817607045977,0.7695745348743388,31.925937886035513,WATCH
2026-09-23T10:37:08.468561,84.56102430833188,82.51532026838977,78.93710217506249,68.8156305965231,82.60197116670567,90.40240107367693,24.940306055425218,24.650539908661056,1.0207189063858155,0.8692881785841885,29.84214305306986,WATCH
2026-09-23T10:37:08.478561,89.7982819498173,84.29419155344928,71.21752133329937,78.47393843313652,94.51851607225528,87.68741984486427,25.168436529079063,25.381634350690163,0.9801867177334745,0.7981387676857638,29.801801399640745,WATCH
2026-09-23T10:37:08.488561,88.21112161789914,88.359777498594,76.00298692003707,71.11286814763889,91.62846956772307,94.02021473411743,24.867156450128434,25.24685277594735,0.9517021381121077,1.0256307236813091,30.807368636349555,WATCH
2026-09-23T10:37:08.498561,94.19999679001198,73.87420198949854,69.94242411386082,79.13835366499801,89.87583762330658,75.20876949501351,25.159945256926235,24.313432686021816,1.051111378666622,0.7784520551323558,32.64209260642953,WATCH
2026-09-23T10:37:08.508561,67.69270641389876,92.41754223546275,81.77100140516227,82.09800377957215,86.82924113302956,78.8245551862562,24.89020612028931,24.944544363531495,0.9977332644847561,0.8270383936945669,30.951234254886398,WATCH
2026-09-23T10:37:08.518561,88.99946411464597,72.58676091712235,75.77027272881931,78.29996718054721,80.50838842939338,96.82974890138789,24.88008266081056,24.099929738113055,0.8181147402490768,0.9713223620581699,30.89433885007098,WATCH
2026-09-23T10:37:08.528561,97.70654600591166,73.28393128666895,68.91404463654018,78.07322911774646,99.85390665229325,88.18625518864343,24.92690924388921,24.434974503266773,0.9057584127656446,0.8143261708572754,31.047124865188323,WATCH
2026-09-23T10:37:08.538561,85.39381521915764,97.0270031752571,82.02878067069337,78.47834273764516,91.122372898303,83.50778523449195,24.984164709539094,25.094985238588244,0.9095216925110523,0.6641816827324456,31.300725736092044,WATCH
2026-09-23T10:37:08.548561,75.23941206254274,88.29861673262047,87.37833525643391,82.73848873867976,88.82752509664127,75.8644075200982,25.57555254041382,25.08821913619929,0.7371851888988272,0.916329568281199,31.297948043752726,WATCH
2026-09-23T10:37:08.558561,93.64018935780011,76.91498260877066,62.247454903120314,88.07918158326467,79.4865096261943,77.12124295575833,25.537694042906452,25.071505233135127,0.8445131759142501,0.7855730669341331,30.404063283555033,WATCH
2026-09-23T10:37:08.568561,94.85740589844505,70.83565160736262,91.84139223296583,70.07020015215082,96.28426898837574,84.62291399580464,24.670856303253576,25.10536202606611,0.970418906150219,0.7902972190939508,30.476491607754628,WATCH
2026-09-23T10:37:08.578561,89.87915984931418,83.77372424540603,81.88730297732944,77.46041173373227,93.56179949407161,78.34526491921548,24.83448795865379,24.992477312490788,0.9124164430286273,0.6943657306199482,32.53849836707458,WATCH
2026-09-23T10:37:08.588561,88.37302777948945,74.74358896095366,71.06731631536482,87.25157597091584,85.90177358938946,97.66969384441094,25.192288258209317,25.57335183494137,1.0043215533940462,0.9596626340307891,32.051035242129956,WATCH
2026-09-23T10:37:08.598561,89.94648801323552,71.87475433987943,89.90464942674726,76.16185190769622,92.69756854243755,88.5388932694372,25.173307218028928,24.779901715893622,0.8646189090253954,0.8293456432612697,30.589927274086918,WATCH
2026-09-23T10:37:08.608561,90.52449793237751,80.6890157416425,77.84569545907725,81.67359054695221,94.9006256393362,87.56725844218592,25.232221802544117,24.57798474299917,0.8434120183914503,0.7690908632506077,32.057235923571355,WATCH
2026-09-23T10:37:08.618561,75.39752660434361,60.281783417672074,79.66884816102083,82.83815995976464,80.72351175434868,80.66991109524028,25.569075624184066,25.025082757213266,0.8776596410397255,0.9560099970868912,30.53852859053349,WATCH
2026-09-23T10:37:08.628561,97.33995726654601,84.64147868260281,75.38452810363968,63.53429429831921,84.64965913031291,88.53275274452974,23.891520846962063,25.16157484340256,0.8750637719193944,0.8003712712115463,30.173606084454946,WATCH
2026-09-23T10:37:08.638561,84.6163950062984,67.12023305785775,65.8326680420709,73.03530921304954,80.58358966286563,82.12798927720874,25.239098072539655,24.12970467812426,0.9532631617313967,0.7992644227575603,30.368810944071534,WATCH
2026-09-23T10:37:08.648561,88.319400081408,78.95682938782352,67.22240488333777,83.88522124797515,84.45765029025893,90.30902890454841,24.95946374701586,24.386671438952565,1.0090140836218104,0.7833292970203096,31.5001349855989,WATCH
2026-09-23T10:37:08.658561,74.85074813988237,82.88468666348696,71.36975223090415,79.55530314557053,81.81325003151134,91.2329898435787,24.55594547017145,25.800045548941085,0.8771696853535769,0.8180863523642362,30.153686051580664,WATCH
2026-09-23T10:37:08.668561,90.1967909567295,84.39708452931406,76.11032369717095,76.25271019638481,71.41048252745787,95.65326528803968,25.370921038096668,24.993641298872806,0.9126219725834692,0.7512986078263865,30.858447446874592,WATCH
2026-09-23T10:37:08.678561,91.75673045952708,73.78860750203744,58.51668485330113,66.53679542808554,100.26163423617744,90.73944044152428,24.821615652714417,24.786851085145802,0.990378395793206,0.9028466784989385,30.189945521328568,WATCH
2026-09-23T10:37:08.688561,95.3596327025843,82.96868937793019,68.27470655280514,72.58365274011862,94.50710394448727,81.2520295578649,24.79156497289283,25.551509483916206,0.9937449044159862,0.8386810936686029,31.920288285987944,WATCH
2026-09-23T10:37:08.698561,97.09378999797475,85.8908175118855,72.61163812218216,79.58449389839429,95.25131842827031,84.47493535835956,25.230529320755704,24.46476631228064,0.8752725288098148,0.8845653363386555,32.06153486171815,WATCH
2026-09-23T10:37:08.708561,64.06013833931428,78.3402439408616,73.95261094382973,73.12201580768155,100.03845146718177,92.32688510756284,24.905444699372914,24.901639917661118,0.9872008867018597,0.7486579673429351,30.955387653509057,WATCH
2026-09-23T10:37:08.718561,95.21243926284252,83.04893917256591,74.14101109649614,68.77058754700045,83.71346378473973,92.06983007168077,25.250653702494436,26.01209423194618,0.9954875465181896,0.6600024782266781,30.181154887595028,WATCH
2026-09-23T10:37:08.728561,89.87757952868061,89.23267870716569,68.9970131569322,76.43749440328999,83.81377064861047,76.65623679916195,25.0245125607396,24.797166927960237,0.9939100841708786,1.0634476283960352,31.20020427485624,WATCH
2026-09-23T10:37:08.738561,72.75280213743929,89.94735619257723,79.24002658515357,72.91972082077605,80.2824832588486,90.0516856917642,24.713491674679656,25.956208569576667,0.959216992358223,0.8862735085682016,31.158378990554823,WATCH
2026-09-23T10:37:08.748561,84.31897136819873,86.71231001624896,87.85809163671433,85.65038018207309,91.64657630816373,93.63650255996427,25.082289239970578,25.014723187895207,0.9088815012599379,0.6593376819684803,31.544495682875596,WATCH
2026-09-23T10:37:08.758561,82.69694622305907,79.39402984103532,72.89212522707209,78.05760397830699,81.45812877042766,89.42454092957153,24.833878040587255,25.065726810853494,0.9529729265093725,0.8556688228428408,31.668352520895503,WATCH
2026-09-23T10:37:08.768561,87.72659739301943,78.00734798362342,82.7102250473188,76.93999196041727,100.52310803640046,98.72976725475469,24.841115213956932,24.850180671028227,0.9338298143304155,0.8581648201570036,29.57430030917402,WATCH
2026-09-23T10:37:08.778561,93.95409226120437,81.29608868327347,86.56242702070435,81.75885233584705,101.32943097384505,99.01626432234141,25.628966560040134,25.34552988814796,0.7706530966300772,0.7797526249329465,28.93087364897126,WATCH
2026-09-23T10:37:08.788561,97.3699620914181,96.30789135145557,70.74313350849701,73.98025141181479,91.13831937386206,77.97254614270796,25.911291907355093,24.689431840403515,0.8781964610654954,0.7400289304179649,32.22866973498694,WATCH
2026-09-23T10:37:08.798561,83.96438127376882,93.87648301826262,67.46817154890132,80.19025445668234,100.17626273085187,86.5294140188291,25.305344139501635,25.097467535278025,0.9073971429059132,0.9654114585142852,29.876932935304033,WATCH
2026-09-23T10:37:08.808561,86.23444592125917,80.8114853614843,67.31332232306731,78.02715826600648,88.87559567058378,79.55241557781338,24.49772424985399,25.350068402506427,1.0166111305057814,0.7321738275777291,31.306315407943117,WATCH
2026-09-23T10:37:08.818561,90.46068903348223,95.70493311722794,72.50525908693488,69.14025496791285,74.07055889286642,87.84352348031733,25.432210615341248,25.479582568500255,0.9529013303821494,0.7365507935925308,32.951579024613714,WATCH
2026-09-23T10:37:08.828561,89.00008268244281,88.2152853103718,73.07924735051138,79.05698824301867,73.34194891202904,101.60363397109263,24.576316859464136,24.328554753282944,0.9343093381478129,0.746522129285668,30.642724193775408,WATCH
2026-09-23T10:37:08.838561,89.5954616801163,89.80828942833638,77.35289961694122,94.22177424689963,94.88564907231381,96.76816220904881,25.488621601486855,24.462782661333478,0.9706253746672554,0.8213557112097063,31.539548167941387,WATCH
2026-09-23T10:37:08.848561,94.53749789554571,81.7883709430631,97.63495715629494,86.89233163561548,92.4174011160135,87.97689726529505,25.8862335261784,24.585521519439702,0.8914984099651022,0.8196373207542047,31.816096611130785,WATCH
2026-09-23T10:37:08.858561,79.1510983293914,72.80368193612375,61.49361456810879,75.6770648766104,99.93657175190212,86.68269950055566,24.784630997805777,25.383723526408346,1.0661096308394993,0.8969785008962743,30.808400867994113,WATCH
2026-09-23T10:37:08.868561,81.12550906537415,68.38953434333305,85.97829756930808,70.98636761524115,91.02506196359217,81.87232173878981,24.35167816225627,25.3779403027714,1.1415892225900959,0.8061804857127598,31.061276738764878,WATCH
2026-09-23T10:37:08.878561,91.97533981202189,69.74200216588854,80.82821522588455,77.53384353590698,95.76860205223956,97.38884295770387,24.36139340757808,25.288361416771416,0.9402155323865772,0.5823750936282057,29.878610841771014,WATCH
2026-09-23T10:37:08.888561,85.40820293533181,85.74118355863287,92.24050817582882,68.3352081412149,94.61050550172241,85.35004359593539,24.875394725215337,24.077379592847553,1.0368734835716304,0.7970149430923137,30.762348484369554,WATCH
2026-09-23T10:37:08.898561,85.21602048729417,81.37105530314537,73.8576510100118,77.1748734711213,86.46764469247721,87.4672816137809,24.770634922673807,24.799414115077386,0.8148441170690934,0.7981680472619117,30.712129600710995,WATCH
2026-09-23T10:37:08.908561,82.54219871701788,87.13556705400602,67.05491849249557,79.5017957433895,81.49967046186961,102.1251782484237,25.353181054248992,24.904831245466504,1.0487978329518564,0.8767498006541014,30.16754696889191,WATCH
2026-09-23T10:37:08.918561,85.51403011960016,72.50832397884955,69.42546511940778,81.1938481377945,75.39880305321817,99.20941412694332,25.289137671331684,24.555932760929306,1.0031705208223949,0.9623474920921826,31.03129412742775,WATCH
2026-09-23T10:37:08.928561,93.14612094649961,85.98292300618277,66.29122815158578,69.5646908361271,100.13746190878967,88.97358216433065,24.52689140765996,25.37472198620463,0.8783284902222912,0.7673939509327291,31.202289817467044,WATCH
2026-09-23T10:37:08.938561,79.35494929818287,79.18258085037063,67.6603419961917,72.33140837817564,90.48688189874487,95.40693891269491,25.1344909037883,25.65127286999611,0.9189746097488262,0.6503650044056072,30.982737882075988,WATCH
2026-09-23T10:37:08.948561,69.72026770610206,77.99685416080766,63.01435864230777,75.70807556433779,86.14289664823019,75.81414871347033,24.545115451875798,24.401458675492208,0.9588784474426274,0.7366726622282039,30.403660848361866,WATCH
2026-09-23T10:37:08.958561,78.75224009688118,96.79788902126724,65.7051085705244,70.79209806617392,91.92862837233915,100.37382644692846,25.084035723218225,24.47108745709698,0.9111149309001578,0.8519889130932342,31.230302492570406,WATCH
2026-09-23T10:37:08.968561,95.52992118435918,84.89752587291002,73.98675347618939,86.983466632778,95.54281780294369,69.96323753857041,24.401073463669256,24.29075850281578,0.8695378341577332,0.6829711198301422,29.142199698474634,WATCH
2026-09-23T10:37:08.978561,81.8378831456206,87.7910842696775,80.59313092772692,75.9360373255716,100.34576411975702,87.267559664129,25.225284998219117,25.498554163277493,0.883817336814698,0.5038279112283754,31.386193600254852,WATCH
2026-09-23T10:37:08.988561,81.93665018512947,85.74597781752672,84.77559667607774,62.736768932622226,84.55249887120009,92.2694565525362,24.842138081437863,25.533285703184447,0.6961217169879104,0.853089985268541,31.85563831835463,WATCH
2026-09-23T10:37:08.998561,75.80773327661231,84.29286854953767,62.448871662325736,78.70775070095863,89.49058644048033,76.33396015765804,25.220769574792488,24.857928871348918,0.7634340016424521,0.8441347774546595,30.795285926939698,WATCH
2026-09-23T10:37:09.008561,82.7774138064159,70.19669575017228,60.3278773411994,76.26986611648302,95.67640534533324,97.77868675055026,25.236518148470747,25.33291894412539,0.8947385380316709,0.7781703118878049,29.709187928870982,WATCH
2026-09-23T10:37:09.018561,80.31721373969938,86.98177340892651,75.86154625173266,68.84436809122565,72.26730302432797,82.3293755437723,24.98533475558865,25.110400259242862,0.8483784852300922,0.6912788182543431,30.458588646991778,WATCH
2026-09-23T10:37:09.028561,74.69048919999284,68.97888899874701,70.86693461959324,81.7079203860204,99.27831107789747,86.03705837349352,25.043031752937075,24.188488491786185,0.7458603569972825,0.8567816130862405,31.826162307720374,WATCH
2026-09-23T10:37:09.038561,96.19743461137202,92.42675926420603,89.42545315126894,83.25257586582764,81.16509839907548,89.91674563778349,25.153716275684,25.168736932694944,0.8052281419969629,0.9929881562547835,30.832918484989484,WATCH
2026-09-23T10:37:09.048561,72.92413151406238,76.6313403249641,79.13446637182312,61.99354189845447,88.08479781742442,92.671638907994,24.85583594357319,25.00475944013016,0.8057810904569678,0.7541635077526303,31.018636724156035,WATCH
2026-09-23T10:37:09.058561,90.99613327688274,80.7016809723602,75.3196272113554,78.31519492072218,97.22319113024956,89.14506243610008,24.540250821622152,25.74941266371325,0.794115935753755,0.8626871148755113,32.01851364598373,WATCH
2026-09-23T10:37:09.068561,93.98777342534103,76.82623174968434,81.65699018986544,74.26046530053266,93.6623939191249,95.57827066297303,25.867983408858237,25.250280483222596,0.8406972494232546,0.8165746828157933,29.677301627264814,WATCH
2026-09-23T10:37:09.081858,78.39715884433666,83.16052883598054,84.41436257815026,88.66947187846938,90.93388387775953,95.37231447263339,26.507877110971467,24.071395748618503,1.0718756362585484,0.8184163985651238,31.958562061961207,WATCH
2026-09-23T10:37:09.091858,72.30736172121149,90.70077492853626,67.60815357151618,61.1279487825061,93.91408528628067,83.9515846083825,25.083283002826654,24.34457500104199,0.7734306369306821,0.7751669829117934,33.213488469111326,WATCH
2026-09-23T10:37:09.101858,76.79208773763312,81.34392726591625,81.7925502608886,89.08439035351763,86.74608167240679,88.18924892520877,24.527103761085833,24.601405234643927,1.0344992441350638,0.8260047977947309,32.154413137909735,WATCH
2026-09-23T10:37:09.111858,75.48789701087922,84.76662286557709,86.10884256717463,89.96921551232406,89.04336553212985,76.35406238752068,24.289892581696492,24.430897595145037,0.9175655430118318,0.9039542229402646,29.462762228132195,WATCH
2026-09-23T10:37:09.121858,76.78717373899514,77.75953665955498,79.42177165979938,72.66018136155469,91.62775990020951,91.18644101977107,25.124248610869024,25.480716516751507,0.8979275247520142,0.8161588480794294,30.878643166956483,WATCH
2026-09-23T10:37:09.131858,87.1404016723225,85.76406807805702,87.24257019559168,70.286046629974,96.5281341864809,83.09778184108112,25.56850806252611,25.648894888907577,0.8866369598245907,0.6572278176685235,31.01556144317009,WATCH
2026-09-23T10:37:09.141858,86.03599190054929,87.99645863531642,82.2994204059576,78.74913867305304,94.40266907890246,74.06873962450474,25.703024576926143,25.205001641929016,0.8446651993744619,0.825111807491683,30.411162668654814,WATCH
2026-09-23T10:37:09.151858,80.74103986069512,73.4970891948272,65.66797528906945,82.90569286072474,89.60194699148869,100.86809711836659,25.58991447312392,24.315352400391077,0.7999028465405187,0.7599757381643043,31.705572654547176,WATCH
2026-09-23T10:37:09.161858,85.81913757996794,80.73629364774162,78.1864689631942,83.64743759177846,91.48340702814637,86.91468964079291,24.97260234816778,24.261052318550178,0.7786858207671719,0.8222228700917797,29.670831320790914,WATCH
2026-09-23T10:37:09.171858,87.71054261273731,85.77871635141648,75.05442824615461,74.96754303323165,96.95609575853767,80.37161245629959,25.1782347941634,25.51148834575817,0.8342232198165402,0.80465664736944,31.07233487206042,WATCH
2026-09-23T10:37:09.181858,72.2871591594782,80.23287066143983,79.26469719400765,72.79071250181956,77.73446914361985,73.36844098511689,24.700416027920447,24.145512555251592,0.8784883702499003,0.9282276128052104,31.77926046940244,WATCH
2026-09-23T10:37:09.191858,94.71150128042608,86.01891738293568,94.29889123197593,67.67027428296905,93.61303054936852,79.53896627133994,25.484432205167355,24.82398834345796,0.7355809795667987,0.8527094555551469,31.90088356878399,WATCH
2026-09-23T10:37:09.201858,66.78068326553495,84.23588856790954,79.40445633654905,91.18618266632272,76.36462110854613,90.31723882930899,24.76380291196676,25.211023881829746,0.7766252728695789,0.7213169160753379,30.05243187402906,WATCH
2026-09-23T10:37:09.211858,75.56935919047488,66.34811729626414,90.30591490656039,63.44041081121303,84.86579792879414,86.81052688204494,24.439924348624036,24.582021978592945,0.8996571529875955,0.8592578840728969,31.78084400371308,WATCH
2026-09-23T10:37:09.221858,80.28859345943137,87.56475222212717,72.26417713530881,87.03363673881118,86.5521829744362,85.03299690238974,24.74735505944831,25.13804953450021,1.0073708119937708,0.9195253094617288,31.211882744976723,WATCH
2026-09-23T10:37:09.231858,93.90515644056057,73.00260146768792,78.54106182456931,60.72118031187432,77.26128229544126,90.29072512426363,24.760272258820372,24.71962930309626,0.7821657887539658,0.9783505728268923,31.40940010641909,WATCH
2026-09-23T10:37:09.241858,85.68561622710665,73.56641646455041,82.36916086375389,65.28769854057802,85.51010133494377,75.03336215886401,24.293761380867466,25.239219526664037,0.727484059326276,0.741310692223615,32.312561648577685,WATCH
2026-09-23T10:37:09.251858,83.96950434706696,81.11395130630973,73.43597297966579,79.86631314621783,79.9170225232193,83.89482574922434,25.309581763607564,23.519078470892424,0.8534107494195896,0.8906389847994314,30.132925600431697,WATCH
2026-09-23T10:37:09.261858,83.38102685597731,80.39489864692763,71.40512568688456,79.41568477168279,80.56763553051144,85.33565919002079,25.53599304643145,25.23115350072675,1.0232203867047254,0.8470733233086483,28.97774575454157,WATCH
2026-09-23T10:37:09.271858,102.31619094173678,82.85396548756565,66.19508928968138,84.48367305737229,101.01912512671186,87.55254710884856,25.378890481073476,24.48691968393576,0.8924256026019354,0.6037229338627221,30.687564615096814,WATCH
2026-09-23T10:37:09.281858,96.77204088964002,78.93680211221397,72.78131613791923,80.38224636460484,77.93816069065865,79.28349232510945,25.495968860031724,26.061016760044513,0.9307612927847674,0.667669531785152,30.391540044836848,WATCH
2026-09-23T10:37:09.291858,79.6817989212915,95.9663091046448,83.56455167833322,74.11619804584306,86.65514537357743,73.1203291719097,24.639138141214005,24.510514554894893,0.8857565570636405,0.705287877541427,29.593783156787808,WATCH
2026-09-23T10:37:09.301858,80.72163368738785,81.71075472457906,79.63454458931753,68.54733594913445,70.26616460492079,87.28873779567724,24.355464425778234,25.546825861022224,0.926695037748442,0.7941603344714461,31.81021938192876,WATCH
2026-09-23T10:37:09.311858,90.96692431415947,88.18998360295481,81.91158383448312,83.38139691061238,96.10972932628671,77.68397591564626,25.443219813411385,25.04782706167658,0.9796080607843393,0.760148092479568,29.58046994578368,WATCH
2026-09-23T10:37:09.321858,91.89214212393816,72.4555580242589,69.98805576981748,73.18526432330864,100.12542282392369,89.62379461594323,25.55863790007713,25.15940565632139,0.7662700002068079,0.8341196673066109,32.13310208693035,WATCH
2026-09-23T10:37:09.331858,74.35294048123718,99.8158343783454,58.32491248540147,80.37164042130281,94.97466137262751,72.45484307083431,25.298245082278434,24.233017639189384,0.9582290891592005,0.819140208666991,29.0955753725559,WATCH
2026-09-23T10:37:09.341858,76.01864566325217,68.19522835645,81.05790220485646,81.68207143888928,79.83616176054787,77.07034762108306,25.059525502702556,24.464886385816058,0.9778167829606024,0.7471645678061536,30.244543477380393,WATCH
2026-09-23T10:37:09.351858,77.33787750347172,73.14121779862266,68.9139672037061,77.42510904056613,78.37673849283615,84.42272463406903,24.606753388136053,25.459931172920044,0.9265443618965412,0.7315909842172492,30.96083953323924,WATCH
2026-09-23T10:37:09.361858,91.8023482057894,80.7845307214345,73.10570773784723,85.50667851787802,105.03988203656314,91.70353310244978,25.230025600337285,25.17248837137813,0.9209758740159982,0.9430123443020515,30.859857995657592,WATCH
2026-09-23T10:37:09.371858,87.2811149698195,62.19972947403034,88.48860583078672,85.42970345161682,95.37575584933265,71.35071293022419,25.723709342643133,24.807475871093455,0.8916936678887085,0.9387865849159928,31.332961823235504,WATCH
2026-09-23T10:37:09.381858,91.31729619923733,75.94254862846418,73.81038401478266,78.76648686689856,92.3000528277422,82.08627229457771,25.89062495859963,24.85045203514053,0.8346064947824055,0.7324656137870338,30.220421893668124,WATCH
2026-09-23T10:37:09.391858,84.51397220308047,92.34283030291114,74.64385696464612,73.80997392267636,105.10472585230873,100.76989008986328,24.940034021296125,24.127517039325706,0.9913291987737054,0.9758455553722808,30.47445743668448,WATCH
2026-09-23T10:37:09.401858,90.12821034173484,84.27269372449445,80.06845357149966,82.59798767344826,89.84088759973379,95.21837303964524,24.470450496524016,24.14305934127408,0.7523460495802279,0.9901883689724498,29.95689357302886,WATCH
2026-09-23T10:37:09.411858,94.34024860091334,91.39174037785422,88.97921385962178,72.99296954739562,77.68957172104417,86.986246374265,25.593212273863255,25.8375497545534,0.8589284190685639,0.807172358768825,31.267972208555673,WATCH
2026-09-23T10:37:09.421858,81.83444930271052,80.63168160018056,61.27880483727196,72.2557654282135,81.96681033970793,76.23906901095484,25.358475120569594,24.990830352151427,0.9197587434789497,0.8388090601407833,31.997089466017872,WATCH
2026-09-23T10:37:09.431858,74.65439899194243,88.7025918669352,78.71364605001547,77.39232888331028,78.08880253711907,73.61428020575525,24.55472351373527,25.554199281488284,0.9168178808771148,0.8220111912584396,31.80071707531211,WATCH
2026-09-23T10:37:09.441858,78.25481373007007,87.99956295174428,75.87363587833727,82.3631360771135,97.48015220966568,95.16748949763178,24.4363455429998,24.724737971176026,0.767718936121939,0.6172029410205195,29.362347930723594,WATCH
2026-09-23T10:37:09.451858,86.0678576558584,91.726422723576,71.55179421245298,71.2699336962115,91.93761499102465,75.91226336566831,26.041001259220398,25.160024221920864,0.8759888964059926,0.747843253583353,30.125563113560695,WATCH
2026-09-23T10:37:09.461858,74.08330230264838,78.31507026614665,89.80295165931466,72.81321189529392,99.45296919180736,94.19875689564964,24.876851659947846,25.380215169913217,0.7463104005510522,0.8198937576805684,32.24730721636826,WATCH
2026-09-23T10:37:09.471858,88.84766636119087,84.21392169142219,71.69509002421823,70.37473418715079,88.72148853956845,112.37179666556283,25.26987858018021,24.331401928434342,0.813370756755524,0.8718930868220951,31.722326141540492,WATCH
2026-09-23T10:37:09.481858,71.06779527368334,58.630688307471935,87.8151433139966,75.83015878635827,92.5124873852761,86.82183558453089,25.68892161450693,24.831135837958325,1.0631999569989716,0.7680642318849678,29.716824816636663,WATCH
2026-09-23T10:37:09.491858,79.75830237744519,70.93436190034106,84.59359694342642,88.95114031473324,99.25604948452789,78.42548143942108,25.27750437187707,25.59243566483366,1.0157121404259493,0.9031574900825229,30.934758341336373,WATCH
2026-09-23T10:37:09.501858,85.41839534055082,81.87141858618914,87.5973595797324,77.80920545800528,93.56207027140462,82.72335261602738,25.424071665032887,23.95410768451261,1.0291206277254692,0.9454004715394637,32.04716393717977,WATCH
2026-09-23T10:37:09.511858,93.69988452965418,88.27262926751054,75.26624769039324,76.30873196588249,86.80072814953844,90.42183853792778,24.79826410890016,24.51498948539241,0.940023923548005,0.8191320179684064,32.02772534017644,WATCH
2026-09-23T10:37:09.521858,76.74802232469978,92.22312459420593,87.62972060720678,85.77467878042486,82.63388460521475,81.31280826443269,24.735470057370936,24.69741142443418,0.8341598109934449,0.8455934068372821,31.590415544474688,WATCH
2026-09-23T10:37:09.531858,85.80606946760156,82.46569250863011,89.83338639939673,83.50396681817783,90.61324726427162,80.00957632743327,25.288712878250667,25.20224635206627,0.8628122241409366,0.8664029696788705,29.29169248750362,WATCH
2026-09-23T10:37:09.541858,91.0637415441251,87.01916647670531,72.34041839260807,78.23910134293716,90.05707634220448,96.15320754932789,25.09464690852103,24.539981230380715,0.9809208339727821,0.7447053852405674,30.312727582507648,WATCH
2026-09-23T10:37:09.551858,80.31362944361635,77.92742293929038,73.96302336471591,82.36767580421416,99.09381257066102,74.28674477099156,25.72631379473072,25.15967835423606,0.8220607721175623,0.867053865213218,31.19472358274566,WATCH
2026-09-23T10:37:09.561858,93.93173135495134,70.96763187855515,78.43418188410642,72.3116356851424,100.99453780027862,83.75755218807355,24.908238465712092,25.156228025011472,0.8880406614111567,0.7327089731687105,33.42554580039457,WATCH
2026-09-23T10:37:09.571858,76.86100862087169,85.35746015593675,60.32560533400924,77.67700089062913,98.09362613431071,80.98671333879649,25.037362332217697,25.304965115266643,0.8616170826706129,0.9124848736033887,31.005609083937742,WATCH
2026-09-23T10:37:09.581858,85.32234869766098,87.82421038084904,75.88795496595863,84.62624144832012,78.55757695084543,95.09636597999292,25.658797622772674,25.38233935410273,0.8504715168710995,0.9814455163872253,31.262055201231195,WATCH
2026-09-23T10:37:09.591858,87.8408531105874,81.06115696994134,88.18422668196835,69.84681168278968,90.51838641056924,80.0954698817995,24.766956083108468,25.939236727142223,0.9792337796966022,0.8167488713530969,31.008507478938363,WATCH
2026-09-23T10:37:09.601858,82.37754760720634,87.37610067239603,68.51770323777123,78.20939668060494,92.35406203836126,88.9493725042294,24.712078000942647,24.143892474511656,0.8648929144701033,0.7995481178614654,30.791463513518693,WATCH
2026-09-23T10:37:09.611858,75.22859222294116,85.30656849726492,75.35383997749535,78.79959303170949,91.23087017550704,88.4539967898671,25.10019643682906,25.07595335133373,1.0135824027079234,0.6795271960370446,31.73770867152632,WATCH
2026-09-23T10:37:09.621858,86.29988780315557,81.5346722009305,76.84311994397066,75.31542318108833,85.65511422992037,86.66359162748836,24.665338555607924,24.378474604014045,0.8639126399463579,0.8765852209481702,30.465852383034235,WATCH
2026-09-23T10:37:09.631858,92.6961387958651,92.84421010610717,79.27397018587986,77.7249205143839,87.55744577639287,95.73927760917019,24.298305771754137,24.792617393050598,0.8376756387303818,0.813932676014081,30.63909144936383,WATCH
2026-09-23T10:37:09.641858,89.69826950644675,80.21000567098345,75.9520188803819,76.90256688635418,93.00117614642798,87.05998001479091,26.19082250063639,25.42222433913904,0.817816338913214,0.8375825622185807,29.559922890245836,WATCH
2026-09-23T10:37:09.651858,69.7495982552804,83.31810692273757,75.26759431416055,71.90185066131404,101.37724527494176,92.46401219995397,25.715580068157525,25.7260605182213,0.9998072892489962,0.9010319311146697,31.17507651378574,WATCH
2026-09-23T10:37:09.661858,91.77556218896132,83.58926183257056,75.56104803210502,89.45731313403515,86.56384573978414,85.36357419418019,25.504010509742507,24.94629175093,0.9530702434485,0.757666605577969,30.966078818005737,WATCH
2026-09-23T10:37:09.671858,80.60359261493916,84.8537466667214,78.85696139997334,98.94969203434599,93.72553918449412,88.46968563386625,26.367187277564394,25.504421949441518,1.0080982840763948,0.893161815659906,31.284627883210206,WATCH
2026-09-23T10:37:09.681858,82.98438950534214,79.0335160912806,70.99287479151864,69.74144313805553,91.03692294806443,86.91045897749913,25.019718553917865,24.615961249822863,0.8751650119187483,0.8666758698384688,31.57901043844758,WATCH
2026-09-23T10:37:09.691858,88.41136787561123,84.3184555170819,79.93909324980551,64.38993428842343,102.82274149874652,87.3559067625421,24.71893343752485,24.959027232025203,0.8238566305904573,0.8509831205670285,30.104914452870858,WATCH
2026-09-23T10:37:09.701858,84.1365284909548,86.06546670434344,73.24093495699839,85.77387450284338,83.67409162489311,99.78344106138115,24.59141895165987,24.664527612403827,0.9782087569672345,0.8024462633254906,29.943702929076338,WATCH
2026-09-23T10:37:09.711858,84.36170908555482,80.5377001210058,87.50833521835746,76.82074131430771,77.50015786152817,80.67381655346712,25.420309638098747,24.286571608219496,0.942606569969668,0.6580640101142755,29.578812895786754,WATCH
2026-09-23T10:37:09.721858,85.55474570993519,93.76801684210015,66.67739890749054,74.96141540884078,91.98490314121976,94.11443798428388,25.057309664314392,25.506078867201524,0.9137825387254681,0.7107944467570887,31.432461671963896,WATCH
2026-09-23T10:37:09.731858,92.06926685681006,89.45831617979438,74.31635809073461,71.27780006306644,101.46580949515744,84.50716218116408,25.84458347767969,24.774185098672923,0.9373206331135755,0.8474078280056373,29.027189993313993,WATCH
2026-09-23T10:37:09.741858,73.90346054163612,81.23905336571814,70.88044511875296,80.96053832003528,86.54449349322425,99.90336767455051,24.741763002873746,25.276822494923433,0.9901624866049116,0.6742412977863161,32.10753894735605,WATCH
2026-09-23T10:37:09.751858,98.81801816706172,85.34978596831579,59.17749650471369,84.21644309274717,84.31256178769289,83.75368854620679,24.272002255085905,24.662748106205626,1.0091987138108947,0.750902943304115,29.52861995084174,WATCH
2026-09-23T10:37:09.761858,73.66196848216097,89.42506294269718,82.71733791620402,71.7470633125519,98.1384784744669,77.42064401837376,25.190663734393574,25.27715364182763,1.0420465605476688,0.7108319682329912,29.2676681256684,WATCH
2026-09-23T10:37:09.771858,96.72282953850466,84.18141545390235,78.65281449324412,73.96482465468958,88.73572593762563,74.89345130125209,25.18911982243129,26.123574617683023,0.8010960471533656,0.7960046314215254,29.74208073915132,WATCH
2026-09-23T10:37:09.781858,86.01159337166526,88.28607664650117,81.35159915372732,75.8883896634669,79.01246955106294,83.17135421195074,24.329137251862672,25.319989075277764,1.072922073971733,0.8286528418353808,30.02571310830326,WATCH
2026-09-23T10:37:09.791858,91.1806292144977,79.42725147758559,83.56454302895689,71.7766665328546,79.52091754122587,86.17387233470545,24.156679837403253,25.046566743798724,0.8610213455066537,0.9633086074657151,32.127657034586974,WATCH
2026-09-23T10:37:09.801858,80.66056504895717,73.63842296659568,87.98943986238439,86.88539175517485,82.72898410217718,85.4927505142899,24.881688356814177,25.028872621052685,1.0793078799193807,0.8262339879708004,30.035994747011486,WATCH
2026-09-23T10:37:09.811858,86.27199552685289,77.255941677704,76.75056293771664,78.30478810749347,87.36731126006448,94.1884960425179,25.349778282177088,24.491326526562126,0.9529587740089169,0.6512622034480864,30.47619520291957,WATCH
2026-09-23T10:37:09.821858,80.8757465397644,80.48783925286097,74.96336822545982,68.91629219104982,104.43833891688004,101.01914249394338,25.499564860359087,24.933844836155664,0.9564444118499742,0.9614088614318878,31.222357979836833,WATCH
2026-09-23T10:37:09.831858,76.54332694008228,86.62651088081799,85.18703319433918,84.12997283960205,76.70024296905602,97.30852858790213,24.962194773630998,24.404463382819944,1.0003113606410217,0.7429601358754246,31.845327291249173,WATCH
2026-09-23T10:37:09.841858,89.52228182244775,79.40775753949123,78.96436505552806,80.41754917346763,102.40067342151018,79.30601305436912,24.090562750780837,24.43376610618288,1.0000653181398649,0.8071470324835845,29.93457295248931,WATCH
2026-09-23T10:37:09.851858,80.81396132877059,69.07298370118083,56.88931899403255,85.73767805211533,95.30040152754609,83.68799636311823,24.530127889102975,24.854737903292424,1.0071717144784667,0.7203071123820952,30.24764871653442,WATCH
2026-09-23T10:37:09.861858,81.13192413374334,74.7238058229771,79.82322947904638,74.79675292849913,82.86360341034957,95.53566973154697,26.222868914804145,25.256141891004443,0.9724508870422808,0.8579964171981556,31.03455928607059,WATCH
2026-09-23T10:37:09.871858,83.12967407617305,71.63276614159498,82.47368025780429,72.9179826516407,85.36938159126161,74.34681956438791,24.568645322390335,25.312537977357753,0.9350337084963612,0.788936226047573,31.788913422478092,WATCH
2026-09-23T10:37:09.881858,73.2860210844401,83.76201800550875,81.11294866903208,69.13091745180508,91.38684052074224,97.69006216767997,24.775075355860878,24.951975437331228,1.023488735257723,0.8363741532694283,31.22920365460014,WATCH
2026-09-23T10:37:09.891858,78.9916979166173,79.30055850436533,58.72698046637711,83.39944196440392,80.99841488243028,86.65483840607443,25.191621318232663,24.995881882719953,1.0253885679980546,0.8115081331594851,31.087803829353593,WATCH
2026-09-23T10:37:09.901858,82.60443057197243,93.4139117477918,67.35658145397834,72.49070269006228,88.33882558653166,83.52563355609158,24.596219864583784,25.991500642541975,1.0162769968733931,0.9872279495364389,31.75166897046252,WATCH
2026-09-23T10:37:09.911858,93.33402825960214,93.53820270687503,66.7202455295644,84.36415711960932,84.34168686959102,84.00783588967863,24.964426929994005,25.99710180788557,0.8551826312849148,0.7397630393870815,30.54937283612918,WATCH
2026-09-23T10:37:09.921858,97.26249245171121,97.68207211935686,76.66766120471146,72.63587399428415,102.78333571618873,74.58021024946166,24.874312936830297,25.368132484437343,0.9195870425352796,0.829189384243387,30.83391571394127,WATCH
2026-09-23T10:37:09.931858,87.85839384313067,90.45261906919612,79.00292446195937,81.13268768537812,87.64726316511447,95.57588473907084,24.02105025433961,25.912204319863775,1.0320077180269078,0.7698870889358492,31.275193033834537,WATCH
2026-09-23T10:37:09.941858,85.84563373076011,78.44864115790611,75.11403919178547,75.15892479001984,82.60881828318107,86.15205243778912,25.516117553542472,25.587140550338535,0.8253777985357545,0.7571457048783029,31.104090036792602,WATCH
2026-09-23T10:37:09.951858,83.81667478703828,93.48079222517268,87.44651384792238,77.68308485870497,87.35080965661584,95.53853430704903,24.888795947297414,25.070269560683617,0.8593723815875636,0.844655971996703,31.291393354551357,WATCH
2026-09-23T10:37:09.961858,69.73418435918354,78.7266315477813,74.84809010117014,81.61668348885786,75.69193878863508,87.19632067184634,25.096815899276674,24.323000916115593,1.0117144115013004,0.7785094637969975,29.84040604003481,WATCH
2026-09-23T10:37:09.971858,84.41188451549624,79.66054890938287,83.11861460565089,73.91753389036144,84.37170498305304,86.7833646074916,24.802197479882963,25.51172348721278,0.8420240881694361,0.7635107464818165,30.679661573363543,WATCH
2026-09-23T10:37:09.981858,89.06688760282366,81.63807258502632,70.92089890708625,75.30685739326357,88.01431566220732,90.58980220879117,24.406971293699353,25.834275281193946,0.96536987934296,0.8338970577329069,31.61438568128491,WATCH
2026-09-23T10:37:09.991858,82.30117595474167,92.22537706340269,78.99433539549115,68.58228339515094,92.79130248850721,79.75142211226456,25.32917682685714,24.990558124103917,0.9918713187920913,0.8439115552849916,31.766721937413866,WATCH
2026-09-23T10:37:10.001858,85.45110410880328,72.6343717024329,74.95167918401816,80.55866000974105,92.88464041803516,91.82439325134916,24.093832414586863,25.076711533778337,1.0026706028426948,0.7549850391797791,29.494066692205934,WATCH
2026-09-23T10:37:10.011858,81.67948113436066,80.41582040255041,84.43686589159663,84.22236893834524,83.47587277160905,78.46746118439084,24.637143330149712,25.67058922781939,0.884745115589356,0.8247671251805322,30.970546760299136,WATCH
2026-09-23T10:37:10.021858,104.17963146203431,97.06475982012964,74.05434190778985,71.91363441397499,69.94953975471694,91.68769576677079,25.296254125591673,24.829819885440177,0.8221148594958138,0.889400406760858,32.47782207892596,WATCH
2026-09-23T10:37:10.031858,74.77504991503083,86.58070126496837,85.14083918020333,81.49123213225505,90.40804261580847,74.85263988026999,25.47857344795163,24.691481437492122,0.9730549956261476,0.7885089279654448,33.03203907795104,WATCH
2026-09-23T10:37:10.041858,73.32475964769871,83.74322261231039,88.01423798188495,84.90322578439692,84.3617656808716,80.72461735593386,25.026761814646196,24.957138193882734,0.9497221748901392,0.6915386215258577,32.00518928929628,WATCH
2026-09-23T10:37:10.051858,82.70316896673378,82.97935314031533,77.8220466910469,75.67207854525333,79.73531731304064,91.8392370547502,24.043764078992407,25.712780688540384,0.9030730977404507,0.8393971030709609,30.05275765361959,WATCH
2026-09-23T10:37:10.061858,75.31018782547518,75.00587544053457,88.60724486783815,77.06957266034225,91.48901135086058,88.54466167617949,25.358081158434754,25.436846760125718,0.9578167909563582,0.9028607830759596,31.711749791306566,WATCH
2026-09-23T10:37:10.071858,89.79062237628892,83.25925546260936,71.99640678285529,79.14705457099703,98.05593576927743,90.28403132115679,25.578229212539842,24.868974004396886,1.0211315773342662,0.6026940575717189,31.363004023437426,WATCH
2026-09-23T10:37:10.081858,77.5698184645392,80.7748463822839,68.59456432443669,72.18118803998624,94.25890142884798,87.27360643599725,25.809194148616402,25.202429063389136,0.8846306130636356,0.9354930696558941,31.721508159917732,WATCH
2026-09-23T10:37:10.091858,90.14198702495092,84.47600634470102,65.28612937745623,83.94762028443486,85.109754048744,101.39363366274615,25.181659803062907,25.049984738708126,0.8350427377282785,1.0347807271802978,30.50889962846472,WATCH
2026-09-23T10:37:10.101858,89.31249375284607,79.89222054508328,70.16805523605603,70.66133888555603,88.87954023756646,85.54161096472974,25.373294270101614,24.822851681921453,0.7500352261256955,0.6197485532606899,30.264423938529735,WATCH
2026-09-23T10:37:10.111858,92.16957024726547,92.73135358153819,74.84638288508951,72.94025566943249,89.31694517301614,92.93677099539507,25.448094950642897,25.06523536662004,0.8823906768937758,0.7568070197014058,32.32645187580204,WATCH
2026-09-23T10:37:10.121858,95.66354910921777,75.23585550283293,73.16313728393904,83.20442497054502,75.72554438400245,75.41424412762662,25.594441828103864,25.60383569135781,0.9030821108670346,0.7552750112775913,30.54017297806512,WATCH
2026-09-23T10:37:10.131858,79.52912028762438,68.51892454789198,71.69700552382578,74.579694167344,104.13125834894049,87.50260268298928,25.098622913276095,25.514005426490186,0.9607985279021344,0.6709764109000682,30.531218836347218,WATCH
2026-09-23T10:37:10.141858,90.61175172408268,82.80129026850487,64.96386672586942,94.38206378418874,76.26847751243001,81.41938370697785,26.61985347883425,25.255907405757284,0.7705983603878144,0.8292158083766303,31.42033422877438,WATCH
2026-09-23T10:37:10.151858,87.97997719975825,84.06446115083477,86.13157155133989,76.28254387070061,75.41011235958713,85.93472848806996,26.117474931649234,25.052377794295662,1.0593269544714754,0.7863160942318457,30.905410334871863,WATCH
2026-09-23T10:37:10.161858,88.98961414762948,72.67158938438521,90.99903305174661,73.92929136352564,90.28846933521399,75.52979117774886,24.705058743729253,25.802405502708687,0.8224113913463481,0.7776004270505473,29.54892055263225,WATCH
2026-09-23T10:37:10.171858,79.00101594128161,87.4814119904213,67.78617469693219,68.97729831808577,92.85820145825349,83.1978210856793,24.561920725871648,25.390769159818166,1.0122872563293845,0.7833795451741518,30.953720295967237,WATCH
2026-09-23T10:37:10.181858,87.30374679780812,83.02588363192181,72.19154802612024,84.76957143003686,89.38848699766676,99.36801675669399,24.269272292709733,25.765955256846485,0.97591210233511,0.8436125588543543,30.58452761734428,WATCH
2026-09-23T10:37:10.191858,86.21650339666893,84.0185921080445,86.18474610384717,86.4538705376852,92.48072543013338,81.8369986894873,24.91212698841639,25.019097355259877,0.9199896073744815,0.7783565046482085,32.12108132852395,WATCH
2026-09-23T10:37:10.201858,76.13527828788267,88.57186970715846,67.3354189978571,67.50650355419603,86.07894656895114,92.49621266551274,25.087830517426823,24.418830707399056,0.9744127902754907,0.7523803976318219,31.096740262370204,WATCH
2026-09-23T10:37:10.211858,84.23995159298138,80.98106054096831,80.3766213760626,77.42760593797222,70.80901080449962,89.11038108835493,25.376305635704643,25.12728090623018,0.9007627580297768,0.9377668622856749,31.7575658743116,WATCH
2026-09-23T10:37:10.221858,80.46347533562269,93.9342549636139,66.86389136594812,92.00253424414025,84.92939344184116,88.28082453840133,24.575022830739503,24.906191059348,0.8502843298507266,1.0455908295601004,31.886068415451117,WATCH
2026-09-23T10:37:10.231858,81.5640932197334,87.19026711574556,68.22029394186468,74.98580688637291,91.2831256283404,90.48943319239957,25.471351550262963,25.05772308256844,1.0692668037157897,0.8099048602212817,31.5496284471689,WATCH
2026-09-23T10:37:10.241858,88.33686470708203,70.46799161527483,74.86889628035588,82.2804517445796,88.57633407298754,89.27082811901579,24.28097704496441,24.130450839996282,0.9633841715734482,0.8759353117081674,31.193881579100584,WATCH
2026-09-23T10:37:10.251858,85.4621662958419,87.14164097727557,67.58490542474554,66.16278202234383,98.86471433852702,82.02279605614085,24.37033857215345,24.786130652437855,0.9161254829059283,0.7835229664497008,31.56068390092627,WATCH
2026-09-23T10:37:10.261858,87.72640606012779,85.24695250760782,73.70075302633371,84.78005972329855,74.76729950038066,82.46255573865004,25.39042502933812,24.7352856964479,0.9036200949527785,0.8621357044686067,29.86868603687952,WATCH
2026-09-23T10:37:10.271858,91.05804053780004,57.88593342796074,79.36375647034151,82.94851291035353,88.1761025086757,91.2569666756209,25.33356070888899,25.34084451906758,0.9143481821648393,0.8704925030084018,29.873658660619054,WATCH
2026-09-23T10:37:10.281858,78.21520007442655,81.99523950520057,78.45316605579362,65.24243287700178,92.57593119438249,86.21838687761777,24.35088600309908,25.367621042256754,1.0249786984621077,0.8395246574950094,30.570450155960607,WATCH
2026-09-23T10:37:10.291858,80.68367479358982,75.19830261539595,70.48147699707555,68.50664990500084,88.87352730972499,97.53024386202854,25.009335570708686,25.26672922648884,1.0207831285556388,0.775089385196404,31.383986129848598,WATCH
2026-09-23T10:37:10.301858,94.32050888598408,94.20879927686708,68.04750631149795,85.79683808352989,86.21033501359373,95.1403482868359,24.522509485212826,24.957517902885698,0.9844553559447118,0.7837943670915255,30.81124454925626,WATCH
2026-09-23T10:37:10.311858,74.58044591935796,69.64734989723421,65.63724789952988,78.83026321743151,94.49287340437553,88.38644050820972,24.20828334654768,25.268394973082163,0.8923314492920603,0.8251723408723076,33.548864605201274,WATCH
2026-09-23T10:37:10.321858,79.75212459760004,74.6913608382273,83.47963094697454,73.64284373871835,94.38749896858928,89.27832659772194,24.79951744003241,25.788530295957617,0.9568201085758382,0.7077558624087605,31.101348288687653,WATCH
2026-09-23T10:37:10.331858,81.06885910273152,78.1885953073058,87.29125781554097,81.22655743125088,98.40866771615391,101.32698602502026,24.412461807040746,24.34969246061017,0.6631370160195715,0.706042204266133,31.45731008117918,WATCH
2026-09-23T10:37:04.341858,175.31904500538312,177.27456563696185,171.01089438807327,182.1334519404328,197.41327469049102,172.536451604118,25.618651848334338,25.618819905478468,2.04554200726594,1.9718834355973858,31.72955207328039,INSPECTION
2026-09-23T10:37:04.351858,167.43599329125124,160.34673719821294,161.39849298955525,187.13757190155718,195.77622346864428,189.42466196996176,25.097761331914985,25.222958274713875,2.0414525647073165,1.6505762830163113,32.16981951872858,INSPECTION
2026-09-23T10:37:04.361858,182.9704169829841,173.54158742002642,155.585725124384,160.07532130978748,172.82264221161606,187.95822716483076,25.21915811750178,25.250113036530422,1.751975114248435,1.9214115896121566,31.669140174853826,INSPECTION
2026-09-23T10:37:04.371858,177.03229158724272,192.9297795791339,181.9145044396611,160.2359858205353,183.70556460140975,166.5387630443939,24.959019609721565,25.177739575984827,1.955886658875185,1.874175454686201,32.56000003894913,INSPECTION
2026-09-23T10:37:04.381858,178.81808793441505,177.90127281741889,184.55240343342368,173.5922351259472,171.9839519550061,185.90992615576224,25.5446454373394,24.64628955919298,1.5755487636255077,1.7970427784405238,32.444558616465315,INSPECTION
2026-09-23T10:37:04.391858,188.99896571153377,171.67653471361945,157.26744497189242,169.33138110344674,198.76287681501464,172.38521297076983,24.50394797086069,24.497746891337734,2.188424232077865,2.059587460637393,32.81629560167223,INSPECTION
2026-09-23T10:37:04.401858,203.13117445693123,169.74431549178104,179.02657898620285,180.6395548666609,191.79419457565976,203.69882467452007,24.445526923638717,25.33865860070158,2.1349651189802055,1.777012264600739,32.30063940244271,INSPECTION
2026-09-23T10:37:04.411858,197.70648710793947,181.59805008348576,166.3993443075122,166.2337963427654,214.97845748442063,192.67778094670834,24.17072347523003,25.272812912459784,2.181043767171757,1.8435146332177743,33.0238530447703,INSPECTION
2026-09-23T10:37:04.421858,200.41621918824706,152.07527964124222,172.95924795310688,161.68323098499744,190.92742445548006,165.6911324987897,25.435336845981944,24.982000227450538,1.7110978646622819,2.322667343971888,32.97678939201848,INSPECTION
2026-09-23T10:37:04.431858,170.6482622717965,186.34103770402848,149.53090409845007,162.1625682661306,208.02889149079112,150.7779906202217,24.098671970811044,24.965523360029685,2.215358632370203,1.8431219867939932,33.01434117071318,INSPECTION
2026-09-23T10:37:04.441858,194.05455177584304,198.65854184846205,148.3702040942379,161.1606567360199,186.5209637844525,179.25225898244582,24.77283640253792,25.1506611799143,2.206395574679625,1.9075425163733681,32.88857493149315,INSPECTION
2026-09-23T10:37:04.451858,194.1247135385757,166.38063096482267,178.1246454766382,167.09059348757899,191.25635414790528,184.08786195291015,24.848217542595147,24.770917213963738,2.0491074844345603,1.70324079584372,32.33814082075377,INSPECTION
2026-09-23T10:37:04.461858,159.79373550108602,175.99235040508074,166.22688303406906,180.45879162717927,201.02282227383267,184.2069819229142,25.066622025221015,24.620051584735837,2.2879262993417444,1.620403113372303,33.17400359582127,INSPECTION
2026-09-23T10:37:04.471858,188.68879648026524,165.4504272069462,187.941273777024,155.72748340683205,158.1196455433473,192.32399503253086,25.809812167652453,24.84539403335435,2.224905705742895,1.524912170242376,31.389279458824774,INSPECTION
2026-09-23T10:37:04.481858,201.33459912099588,165.75466376863307,164.83089973403563,168.66668032880895,219.04277149675644,160.60757958981876,24.90591074410692,24.449888152154735,2.138677356145194,1.7651394546677168,32.544947646969774,INSPECTION
2026-09-23T10:37:04.491858,170.61214524344462,165.69295228422388,153.9787689368519,174.99476982746884,205.8108674534878,175.46510749813532,24.95887245162674,24.277548705038694,2.088338747503707,2.447786080396578,31.04943549170813,INSPECTION
2026-09-23T10:37:04.501858,186.9147571963842,183.80180349929415,146.7120034830841,176.62209185139068,187.83688049742716,186.23473944693583,24.289529842816098,24.67982271608577,1.8706270951597561,2.190628018450343,31.20221515760783,INSPECTION
2026-09-23T10:37:04.511858,189.31765480512814,174.70869613499266,163.16971650320346,175.51945874042465,204.99958427434532,168.10107105116543,24.145828798477982,25.19159824165507,1.6448209155993556,1.883300645413437,32.041662960522444,INSPECTION
2026-09-23T10:37:04.521858,187.4625507939789,178.36177508980123,166.86849079117903,163.37886694055337,197.5265161932724,156.10401464041252,25.6190143770121,24.496633336121068,1.7648791714854724,1.873305936645506,31.88560978736894,INSPECTION
2026-09-23T10:37:04.531858,194.75785821010174,174.2378681524857,196.02545998219978,162.17707938025026,182.28274748442863,182.2705576252437,24.47583062921314,24.375141994520057,2.07885863910199,2.249670641424423,32.25377166959022,INSPECTION
2026-09-23T10:37:04.541858,200.70097902422788,210.70936868007232,153.15190680645304,166.9374974008742,181.4926668392698,160.90214480838202,24.840772726103168,24.536722920353064,2.1707033228281896,1.6706137909688508,31.955181540206056,INSPECTION
2026-09-23T10:37:04.551858,213.48859226445853,198.72786674620775,149.42713069384394,167.85298997887955,183.06570311196717,215.34363307420725,24.897554820755325,24.851844331653584,2.3113892500715822,2.2805471108268556,32.64476177494112,INSPECTION
2026-09-23T10:37:04.561858,192.75825848829422,191.5703352012954,165.453932052823,164.69988573756356,175.38980746046704,177.91811211708932,25.692060869135098,25.224472438560007,2.006591653397279,1.8945468362367262,32.698035469609906,INSPECTION
2026-09-23T10:37:04.571858,188.47319254605208,161.77372830201213,173.5862115921734,173.40769697927732,167.05042882346038,173.45711089400262,24.26840155799453,25.953132429692747,2.1509885537891735,1.9505558482303322,33.191827417809115,INSPECTION
2026-09-23T10:37:04.581858,158.62847184107184,173.71323169211985,164.5591122333971,166.7934600708019,184.81305032321026,187.6321984787045,24.920823746043755,25.390405582590645,2.187811067895258,1.9797008651296033,32.7153671065056,INSPECTION
2026-09-23T10:37:04.591858,171.52705676337823,164.06271154463542,144.02396930798827,176.17306047972517,204.82772938455693,196.39537533559067,25.36277314018919,25.088082977366557,2.168753801004739,1.799292594212354,33.074996963315314,INSPECTION
2026-09-23T10:37:04.601858,186.8519669815753,194.84395759614281,192.03993568884653,172.0464371551799,171.9513943114609,180.65729692172687,24.952044616166024,25.236561810264785,2.1182470053308844,1.715713573696851,31.966331621731698,INSPECTION
2026-09-23T10:37:04.611858,186.5409284055509,178.7051016330551,163.53962110338918,186.22157520663697,167.9178335081176,173.57537659513258,24.575067907979147,24.395970305777475,1.8093824344002525,1.8177118060862618,31.463766838511482,INSPECTION
2026-09-23T10:37:04.621858,175.20563388444157,159.6808999305117,176.3267864897788,178.9817217580269,152.59545859548885,209.06136077082994,24.479249760876744,24.942975256873797,2.2238968741753404,2.032768430923045,32.45676001295335,INSPECTION
2026-09-23T10:37:04.631858,166.88144886828584,159.8476841253309,180.37692476560792,152.43580696602007,182.0417362834437,184.96743701044483,25.155499982676066,25.54489956767453,1.7672675046159312,2.0188577963959253,31.32452257809096,INSPECTION
2026-09-23T10:37:04.641858,190.1381191882391,173.6571322313202,169.1750602414801,180.46639576562114,165.62298133884912,177.13906033686115,24.525170920459278,25.25339108797583,2.1129793912067663,2.0554025073492284,31.511633378977784,INSPECTION
2026-09-23T10:37:04.651858,188.3359252933511,175.34906819362772,182.53176003471557,171.83571454362306,167.25205635880837,179.00546812317907,25.485245523635424,24.880142498741534,1.925019390302133,2.1572886379173335,31.130706121835296,INSPECTION
2026-09-23T10:37:04.661858,177.72405578840312,178.8400867914989,158.75006033384344,156.42725872903694,183.24925786525208,197.69110098607675,24.349552082766618,24.79741945790904,2.095764822757234,2.254583007356579,32.018775970956945,INSPECTION
2026-09-23T10:37:04.671858,178.31561824593174,178.2975840107978,154.36356841640261,182.30488649729938,208.44447574028456,192.87084923983377,25.75485353750815,24.42014504945769,2.1091480600349115,1.8077339481694081,31.386778408514825,INSPECTION
2026-09-23T10:37:04.681858,193.0829916228425,181.11951673959226,164.69610761639245,165.7450187922488,171.9919866385266,209.67267696699383,24.709827148331545,25.306613185917435,2.115817030356341,1.9915926287852872,32.37204181463519,INSPECTION
2026-09-23T10:37:04.691858,164.12204173843395,187.18221447616042,189.81679394198443,154.9077193575677,180.76182280658637,151.22564377146293,25.18301140821042,25.391329237695945,1.7612789183727782,1.9138643701786262,31.291634090342036,INSPECTION
2026-09-23T10:37:04.701858,199.14574267686353,153.29144157131128,185.27227600078874,163.43158763141258,151.93044488249083,188.4931585930535,25.236150713211963,24.923477327605383,2.170769490245202,1.737236858364638,32.33346800698451,INSPECTION
2026-09-23T10:37:04.711858,186.06256105565626,172.60519167632233,147.65870141312368,177.03075134943958,180.27879258566762,183.00893494556556,24.825089418536233,24.80532195566434,2.0293773523894805,2.2358837523929367,32.831699112691155,INSPECTION
2026-09-23T10:37:04.721858,177.45406986351958,163.14642922805766,171.25882821219403,186.87125357572515,153.6608676761203,184.19719781526405,25.451513130748893,24.897023445507102,1.788922770085461,1.5735636151524286,31.61036715949688,INSPECTION
2026-09-23T10:37:04.731858,164.75370947294311,150.2120571699201,168.82792070498306,180.60049689871352,162.34127513204817,210.76744568686055,24.333158988284218,24.710563669297144,1.762331696546428,1.7081393420011068,32.153565675055425,INSPECTION
2026-09-23T10:37:04.741858,175.99514204338527,159.49247477214703,166.66943282842675,157.93356794777645,172.92602033234277,185.48652224164263,24.373598274736466,24.499734583585113,1.7176811796466027,2.1731471766899553,32.59091338516569,INSPECTION
2026-09-23T10:37:04.751858,204.509346563494,195.61926601983305,166.67205195509203,165.235264186994,191.61648894229052,187.47768960858127,24.636695915755666,25.483233837074334,2.22895465969654,1.8212464718806842,31.13297890313921,INSPECTION
2026-09-23T10:37:04.761858,183.97499091465966,154.3955009143654,172.33951919898314,167.9766601268045,195.34627545461322,165.1849254508008,25.024035653463056,24.62690743854457,1.9766921002542497,1.8770504840136182,33.52372734341403,INSPECTION
2026-09-23T10:37:04.771858,183.07010750944485,163.90525924803163,166.22109253711304,175.61485699821614,187.28382907473136,160.5643400726102,25.032158370237774,25.822278478832786,2.287374646010633,1.7429405417084745,33.45534554060212,INSPECTION
2026-09-23T10:37:04.781858,184.6760031704281,178.22886488809107,158.2723788140684,144.56913668692448,181.72657676166446,183.82486532696748,25.495826363571183,25.103319949495503,1.7046049992875156,1.7819161027861354,31.064128120022023,INSPECTION
2026-09-23T10:37:04.791858,154.68206686422036,192.07710119138227,156.2980989515502,187.58224074569168,159.59781009318772,185.79978900722972,25.419276616374944,24.210072868065552,1.9849000257676699,1.6334636374612974,33.64946606258475,INSPECTION
2026-09-23T10:37:04.801858,174.2071876509776,170.78443132797256,152.7452117282664,164.19048190220042,194.60451976043845,188.20495354850453,25.050365623982113,26.06317075750344,1.793619315917958,1.893050449575084,30.691711848784976,INSPECTION
2026-09-23T10:37:04.811858,158.139614618903,170.19058328142532,156.98382962838642,183.69983786128103,210.46122616079901,222.89356800421757,25.884642459904573,24.726900249121556,2.0035325052837187,1.784683305105902,31.123440033068402,INSPECTION
2026-09-23T10:37:04.821858,191.00118650387572,189.41551485696309,159.47170952028685,183.86657110376947,182.2627651918559,213.33039121559912,26.21786260945059,24.13422267596519,1.8950962627680739,1.9012787892278782,33.82468308113283,INSPECTION
2026-09-23T10:37:04.831858,180.4495285428309,165.89221803232948,146.86196003366123,168.65372728365494,182.42654323260018,178.29083209541025,25.100822108833317,24.723435779854572,2.312225577878466,1.9435562225634884,31.14981939195172,INSPECTION
2026-09-23T10:37:04.841858,163.73329888143363,164.78714123949982,160.69413568934206,176.98504647310625,204.10370262411482,206.0741348228092,24.410778177657953,25.42446041999592,1.9475315380051315,1.4922306536887877,31.77910755584089,INSPECTION
2026-09-23T10:37:04.851858,170.59812665325563,178.12616407380017,190.55165478601822,184.7897052715864,157.8028005829148,164.58759031227967,25.535586712509385,25.16604633785969,1.8837358947455143,2.3345544998658943,32.17599465118704,INSPECTION
2026-09-23T10:37:04.861858,183.89673299333666,176.45469608103664,186.0544600819859,177.19602918060707,180.29594840180877,179.07062528663857,24.76944941582884,25.085685027785235,2.475022748852638,1.910601777597953,32.74642143395928,INSPECTION
2026-09-23T10:37:04.871858,165.30211327394935,192.6238279877936,169.08221918277331,178.6367194958527,183.80106433964286,178.1824341289456,24.61640852229922,24.474496778890234,2.354907003175077,1.798217880495587,31.62958667891429,INSPECTION
2026-09-23T10:37:04.881858,171.44703880968606,155.91589550065808,168.39025754488623,196.99367584999223,179.23567690104053,161.54791336011044,24.81323478604734,25.10705989711977,2.0254770210504174,1.7014834649961612,30.597519574561435,INSPECTION
2026-09-23T10:37:04.891858,175.46533216825648,147.70485013529267,163.37186263604082,174.1435558438531,191.28741382543674,169.99918514379002,24.54516811649763,24.162784162807704,2.4683780896931973,1.9117723227923167,31.15220195285991,INSPECTION
2026-09-23T10:37:04.901858,157.57738225631434,180.92807228119855,164.46317983268366,183.27056720103087,198.8566396168855,182.32619114852514,24.960709191620705,24.808406985800197,2.330961601753578,1.2815974363798293,32.90226566958149,INSPECTION
2026-09-23T10:37:04.911858,183.14470469448267,165.11978376097218,162.51497278898304,171.67024040062694,173.9630545138639,192.33505813051985,24.594157419210763,25.616109547860255,1.8837836873017835,1.7783843648922195,31.438012581021788,INSPECTION
2026-09-23T10:37:04.921858,192.25842499410675,189.72500124827008,184.83308091753466,168.43100634944577,195.0197204549703,194.10104786439476,25.196812351143553,26.811979224473447,1.9805209398312063,1.7133924189927507,33.588409551801064,INSPECTION
2026-09-23T10:37:04.931858,184.35631940292225,160.65779638901924,172.74119725533387,146.1166438656999,188.9743663546006,164.90606284561895,24.967431416356487,25.176764671683188,1.9244523352285803,1.542014683582886,31.649565644677992,INSPECTION
2026-09-23T10:37:04.941858,187.1159450884984,208.55804600063482,151.63888448333438,176.0386175248039,177.80214001766797,169.86368410879604,25.62106817610651,25.382104204641,2.253234657045886,1.6594810451110027,33.199742167513094,INSPECTION
2026-09-23T10:37:04.951858,208.94284772809792,179.15891095690526,171.22674346361623,158.57083528697348,192.2664031317643,159.10537172895098,24.92919939571677,25.773142972335595,2.0217853973302797,1.997795672631719,33.35062901943699,INSPECTION
2026-09-23T10:37:04.961858,192.91722475623916,182.70788277218873,167.9849054383111,163.33597130718405,164.59736683680546,175.32867265743099,24.64511328974528,24.29278225278324,2.007200622109648,1.8985067443320083,31.65920615786848,INSPECTION
2026-09-23T10:37:04.971858,199.19010531774066,181.95191319191196,150.53621280247714,178.33420263980668,193.2044692467449,169.67519504027788,24.601946741002482,25.25427365390946,2.14432034379943,1.7134474945726774,31.2926569334703,INSPECTION
2026-09-23T10:37:04.981858,174.56039367252868,193.13242349487044,170.81935157920546,184.165062053061,202.89705797478098,177.35587955271583,24.535230783058118,26.03649926346792,2.414969308605343,1.6665980619042406,31.562080443968206,INSPECTION
2026-09-23T10:37:04.991858,204.99046317561283,203.1270413434729,183.4631702616689,159.51919641701414,196.18481972002962,165.04625772342567,24.676658507394514,25.26198425373475,1.9684069285911783,2.2844672900799408,31.47107093894694,INSPECTION
2026-09-23T10:37:05.001858,189.3794673932902,164.67941395365997,177.3588947376332,178.15306509545633,191.46561428428853,185.56926522308035,25.604233575357103,24.912050237425913,2.3939623829528336,1.9995123008128333,31.808169347598664,INSPECTION
2026-09-23T10:37:05.011858,183.43141736139054,173.11522108474892,157.5059959450266,167.6800505679747,208.22558112760288,197.3283929121835,26.102802243984414,24.028131918652385,1.8427454444603772,1.7693735022932746,32.903957504756306,INSPECTION
2026-09-23T10:37:05.021858,190.39322732344138,178.361771787337,171.58728396508465,170.692085696486,187.55514966219596,189.26533180821923,24.966212882026408,24.717026385303008,1.951499996651392,1.8459397270329188,30.10165068973296,INSPECTION
2026-09-23T10:37:05.031858,178.71527250527583,186.72699212059098,167.1670172862209,141.51392290538985,167.79931102257677,164.46091130829979,25.41640055954612,24.07994200149618,2.5442503541123918,2.104843111236434,33.660831057746435,INSPECTION
2026-09-23T10:37:05.041858,171.35244192935423,180.6358203283596,176.2830664808661,180.4716110911898,161.6034319660309,202.7731457594224,26.228613370487373,25.10555461043414,1.9742904505054844,1.8693410890938402,32.51106874529328,INSPECTION
2026-09-23T10:37:05.051858,188.8176851711518,181.89826437102602,175.46431711067916,168.39137264845866,177.04713362386815,176.14800491945525,24.376411484069216,24.631692015979958,2.170357835661822,1.9751137046224678,30.630703509529862,INSPECTION
2026-09-23T10:37:05.061858,203.17341705444488,174.14672021157378,153.46218286770983,192.0816716375811,175.04816491459056,156.68833992293747,25.03384412953084,24.57475814872432,2.4805015422704644,1.7305374355512146,31.31095543378344,INSPECTION
2026-09-23T10:37:05.071858,191.36182097188285,177.9618078857665,151.1530189830612,181.1741031434457,189.50923847002593,203.7165445186655,24.49610937560124,24.724830990194615,2.1298822474278287,2.030619170786971,31.74020644452188,INSPECTION
2026-09-23T10:37:05.081858,177.32903054557892,179.83640000542712,155.6928311423647,178.65051066226508,167.2729299261724,176.3663189515501,25.206194597972,24.580581342259144,2.093518217901941,1.8052972558008753,31.98779179723289,INSPECTION
2026-09-23T10:37:05.091858,168.16145942441773,179.01651440901432,174.54108466773513,169.5335072961763,174.20738499506209,195.01151337129303,24.8275812555411,24.493653739561264,1.9383415124150443,2.011211616044072,32.87646445390989,INSPECTION
2026-09-23T10:37:05.101858,164.00126118422403,175.55073960788545,157.1291720517396,176.37609763097004,181.64245069847968,190.00749641889342,25.58513104878783,24.298789735522554,1.7596871939501058,1.9415333485507056,33.1903548429021,INSPECTION
2026-09-23T10:37:05.111858,180.51345042619906,166.31444133791425,159.32870031563667,172.52069716215453,163.48108577607215,184.76664594800738,24.31999471072697,25.185141498135273,2.3685911919830414,1.898287890416898,32.74764369570184,INSPECTION
2026-09-23T10:37:05.121858,195.73014780493622,172.5487709907818,156.0782987229186,163.766251395748,171.2771196905739,178.88075101493666,25.073002804109997,24.119059327166923,1.970501962507919,1.9635892966157795,32.25440930685058,INSPECTION
2026-09-23T10:37:05.131858,179.86869792256002,180.40130327377227,173.46322445174744,151.01463443721184,190.54298334675835,198.57697725928452,25.02846168913922,24.788066538826673,2.4389400458277555,1.9172744842824956,30.31649004923985,INSPECTION
2026-09-23T10:37:05.141858,158.8541328219468,165.50907060567602,139.8471511805687,178.72904943094062,176.71845123178844,182.51986276788602,25.42805229691161,24.92421034328878,1.7010479256853477,1.5611792505147073,30.68318579754529,INSPECTION
2026-09-23T10:37:05.151858,145.64492291611742,194.27147120300572,165.46386901213197,182.357220123758,187.8037247162346,157.99142120649387,26.35161016737221,25.107920436637777,2.035683815827046,2.1078401877292197,33.14430749961825,INSPECTION
2026-09-23T10:37:05.161858,226.87393949100144,176.43344183618063,172.59431525325704,171.11296328955572,173.017725824916,177.0520340910459,24.42438972757544,25.865367741600707,2.1431627723460287,2.0714450230007455,31.858873703283393,INSPECTION
2026-09-23T10:37:05.171858,202.66300021045578,169.8833604573967,157.2883473700235,172.2872456725667,202.20844281189545,197.92881313467336,24.345489445274286,25.338889924790557,2.330727637718133,1.885528201665474,31.5452988994829,INSPECTION
2026-09-23T10:37:05.181858,193.74492498424556,192.09832135614752,156.45991593803538,165.57369400663353,195.32331625144158,170.85862712548067,25.22179874413414,25.509474883336868,1.977448935706989,2.1522188081936195,32.526749402935316,INSPECTION
2026-09-23T10:37:05.191858,167.63442987508108,184.07785476752014,181.26878374902878,172.97932550332834,188.1208890422061,175.02221854858925,25.268968733234793,25.280284799171664,2.2963564815759367,1.8021124457920372,32.67278761577934,INSPECTION
2026-09-23T10:37:05.201858,191.15768386113393,171.72491071633863,166.36467238056989,137.10555312335043,193.33382509244402,155.3203990625759,24.53374466446455,24.528976617899737,1.9636832721314557,1.9721939119715393,30.85371166652985,INSPECTION
2026-09-23T10:37:05.211858,150.69017414641232,167.14163989741564,174.3742241028545,170.30807999097576,174.4352999473176,178.37859824186887,25.036096436603522,25.025191944263046,1.8924526182168553,2.0501329459706614,33.77981988043174,INSPECTION
2026-09-23T10:37:05.221858,171.35628375002108,180.05828282246517,153.93268016501224,174.20092712448727,193.25008026624806,181.88011874745803,25.373504634447546,25.226851794989184,1.491773016300379,1.9784418090059286,31.67329482250231,INSPECTION
2026-09-23T10:37:05.231858,155.04219312050373,174.54769543950695,144.6987191482409,169.74445144627447,191.93272258766555,182.07414649751348,24.879259709167307,24.988107962732343,2.1003511942114432,2.188390851262179,31.778177012750895,INSPECTION
2026-09-23T10:37:05.241858,178.02850634553405,176.58445361876048,161.96970570486923,167.10246204400195,179.3375470803599,179.29099460627194,25.18326234596515,24.677569089943006,2.0364832710236485,1.758275350114561,31.33434353675762,INSPECTION
2026-09-23T10:37:05.251858,170.80303710805953,197.17377290060477,173.86419250359523,179.65036755030934,180.3135687778587,195.1440191128662,25.090693303302167,24.500561996493385,1.8226543426475335,2.1312970751874034,33.44984156595572,INSPECTION
2026-09-23T10:37:05.261858,200.09687083576043,163.0087489471387,157.47549158967914,174.2124984831072,197.08863628072348,147.63119367112878,25.33264668203753,24.897134092219623,2.074095801514108,1.532262894272643,30.749720066728806,INSPECTION
2026-09-23T10:37:05.271858,176.29824345974157,187.42443755555627,162.26538347998505,154.3190890914943,214.1736756089932,170.07148112313774,24.39409920533156,25.449407662180064,2.0675196269612,1.981442415935731,31.073560243894068,INSPECTION
2026-09-23T10:37:05.281858,160.18753734797366,197.11518294169963,169.58133393355675,175.8873109617063,183.76611818522687,174.9688409370413,24.98101937916802,25.56425444189837,2.0231629906789887,1.6853546811926543,30.66448267961239,INSPECTION
2026-09-23T10:37:05.291858,184.2723576621082,196.97795788990078,172.46776831298888,169.29298009437483,188.20641405160822,179.45089854241965,25.37748647369652,25.48027951032995,1.8515621998081442,1.8234102711617126,30.608835059803408,INSPECTION
2026-09-23T10:37:05.301858,180.24760181781625,206.06751356885832,146.4404412083395,189.1490521684572,188.60629325367577,184.11921200153452,24.833110059614786,24.7603892646139,2.2284229151524335,1.8730696573719652,33.053560387676214,INSPECTION
2026-09-23T10:37:05.311858,194.5997432442443,168.3998000490775,176.09520766359154,167.59036682018206,178.23637617024184,174.1783775321922,24.50270912422999,25.75686769417037,2.3085355474483475,2.252399384983617,31.546942358851084,INSPECTION
2026-09-23T10:37:05.321858,188.7700422116235,169.41129782314425,168.07364887021214,174.96125696336142,164.52523770148167,192.05271112135247,25.14367230764935,25.08300690067618,1.8559408756395692,1.8969041536872646,31.57073967882569,INSPECTION
2026-09-23T10:37:05.331858,174.0626922261239,165.6215801879309,159.9899724965907,165.66225226057642,182.56407907379284,177.38825410721017,25.314977798959426,24.159059890096323,2.085220010979596,1.935249242932508,32.1532463348429,INSPECTION
2026-09-23T10:37:05.341858,191.75081204961586,188.6554276087,164.49367495727225,170.16023146676557,176.4187990027424,171.15419467483815,24.425348768512748,24.610222510745814,1.9745633102208342,1.7083803117352383,32.25270465973033,INSPECTION
2026-09-23T10:37:05.351858,190.84772989540755,174.1058245184579,166.57647874022803,171.29947853498524,184.87926301412796,184.38473422294214,24.519881992282375,25.130918470307915,1.859862357449629,1.6246195507355083,32.04875111665804,INSPECTION
2026-09-23T10:37:05.361858,198.80503767657268,158.84769697559554,160.9481266417207,180.29455545337652,203.94865688671234,188.86099300337372,24.451209673457573,24.989658041662498,1.8826537215843533,1.9891472174150187,32.14499822246442,INSPECTION
2026-09-23T10:37:05.371858,168.2421125194947,156.08160781724163,153.32309369746292,173.37550990631223,199.77073983690158,173.6409532310954,24.299161721718413,24.944375387467254,2.0721670056714947,1.8727091282882788,31.454576648777245,INSPECTION
2026-09-23T10:37:05.381858,184.5238218140415,156.81641990709485,168.91185297577655,172.703948276765,185.76304179532497,200.92636002340845,25.207576684448426,25.22715412803277,2.317855456667176,1.9999057114692835,32.605558616120334,INSPECTION
2026-09-23T10:37:05.391858,186.61068954542628,170.10789984710553,168.89910303935366,167.4714943119087,192.90951920639182,197.12583313962926,25.35929890792678,24.546670665460123,1.9449564069298937,1.9044327688395895,32.25214406199449,INSPECTION
2026-09-23T10:37:05.401858,170.55370806868729,171.91934114525674,162.07991673971918,145.38918047152674,176.42139454050056,165.89135472669938,24.882726217413424,24.297743601405998,2.066514865354277,2.2777991940683315,32.10080438498844,INSPECTION
2026-09-23T10:37:05.411858,199.30414401011274,171.85136322644752,160.5797258939673,182.6877623118376,178.53686607272635,182.41185980646947,25.489011687063503,25.828841455063777,2.026365752010481,1.7570559356140463,31.530446001326347,INSPECTION
2026-09-23T10:37:05.421858,162.85737971028732,176.50186517170184,167.48786327354847,170.74271738667227,192.94589976258854,190.39801845168947,24.822187239284517,24.147543050076376,2.4325713563980402,1.807647625567703,30.97270301352431,INSPECTION
2026-09-23T10:37:05.431858,184.29349123608705,173.2974276900686,176.35859656143955,175.86211556649684,159.34365329594047,168.41766151641158,24.16038873081521,24.86460631315344,2.113897517615364,1.6627355713091814,32.31432583931994,INSPECTION
2026-09-23T10:37:05.441858,186.32934073696995,178.5277451320201,168.89683782811187,150.2997831539638,165.68405615389582,163.3483208817516,24.871150920286397,25.365569286163613,1.8217098662740063,2.106458532542342,32.63085553599881,INSPECTION
2026-09-23T10:37:05.451858,191.7008646957758,160.28276691221694,183.96303852816527,159.3294780698527,175.30416553235884,170.98561422682482,25.00342277023483,24.283733569856388,2.100821810600237,2.1498460337731053,33.12002217253955,INSPECTION
2026-09-23T10:37:05.461858,164.46085297341116,174.89984213130845,172.9714966197013,179.80609377206787,171.9162314101994,174.30058929684458,25.336416184743356,25.37904688236277,2.2165063143449104,1.5013314644739406,31.34567415995367,INSPECTION
2026-09-23T10:37:05.471858,183.84187716542132,189.07795824302693,166.80260563114467,171.44248458384786,191.58669132468668,153.81217709924738,24.730408565745815,24.59314797166761,2.0228200223457495,2.0203309236815916,31.97258513177599,INSPECTION
2026-09-23T10:37:05.481858,194.6042590287605,192.60613367063382,183.25124289560068,161.07719109253526,181.46492866491135,196.25434726885914,25.381187012350615,25.17601296214571,1.848230883653942,2.0239845341530387,31.323459725726405,INSPECTION
2026-09-23T10:37:05.491858,180.36749117175182,177.4822184576762,174.87364175473962,168.02963684942534,179.76794138691898,156.8732555122408,25.231514165635605,24.875743455200965,1.8867140545403218,1.8076558213259502,31.148225424087002,INSPECTION
2026-09-23T10:37:05.501858,176.9648714297838,185.32061331465044,135.5541774525699,148.33222621538528,184.17379335099884,171.8115068173925,25.345060374090046,24.818911861101267,2.149580557249593,1.925828272687232,31.518990955719403,INSPECTION
2026-09-23T10:37:05.511858,197.20636330767013,156.55644205982276,158.57351553126168,192.45024312485418,165.24921149672463,185.97299492179,25.6189165048921,25.066639616473363,1.8573935672459574,2.1457526851746014,32.22087807139699,INSPECTION
2026-09-23T10:37:05.521858,159.67525039176252,176.73826965884885,157.2898907741932,160.5965982515264,189.1540504294606,210.56132293668173,25.063777510558744,24.347532265692024,2.2067607138894685,2.3475736327255627,32.28840415459445,INSPECTION
2026-09-23T10:37:05.531858,156.89987450426818,181.97780062525499,163.10990850439993,161.4787537701672,171.47124958051455,194.54931414700394,25.158520334691385,25.03074383055274,2.071939844126119,1.9535497311994456,31.824946470917528,INSPECTION
2026-09-23T10:37:05.541858,178.9719116831206,152.2048107959116,160.6364914999951,167.63638726443705,177.49968035172193,184.35066733113698,25.315713638440492,25.47656012054817,1.9596482280488476,1.895264183549591,30.941026903838093,INSPECTION
2026-09-23T10:37:05.551858,176.29462940144194,136.03265570899586,146.9872299410441,166.7758166534766,187.90965813093587,188.32748165054142,24.600941947270837,24.347368915084097,2.088098137957847,1.9802824129376395,30.438991842488992,INSPECTION
2026-09-23T10:37:05.561858,164.23094222141887,151.42595471536228,155.27538717307107,171.41118852217807,169.19551780231203,168.18946484842567,25.277760563261175,25.10372269033524,2.0641938787287355,1.8301152184879694,32.574863635031704,INSPECTION
2026-09-23T10:37:05.571858,188.54086558126787,191.07954859586343,148.12642312442222,181.22383792548115,183.9264047098925,180.53885488414275,24.367461204216703,24.773500748743935,1.9800250288964019,2.388266557572685,31.042017802828,INSPECTION
2026-09-23T10:37:05.581858,164.0694058317274,182.17263714687851,152.67361055330616,156.56538289826258,207.65942992799265,175.81160984597327,24.689427967506504,25.207144419820704,2.1335293016287658,1.8942522514682352,33.11829830705591,INSPECTION
2026-09-23T10:37:05.591858,191.2645933759919,189.2318924244472,163.63936409218144,156.7116633798551,207.15223891351962,181.18751529022734,24.16391002719729,25.53665061940147,2.1629836470317305,1.7912834377440214,31.557156198094887,INSPECTION
2026-09-23T10:37:05.601858,195.29240224761472,165.8070898298081,184.4714224889305,182.13158259364604,192.07886582648814,210.50470792201367,24.82256654993949,24.299312157219003,2.0503381228930477,1.8567656322599944,29.614420640847463,INSPECTION
2026-09-23T10:37:05.611858,173.08034695690165,172.62007974865298,159.416240296171,175.9387044311825,211.92349637318125,166.1943268979518,25.001353654493645,24.677060345060596,2.0050740122280426,1.8500157218848454,31.43928890551909,INSPECTION
2026-09-23T10:37:05.621858,159.29069113320855,192.34868118599815,160.45489204011116,158.2946650070873,205.78192348700685,201.64724033605506,25.61089108993537,25.320418034263273,1.8443489723632627,1.873455519968726,33.88950306927263,INSPECTION
2026-09-23T10:37:05.631858,186.6409767460737,167.44779546581023,180.12843530684924,182.80271416953076,190.9076566656527,189.3052492760939,25.402130551530217,24.82887492867037,2.230975756169826,1.8289479871001035,32.6191413157954,INSPECTION
2026-09-23T10:37:05.641858,168.97490639625218,144.47019351951428,168.7509166183701,162.07146673123285,168.71618238226634,170.52464511883701,25.01372131430721,24.743458314890066,1.8394708039054704,1.9184078614278888,31.850838500689452,INSPECTION
2026-09-23T10:37:05.651858,159.7127882200504,193.6850401816486,186.73795765812423,174.30492317411333,153.81547529566365,203.46837724178604,25.561170461982275,25.613081762003016,2.1149085112140593,1.8886563876019304,31.119102647480368,INSPECTION
2026-09-23T10:37:05.661858,184.07900407487892,171.19765917057634,162.67114131188288,136.19186942484518,195.89286117610783,178.36054933758203,24.477744334075275,25.021239180669465,2.2004535251869215,2.3225631719132047,33.294773009250115,INSPECTION
2026-09-23T10:37:05.671858,137.97585945366126,170.88424014593542,153.20670338734564,188.01681195200325,190.3802831958257,166.55822475087842,25.398408436547644,24.973020751371724,2.1542026299935495,2.0452231516819994,30.570804324759536,INSPECTION
2026-09-23T10:37:05.681858,167.64037915741508,170.5626519876404,174.91142773928405,176.62855312249832,188.3141063609693,161.87893159719872,25.858254032656397,25.046837522631797,1.8013762093777104,1.9375102113444411,31.520743017953123,INSPECTION
2026-09-23T10:37:05.691858,168.43627169212834,179.45051678618557,164.03638875406696,154.1940217354481,172.95343375478663,171.34051207510262,25.970559697497784,24.50888599976548,1.89313379314407,1.5955114765626965,30.38614014430635,INSPECTION
2026-09-23T10:37:05.701858,222.68333132941373,183.7303950052731,146.57740010292014,154.50846609892594,180.10888625068208,166.05906913144898,24.307573241610147,24.204059845651837,1.7710935410196105,2.325055499243547,32.93000886269794,INSPECTION
2026-09-23T10:37:05.711858,172.97238315819936,169.44083386985332,164.77003691941454,178.37390967584537,222.06618945457484,147.59751206813723,25.215257365848686,24.454564118059178,2.0666374171580975,2.049823558432989,32.861480726856186,INSPECTION
2026-09-23T10:37:05.721858,181.85107712723146,187.37203228281064,191.89584599227368,171.89671335821987,177.55195169864132,202.4336368282531,24.50601386669334,24.351969293809823,2.083658060738541,1.869938488290746,30.471542837408755,INSPECTION
2026-09-23T10:37:05.731858,159.3402020250806,180.77474253140798,157.6681272017264,174.50605204084547,170.6097300949205,190.17213359219232,24.832746964096906,25.041590625228537,2.1723909549437344,1.9725352464553532,31.742673317509798,INSPECTION
2026-09-23T10:37:05.741858,159.13422620422898,169.0404246626744,161.5069053782444,178.8219205426998,173.43764380075493,220.41478530479424,25.276712536683142,24.714867924482533,1.8559117149662114,1.6402210210094301,32.4452276436132,INSPECTION
2026-09-23T10:37:05.751858,190.14494110650185,184.02793639798267,146.24732567069844,186.2479957632168,185.93514186538846,169.0560461479842,25.17328545561661,25.171976665132394,1.9462556388911239,1.7818960218253541,30.95239119135982,INSPECTION
2026-09-23T10:37:05.761858,156.95429531001403,139.97863573366544,156.68829943382082,174.8083928354954,170.07425981732337,169.22159358346937,25.466166370552727,25.352533979114067,2.0881349556604034,2.132824265696723,31.426499493738078,INSPECTION
2026-09-23T10:37:05.771858,149.17835846371307,162.10264368039063,167.13956430518886,173.13294088829414,177.96242732293626,206.12584925186303,23.710889909040418,24.719903735805083,1.743849058057625,1.527340604744349,31.899559920277134,INSPECTION
2026-09-23T10:37:05.781858,175.51002072619139,178.93128042338216,182.03067928390738,157.9212637509238,194.8650106991511,183.70009875609728,24.48556438076876,25.463214422324317,2.1099919255500557,2.138545977391736,32.267316399456284,INSPECTION
2026-09-23T10:37:05.791858,179.74966492151827,185.75396169255683,162.60631516449732,161.31146165580398,194.91605198615525,151.46673776318883,24.414493932521605,24.726571768652512,2.057096401291671,1.991096192623198,32.803003167235055,INSPECTION
2026-09-23T10:37:05.801858,181.6921015437934,189.66163332224488,160.18762293299451,167.7839879988931,210.57734234047714,193.14948877741259,25.066054770484886,24.680381830771687,1.8312686409268744,1.5593374321933988,32.46739650122402,INSPECTION
2026-09-23T10:37:05.811858,154.71562792764226,170.83853755980232,174.14893048836478,165.3661110254849,178.75938627574615,197.7700362042145,25.00726877682032,25.36266644788216,2.296942160883826,1.8835353562223618,32.646463934327016,INSPECTION
2026-09-23T10:37:05.821858,187.73978601595485,153.89938788572533,156.5790027705835,167.90551922471332,185.7647154923067,192.23439993719649,24.185307602833817,25.857495237895467,1.984719684680753,1.7046267878349721,32.626988747518126,INSPECTION
2026-09-23T10:37:05.831858,173.39281051684614,190.5826260058621,167.9748333263133,177.86667458160218,159.40231046228493,187.1082401150964,25.337995342436347,24.544921075793113,1.925242444445496,1.8220375851088868,31.63291676442097,INSPECTION
2026-09-23T10:37:05.841858,178.52142586416514,177.69877000295534,163.697878557758,180.86205294076905,194.79634748949033,164.9160421856697,24.22363596640698,26.106188300911615,2.1702588722996814,1.673428527687478,33.668841537167964,INSPECTION
2026-09-23T10:37:05.851858,169.34376500153348,195.49853634242862,163.8333291097705,189.61702083905925,161.72176493310553,198.66199755055624,24.166270101760464,25.00418128989484,2.2110345932557514,2.2354512823510224,30.849432144567906,INSPECTION
2026-09-23T10:37:05.861858,168.2293257100331,181.28448059703106,162.61992330063237,174.84170274142573,194.8798295511065,170.34158985900513,25.531537989758906,25.15370768666034,2.078927003680675,1.6697929627929438,33.693761932292254,INSPECTION
2026-09-23T10:37:05.871858,180.72336958578586,179.0773634939294,154.55366940144117,179.36762303916979,198.51533580469876,148.34228910756582,25.323433444526277,25.81700002837916,1.9710858770651172,1.7441623536123634,31.35109460634668,INSPECTION
2026-09-23T10:37:05.881858,152.3894669727359,201.82675737088417,150.532585586774,176.8412444271052,176.12716029176357,174.53774175136354,25.772613034831263,25.07990177657556,1.6219500435187495,2.003228550849764,30.731552395449548,INSPECTION
2026-09-23T10:37:05.891858,156.2575745835854,185.68616793460083,155.4898607341704,192.01835127126174,194.22854272503506,158.27720764311047,24.24588538343914,26.123725981948816,2.2500360896359024,1.9532902581014358,33.188274534040026,INSPECTION
2026-09-23T10:37:05.901858,190.52942426152313,139.68511307085936,176.91794910187076,164.6046051854779,176.10284255904463,196.67936056179568,24.66482982525096,25.413033703402128,1.8666738299056136,2.1584779228715307,33.43041250108292,INSPECTION
2026-09-23T10:37:05.911858,191.20105030181514,172.3361993141641,166.13042887387067,181.4953919403107,194.8874856258775,176.90357457392207,25.62050227770947,24.947102556632345,1.8755134999664989,1.8710106656890313,32.66639600729236,INSPECTION
2026-09-23T10:37:05.921858,200.12330218575846,170.57499715388093,156.80613723964007,160.13813502588258,182.10647283474879,181.68748906108976,26.12950037593217,24.831311240796513,1.8030014760385353,2.29145222319934,30.9371403316302,INSPECTION
2026-09-23T10:37:05.931858,159.2553061945817,155.26143131475573,175.2271941603829,172.20604846912093,174.5302165365985,179.46925214550552,25.12727738036799,25.376819700630097,1.7033694590670407,1.8887706746827788,32.62349821137129,INSPECTION
2026-09-23T10:37:05.941858,174.6179194616221,172.83025797684965,172.29250324931925,157.01445141664655,191.6418752850284,193.6988066271928,24.60151015240813,25.14148112187727,2.1032724680812174,1.9219235650499291,33.87029501869011,INSPECTION
2026-09-23T10:37:05.951858,190.23922661347896,186.83094734033875,153.45090583348764,200.77823235632633,144.69207886631935,173.70397397115164,25.134756908312735,24.327600787695772,2.264295369276049,1.548276623373998,31.843096901150734,INSPECTION
2026-09-23T10:37:05.961858,162.54297139150205,156.59988366641258,165.06873307993374,187.31309566378144,162.31718035087843,170.80457829458516,24.465684807132238,25.352404233191965,2.1869788373193977,1.9630613843724478,31.588047312301,INSPECTION
2026-09-23T10:37:05.971858,192.49874728049602,203.50877127793774,167.72777614893343,174.837860198361,185.83105161907807,183.43031784389413,24.464286291345516,24.40213817325401,1.8722119515497355,2.2131009482804136,32.913389149049735,INSPECTION
2026-09-23T10:37:05.981858,179.50526655906575,174.33218714317098,157.63510288563688,195.9914689386942,190.38607013376424,175.46049736457095,25.530732021659755,24.422057217487723,1.7640287905477308,1.9611145241534165,32.01784670685291,INSPECTION
2026-09-23T10:37:05.991858,175.26403970014562,177.81378407321208,175.4507561472064,187.49147397848017,213.81059061652624,181.82645792958587,24.651567804723538,24.86464868037478,2.153261639676777,1.7933944333735778,31.440412538637524,INSPECTION
2026-09-23T10:37:06.001858,159.78636438571024,173.89776247516477,164.66477379548652,150.88981293656855,187.0282899264191,200.50971800747715,24.869159360104714,24.74611522949083,2.0372137378923094,2.1120474357448207,30.99685942395335,INSPECTION
2026-09-23T10:37:06.011858,188.06669601934044,192.70809129660438,143.34837945741506,161.98329157175573,188.3611983546832,193.60626323939854,25.382197200151722,24.912071667840046,2.184750227467512,1.6947380277177262,32.252878155154065,INSPECTION
2026-09-23T10:37:06.021858,165.72193176584136,146.88955007162699,143.07204592785283,188.58000907616764,172.78091054121282,186.44288646405252,25.667206995472284,25.17641393458973,2.3740340143847583,1.6609453031110326,30.554618461497903,INSPECTION
2026-09-23T10:37:06.031858,163.08353626111372,173.35173056195057,178.9812674770339,171.7012779506113,170.62989929176183,180.2532800520944,25.406994777294013,25.02720238440599,2.163549652655904,1.7196017104772268,31.98619655055267,INSPECTION
2026-09-23T10:37:06.041858,155.14894028752457,159.785602776497,152.44024003316568,174.42174662005866,184.33930413084929,210.03626079899092,25.82400723289187,25.143792903871862,2.0124390887700407,2.098233093582227,31.005105904509406,INSPECTION
2026-09-23T10:37:06.051858,188.21745971571434,205.0467562778943,168.81058621622626,193.84433893841808,189.24717318544847,169.64419294235958,25.22222629221274,24.806173442855307,2.2027656566734377,1.9267125975658959,32.408628015017094,INSPECTION
2026-09-23T10:37:06.061858,173.07189630372923,190.45003162951076,170.4603606772627,190.05730134514314,203.60995490437264,189.28648957120163,25.173159433569644,24.30321049556418,2.373785427595467,2.0124544332824863,31.870932149349848,INSPECTION
2026-09-23T10:37:06.071858,153.31162614761953,165.1821518019936,173.09473659491906,161.0703930959871,184.56210113764317,179.04715623718727,25.378366635055812,25.052379644775804,2.571338834416535,1.9909820477843039,30.61446543735186,INSPECTION
2026-09-23T10:37:06.081858,170.03243240339728,180.26421726007385,190.45821110922054,162.40051126645434,190.2350185158055,176.05595576471458,23.779512738049224,25.757252702598905,1.6983514175284775,1.5734816190359866,31.921639530109914,INSPECTION
2026-09-23T10:37:06.091858,177.8262682452663,186.24269824643574,162.56848155076733,216.2680823310461,195.6200867319074,181.52833410119615,24.80996524646483,24.917086116271083,1.6341271710067742,1.6118233640500326,31.14891082020852,INSPECTION
2026-09-23T10:37:06.101858,169.8712446612899,186.98477832144957,181.1551317410593,178.7056233187455,169.1312416656793,170.79442245687036,24.914437682355288,24.0570241499333,2.0851420966854013,1.8965842654133283,33.67449938515559,INSPECTION
2026-09-23T10:37:06.111858,198.68713161372827,150.06660762246747,164.70139141742695,143.859260996514,196.11365896451522,177.11917443179357,25.115426451400257,24.92992901702776,1.7762532030984173,1.8212460762993314,32.200479156318245,INSPECTION
2026-09-23T10:37:06.121858,166.48456571842024,158.05675481519114,147.2008409472136,168.75416804218762,181.80406014008202,198.38200748281918,24.562744479743422,24.74675472856861,1.7964183704098695,1.6164412208297758,30.452447575453345,INSPECTION
2026-09-23T10:37:06.131858,200.88376116741225,174.30395967594688,162.93038265486814,165.52489067350763,190.74609216877133,147.86321931909222,25.78258474551923,24.9211801081492,1.9810410480354168,1.852923162143484,31.7084373141014,INSPECTION
2026-09-23T10:37:06.141858,175.3898245104307,152.13924103400163,164.63424956957837,169.04738860366996,194.90677854047033,203.21907812066922,23.907377100599877,25.02485892134834,2.107057741005899,1.762634368242928,32.794664600150526,INSPECTION
2026-09-23T10:37:06.151858,160.7325289931009,163.7593292781744,156.21504006256788,173.84391166097686,182.14312555567827,187.26798902525834,25.06296456335459,25.43747670292069,1.8264777828130847,1.7777345454934672,32.60296177530903,INSPECTION
2026-09-23T10:37:06.161858,169.33246348428884,203.21562702473284,168.67479311825974,185.61490077037178,198.9123480918787,190.86448285636146,24.973256852101596,24.545326906776424,1.9881935761893827,2.0682465827471215,31.830492517583917,INSPECTION
2026-09-23T10:37:06.171858,187.4346590146631,182.77467607063002,180.14416227872155,169.55999504034665,187.69629512665523,206.36872087004042,24.387648589685345,25.400822245901217,2.2769610094366084,1.9472725883436512,30.879615861010468,INSPECTION
2026-09-23T10:37:06.181858,182.14878570048927,188.94100537814913,188.22190582194588,183.16574076752778,174.57248954624703,159.1135230414643,24.641736089661077,25.239263003496568,2.157298779152789,1.7261768383159783,31.7815346426054,INSPECTION
2026-09-23T10:37:06.191858,189.58181769476894,207.9830099933169,159.85896940749933,185.94544219648208,195.3704246995891,196.0349860121107,25.025488953530793,24.722966405741904,2.1123727773830305,2.0957739064560132,31.645335327690987,INSPECTION
2026-09-23T10:37:06.201858,168.54266834917107,200.04727556898914,147.79544625677204,193.91249960007954,208.8494712965641,171.79750961889425,24.80005307507672,25.22771688369373,2.1855032285603597,2.071861221169159,31.03818384929369,INSPECTION
2026-09-23T10:37:06.211858,207.0964840290256,176.8075898287958,161.11644761385028,160.9736417694985,179.04083238624335,202.12149034683767,24.417558614745147,25.271814637901628,2.056241280154219,2.4565938998509003,31.964311241203447,INSPECTION
2026-09-23T10:37:06.221858,166.83517680482848,198.84297221244165,182.19685415580167,142.71420843784847,197.80397146486132,192.67420995438752,25.015521006280427,24.68750402852373,1.5356435842319254,1.786859657761454,32.578256432588546,INSPECTION
2026-09-23T10:37:06.231858,186.06364260037853,138.47259145999104,158.94967874501282,191.2094482983405,202.2248326391631,184.35731440203705,24.192012531863497,26.269881185178185,1.9768532702489305,2.0418522294799564,32.30708691538206,INSPECTION
2026-09-23T10:37:06.241858,171.27713407375023,182.672775247816,155.216591348453,137.4152586614799,200.47318060462615,211.46929335631165,25.546644829132592,25.41202641138104,1.847282398853181,2.0626780479858313,33.49840085993057,INSPECTION
2026-09-23T10:37:06.251858,145.1591538391767,191.4489423271562,146.14871922252647,169.4947986401178,178.08504670111097,194.0150689327413,25.168299064908688,24.6773718780869,2.022788929965995,1.97192022045441,32.23036420940776,INSPECTION
2026-09-23T10:37:06.261858,178.94131660539745,168.64462327054116,165.0366932447747,180.78628151435032,176.00510008741313,170.97085038298468,25.718489974645458,23.997568589446463,1.9757499033742114,1.950928285479087,32.798953549837826,INSPECTION
2026-09-23T10:37:06.271858,184.6481595803063,191.14300634107224,165.83391167987105,186.12062073556427,197.4270749872498,198.30834219954656,24.571192812746535,25.389893717133816,1.8676437608414669,1.771744706603544,31.442387753747994,INSPECTION
2026-09-23T10:37:06.281858,181.49051243940642,161.91672409071532,145.87525285987013,182.6873098435754,162.28083068949906,192.31677142263956,24.492740285637623,26.397201112996996,1.8845064280493689,2.2300323910034305,31.967911284401648,INSPECTION
2026-09-23T10:37:06.291858,170.4532445071749,168.03612366645376,161.4145689148436,191.9637348389548,173.88163450672639,170.80954008249412,24.736257716101683,25.402654018389654,2.058073091016967,2.141456770162872,32.683946292461435,INSPECTION
2026-09-23T10:37:06.301858,179.2869026313103,168.04330619785574,160.06693999275907,172.73822685513122,179.99167603033592,168.1504114871093,24.51486286440675,24.40816515399271,2.058043513511323,1.938537797960678,32.0451847508329,INSPECTION
2026-09-23T10:37:06.311858,151.2811670932405,169.58744207949889,150.9813793841787,181.9373405608359,201.3810707477736,198.3992616278479,25.612227100467486,24.772145576634625,2.0623611659798993,2.1047199183602796,29.966714155219755,INSPECTION
2026-09-23T10:37:06.321858,183.62459858954978,180.11923951822274,169.17935331232638,159.55023486843322,179.06704125804214,175.0057843555448,25.19072579505767,24.06912574810294,1.8218299406896667,1.8182276704668494,32.74601349899505,INSPECTION
2026-09-23T10:37:06.331858,194.61703659777461,163.08525198790568,154.66549955896147,175.7802666182912,162.58599943044078,181.94017355375496,24.92524442026383,24.751395562707085,1.95419226732065,1.9869619292171528,30.651797929298915,INSPECTION
2026-09-23T10:37:06.341858,199.61003420814578,166.8024621070041,144.74862353386885,170.98351969967274,169.3027392420534,176.7610008178801,24.915496351731353,24.71930840534926,2.498477612362124,1.9967316679985407,30.828076343458303,INSPECTION
2026-09-23T10:37:06.351858,151.90839989621497,173.51496320902237,175.8665854074696,163.7034110278081,185.3292653384877,188.4862991227657,24.400180669779008,25.259500030673152,1.958355173139245,1.8019582079590255,32.67786103580812,INSPECTION
2026-09-23T10:37:06.361858,189.2939561752412,196.9546936108054,182.33145187901147,174.99936252060095,150.9069263672358,179.48494982151647,24.510571255734913,24.38894084866402,2.1698533083973186,2.1259862666183458,31.821663455694924,INSPECTION
2026-09-23T10:37:06.371858,179.73002189115527,165.98126812248069,171.76651162852335,190.89862956703976,189.75907320572722,187.74735207861698,24.66043657402481,24.589200224424406,2.092350660686744,1.8290283436100103,33.08204850367488,INSPECTION
2026-09-23T10:37:06.381858,154.1590822883864,183.18934650709517,159.21161877320836,154.65524197540014,172.07652757446664,202.06596250106034,26.000385591426447,25.147470064518032,1.6451202645498306,1.4996824214819333,31.227331431707537,INSPECTION
2026-09-23T10:37:06.391858,173.2022060277193,157.16960814904374,176.48056080560423,171.51012762294482,191.3830940620757,165.85894796534092,25.45123539411888,24.448263785052777,2.286671913124473,1.9470654036214077,33.25754734374674,INSPECTION
2026-09-23T10:37:06.401858,146.3459232970647,168.39518187057064,141.8645695059975,178.69276320099362,171.65538305914853,200.96346743626395,25.58502805005371,24.63551395414683,2.0376216666692386,1.8311447486877497,30.059214727753538,INSPECTION
2026-09-23T10:37:06.411858,204.28342513171177,168.20110061551188,168.13919274206202,190.74810271202006,172.2901265354985,188.37800838357097,25.030980301933873,25.658555190796925,2.185598697726625,1.9681908800632522,32.920271994204235,INSPECTION
2026-09-23T10:37:06.421858,195.1847485565415,166.91176369368017,149.95487577852523,160.56813259975183,155.66684279870802,192.10139209412682,25.01591721118288,24.30897130823982,2.008154372584066,1.9357611701540225,31.192977297129147,INSPECTION
2026-09-23T10:37:06.431858,202.26046011046094,171.34416995066124,141.52119452031093,148.73661277105623,181.46304254307702,184.32888341549972,24.194787267952975,23.859588379125867,1.8189953610184888,1.7444895951642974,31.63686604417902,INSPECTION
2026-09-23T10:37:06.441858,158.73106670462235,161.6664641338414,163.68185791876346,191.79125983140418,180.53600719863323,144.63196679784988,25.0562402773957,25.53590362321757,1.7526757129454515,1.8006468151473238,33.859770343604524,INSPECTION
2026-09-23T10:37:06.451858,154.68168347314898,166.22749568252624,169.5258846686796,184.51276377424904,191.69843816283736,180.96145401192533,24.742719723326147,24.927473214696484,1.7685590486715583,1.9546453458021489,31.281414060364437,INSPECTION
2026-09-23T10:37:06.461858,161.9413975868745,173.80313101806607,170.81970509481846,156.4798450985787,188.60662898926043,153.7683686930244,24.624719185186333,25.66540989398958,2.2490689493170812,2.239437405972809,31.006237534510156,INSPECTION
2026-09-23T10:37:06.471858,196.36956691674007,163.4232265009075,149.90212215870963,174.91635456088275,178.6693561793626,201.8128293949516,24.558615600669782,25.686855844185576,1.8031968278260417,2.0077221348254626,32.45005942060592,INSPECTION
2026-09-23T10:37:06.481858,180.29288854647396,185.2859380095144,151.78321568598486,175.5438162943641,174.77220767522908,197.4963684739659,24.645261412409067,26.139678529566908,1.6151907538403076,2.104039238926728,31.241994021991196,INSPECTION
2026-09-23T10:37:06.491858,166.40639650863,163.38203346771797,157.2308297709061,163.1890754629763,201.98567862275652,170.22774387759338,25.050499820702566,24.914873124913612,2.174177362749555,1.7390328004802946,31.590924896243223,INSPECTION
2026-09-23T10:37:06.501858,192.38996227096183,181.74563286248002,173.62279138252973,196.92108362266362,178.94320721937973,194.38763210266467,25.103844609509416,24.56494734917827,1.6862799211176673,1.5721352511357216,31.6422947520502,INSPECTION
2026-09-23T10:37:06.511858,163.47930494997746,158.87136341093506,161.90665432828666,164.81872099558726,223.63520096319996,201.6078363651262,25.279769231239506,25.485330647815537,1.9638924499569543,2.249035927195968,30.50610802838143,INSPECTION
2026-09-23T10:37:06.521858,168.0588428427722,180.75324553372548,179.5020703918448,183.66994122119124,200.34488148201302,196.01861428836827,24.614825285524116,25.01690386200273,2.0447942731496167,2.1719678238042355,31.46089344736002,INSPECTION
2026-09-23T10:37:06.531858,190.3453946485388,177.85909242040154,144.28587581183902,146.96357908983128,197.28298356044468,169.63208331278042,24.652892698786786,24.70050063101765,1.9142740719931521,1.824262503395166,29.82005428049771,INSPECTION
2026-09-23T10:37:06.541858,215.59378238541365,186.52072446999517,156.57404660570447,181.45106883626784,196.52552467303107,208.0416645625361,24.741013202182508,25.198290345214605,2.3278148620104138,1.9790045770329414,31.46986651442223,INSPECTION
2026-09-23T10:37:06.551858,195.06881848613864,169.08398909984984,159.32987648042538,168.801690303526,192.64788651125758,178.401794997225,25.61274588704458,24.98688264983199,1.829367073564436,1.8369531118466262,31.48326574402424,INSPECTION
2026-09-23T10:37:06.561858,165.9902640824682,187.89826020465577,151.75946281425496,163.99905736150382,184.4446655483843,203.87384239373324,25.197997972449077,25.063392202639847,1.8415143111821317,1.7230133077580583,32.12476030549161,INSPECTION
2026-09-23T10:37:06.571858,180.40088634755205,184.3856623439078,190.240368349875,165.6214336101184,183.085716048927,200.48684801284912,24.19864331908899,24.65511353264741,2.0559948688774345,1.9676267274862662,30.824025544246062,INSPECTION
2026-09-23T10:37:06.581858,159.86184870327227,189.5838869542149,173.7655563164459,176.7400774447114,183.90322144871928,197.53932584560874,25.373061608337856,25.037092528781763,2.113107433416741,2.0647372500922025,31.19568407053227,INSPECTION
2026-09-23T10:37:06.591858,169.3561899715759,196.4185932606309,143.13541016304723,175.51181380835737,171.41385430839497,176.62971473316935,24.442936659448645,25.4294126988942,2.0535252242184896,2.023730664151542,34.19147815952723,INSPECTION
2026-09-23T10:37:06.601858,187.5943497085694,164.8940101042682,159.88505948231136,167.4588281903849,176.42510721501137,159.98994437256906,25.199921625707113,24.582061341802948,1.7362222662767204,1.996001535474842,31.26131351782058,INSPECTION
2026-09-23T10:37:06.611858,155.33585793515934,172.0857837350072,167.66356797006108,194.51220889037535,181.34716412801282,219.69424707702495,24.58520414149975,24.833545913238762,1.6163004307183035,1.7267061493069207,30.8229068668944,INSPECTION
2026-09-23T10:37:06.621858,152.10256853435223,164.54192626248474,158.90187151247198,158.29162071534614,198.3647792713305,168.59348144150448,25.248848655129336,25.156482162697692,2.0639383169653756,2.0413542217117944,32.90020599034644,INSPECTION
2026-09-23T10:37:06.631858,174.8872343420498,157.2082735299224,167.00814787486684,167.1108919097436,199.6085745422304,162.6100418098523,25.228980081389302,25.465712561368452,1.671950953085319,1.9399657841337612,31.637247165363867,INSPECTION
2026-09-23T10:37:06.641858,183.76635368537274,156.08178981125695,160.00721382130052,167.66901604279246,168.45381808899367,181.49329012714307,24.867085478145498,25.133509967454206,1.7259492534821268,1.7655589199461061,31.46246309567425,INSPECTION
2026-09-23T10:37:06.651858,205.392253987077,167.84317548484313,160.61534435095973,171.50573132004638,191.63512200798496,200.133104752005,24.656004314867005,25.36963265934872,2.30345934466792,1.9150883176105955,30.795328880523247,INSPECTION
2026-09-23T10:37:06.661858,166.34155885719514,157.5973874342378,152.22637451989937,171.9517317347444,171.57982638608988,187.8702983882324,24.549846313548766,25.968615591517338,1.8117951288078806,1.9220851242981547,31.549785962293853,INSPECTION
2026-09-23T10:37:06.671858,199.52717362369202,160.99677740204024,149.85440345954146,163.39620846465016,175.19268900153978,197.8712740757117,24.94660308823551,24.42735117634596,2.0425768186113897,1.7939014746819497,32.88069919340834,INSPECTION
2026-09-23T10:37:06.681858,146.09838333517928,160.6627795399464,161.59529913051037,147.66510505864136,182.97466817216844,202.5549493066017,25.462102968868333,24.65347354653355,2.2906046168778653,1.798682620449191,31.85349735277003,INSPECTION
2026-09-23T10:37:06.691858,186.99313140590974,179.9445232274868,180.6132696759629,132.38867634214097,195.00720360085236,178.27804683244887,24.793223064513878,25.682580621567993,1.910805654846684,1.5152843257727495,32.46380926056409,INSPECTION
2026-09-23T10:37:06.701858,182.14346765458905,154.39845278089476,163.5742981646267,187.64648742160207,194.20226406376318,162.00478641436564,24.80263637109659,24.459966611820168,2.2225324002186198,2.3231717157299667,30.845068109804103,INSPECTION
2026-09-23T10:37:06.711858,183.49708176282314,169.28352824099323,168.2662672781631,160.46748394985352,203.11284115556913,179.95828865136306,24.425642679337653,25.510515230846146,2.139211418452745,2.0373622941640503,31.317800938074356,INSPECTION
2026-09-23T10:37:06.721858,184.97698004880996,196.62447439476998,178.80430855492426,189.41989302689106,146.88497474960855,173.12586520963492,24.944763320860897,25.076512875243,2.0525971235705898,1.5712179379562974,32.424101187963316,INSPECTION
2026-09-23T10:37:06.731858,152.16229119702808,154.83325767662407,166.42443155789985,175.66059242642314,172.6606328176682,160.15846622543884,24.99274869802475,24.7623127509546,2.066862651646252,2.0971818735523855,31.2638788569373,INSPECTION
2026-09-23T10:37:06.741858,197.74715781231157,163.5934001686142,170.8174772546486,175.29735976261188,190.14121922604645,191.03253209897497,24.923079221818263,24.123902703890156,1.859861217349225,1.7346948969998275,31.650471876708536,INSPECTION
2026-09-23T10:37:06.751858,195.93717044060995,174.72266298785425,186.76065972653367,183.0115563763779,184.7027195661467,179.5851838399019,24.625352119157704,25.73754343516532,1.96098269083146,1.5367204713131877,32.12413778310557,INSPECTION
2026-09-23T10:37:06.761858,184.82743793538708,164.82676158100205,161.1185710384604,184.79025860874128,180.57537087159824,162.96824009323905,25.603911445671713,24.97985896704259,2.098049779396645,2.3625086134664786,30.810097151661637,INSPECTION
2026-09-23T10:37:06.771858,198.33433602175464,191.23798857654114,168.08244953207162,178.11678210882005,211.08610778448187,186.86792608811865,25.119100146735846,24.565612805972254,2.245798670390732,1.8693645318113237,31.761774576314842,INSPECTION
2026-09-23T10:37:06.781858,199.74044755650047,190.28449889860673,177.38982130218474,165.1050747776777,187.999433993439,170.49153800889215,25.61196101761475,25.130519397855764,1.9618378784972723,1.7806920819102423,31.14648770178161,INSPECTION
2026-09-23T10:37:06.791858,177.640855079965,201.51721315113969,179.98244468148118,181.1052745264801,205.731758391121,163.8881041220145,25.68336548677006,25.054098672048983,2.2517041756978933,1.9683564438912993,30.717831160725282,INSPECTION
2026-09-23T10:37:06.801858,158.778283713147,182.61474862928011,160.19685736124157,176.36043756927776,128.15314259465214,209.43549404020325,24.494517343719913,25.551923816160613,1.8486955858911833,2.0924359545728177,31.031335935960563,INSPECTION
2026-09-23T10:37:06.811858,189.54188760667628,167.31701509238812,166.80855535699376,160.75262197198035,182.160971795636,190.9387399719225,25.1771601491786,25.290939542954458,1.6482019117066526,1.905674753214763,30.624075641468604,INSPECTION
2026-09-23T10:37:06.821858,188.68157133118547,179.38306415204593,144.0132422970645,154.01447783287963,178.58019806185968,198.24812373436748,24.746847848107297,25.642264372790827,1.6445622625010872,2.0612578300357214,32.76773267096641,INSPECTION
2026-09-23T10:37:06.831858,173.93813351009916,169.32166611165917,146.19947497853295,152.39044301923,198.19648479921716,209.51944177772074,24.185513061757455,24.854702923511894,2.5108280856563,2.013689520178303,33.611159780315795,INSPECTION
2026-09-23T10:37:06.841858,201.95133269270053,171.29555490672433,151.34744036762612,147.17963668611162,180.0091508402219,172.4224699045522,24.537073130851883,25.530403179115332,2.1421615220224046,1.686459528923604,33.064117377716855,INSPECTION
2026-09-23T10:37:06.851858,202.9765309345106,134.55726401875117,162.2149938978355,153.91745843140941,215.51837021162305,176.64408475158208,24.67818948569371,24.882763955335985,1.6386607661644177,2.1957206279844765,31.477887816509266,INSPECTION
2026-09-23T10:37:06.861858,182.55638970660982,167.11864607017569,144.63735575861367,169.15767401690005,157.6185100740932,204.5535216070719,25.724894452177182,25.5527624715346,1.7645222148374413,1.457151365409214,32.174645316778324,INSPECTION
2026-09-23T10:37:06.871858,171.34232055438954,173.09053468992678,182.50430934964265,166.90157768799324,192.93466908660835,157.5738454908914,25.787921401222896,24.241627764672927,1.8191023735775864,1.5531654592303128,31.477758943197482,INSPECTION
2026-09-23T10:37:06.881858,188.15854272059147,185.75971736023317,157.4638731579222,163.03839190194256,210.0270778789398,178.31702199533652,24.626458170520394,25.11747788755014,1.8658996227865583,1.7587786528892673,31.516697142765015,INSPECTION
2026-09-23T10:37:06.891858,187.4996388625341,155.41664282603037,180.7091333107416,164.86056707418928,218.48974946056398,187.253716566994,25.143721261541184,25.08672343527468,1.7558792914786585,2.155120176234282,30.244325410513888,INSPECTION
2026-09-23T10:37:06.901858,174.28153643755863,183.6925658263151,171.80988024358425,166.33201537523956,207.35872598418572,177.20409332213697,25.209230748577077,25.267595274116672,2.131254736273339,1.6445029332236833,33.08361281216118,INSPECTION
2026-09-23T10:37:06.911858,191.8511200348533,140.34705545366012,175.06748883268372,160.84448409594566,190.4876038254096,203.10035876806387,25.50910187846629,24.892178791153665,2.230343881970038,2.071786006392384,32.474108439866214,INSPECTION
2026-09-23T10:37:06.921858,182.36695061123604,177.67050786447598,180.77072531493977,177.97337811101033,185.43372585049912,193.18253549963015,24.9813426836457,25.174388816077304,2.104557975572119,1.9734315196920305,32.33196722762783,INSPECTION
2026-09-23T10:37:06.931858,188.92229250476043,167.40760900669073,170.07853339169108,145.39622630993784,183.42214488380154,172.17396493590917,25.25441571991307,25.128782618256807,1.9663646575187068,1.347046039045991,30.634551204777004,INSPECTION
2026-09-23T10:37:06.941858,170.89383850476298,160.36801197618001,176.67392541095134,179.4623543923158,187.3270620462447,167.5887165106467,24.97105756331398,24.517602338479733,1.7101588258412446,1.930740637880502,31.862246913630198,INSPECTION
2026-09-23T10:37:06.951858,174.87145620753412,142.30893002457583,180.23785770320106,166.4934725976548,185.02788060406616,154.18939991982353,24.726880906691115,24.874490395010486,2.039067609206399,1.827402390987858,33.121852737142085,INSPECTION
2026-09-23T10:37:06.961858,184.15884665420415,165.20810574387744,168.3511796299966,192.23147789873175,200.23567912367463,206.63086184489708,24.495961279855113,24.264892169534154,1.991080360205846,2.1116736843801,31.599897778627597,INSPECTION
2026-09-23T10:37:06.971858,199.07642634190944,178.56761224777014,166.64736039026104,166.35036142674437,162.6712741795476,184.74698278775043,25.751028934053153,24.164984106842397,2.287439667024718,1.9741032241204366,30.756374005978333,INSPECTION
2026-09-23T10:37:06.981858,203.34359306513625,169.8215162757838,165.0747642849823,152.7257900605612,186.02131111026728,189.8728048962033,25.694851783038875,23.37614925572655,1.9251291547680345,1.6412765098294513,31.789333048838262,INSPECTION
2026-09-23T10:37:06.991858,172.9805571633057,202.14800356745968,175.07880245368617,164.86563737273053,182.52156559835103,166.97806338598016,25.37790143072291,24.509556484140216,1.8928282719183127,2.060807056197955,32.05451577161346,INSPECTION
2026-09-23T10:37:07.001858,189.94734281534832,184.09325397977355,165.34594141551483,186.204766835405,175.19434086257303,170.50204355622455,25.656636617125613,25.779145767868133,2.1937365376545888,1.8405328210011132,32.61863054710626,INSPECTION
2026-09-23T10:37:07.011858,180.2010231534068,153.32885035758287,174.0482321532395,170.641542384928,166.050369398929,167.6875819910254,24.969852021891626,24.98804995870017,2.028613376583941,2.2031003848263127,30.27750140449698,INSPECTION
2026-09-23T10:37:07.021858,182.9292643100322,200.65331612675405,159.1270044779638,176.4091155523625,172.38371153564037,181.72365269607172,24.712936008516643,24.364830761953414,2.177844980082296,2.0017120246056606,30.026015123366797,INSPECTION
2026-09-23T10:37:07.031858,189.90244869657698,172.09441170592498,169.47332455492975,159.87882275456218,216.09542060637702,174.45770455921522,25.24399546128513,24.83134919189275,1.8287738518048489,2.0176902478406564,32.09698899124536,INSPECTION
2026-09-23T10:37:07.041858,184.06127532596244,177.28239013649122,166.83456841413678,165.17315051898908,194.5181003806879,176.03337303614722,25.382891577919693,25.23226201933235,1.7171105618697258,1.8764350331916122,31.651373924952395,INSPECTION
2026-09-23T10:37:07.051858,161.33065637526943,185.55907394583906,165.63461881699243,178.52078435937898,157.09235976560183,165.25374762718081,25.16676475906643,24.014801461245753,2.017482090844561,1.859036331574842,31.379480981298766,INSPECTION
2026-09-23T10:37:07.061858,170.03175152228505,189.58888847875832,186.22075064769905,156.07100626499349,182.3950563795484,189.46053400355896,25.65406840565913,24.585354282080285,2.088439315030708,1.9026751464029863,31.027895255225303,INSPECTION
2026-09-23T10:37:07.071858,191.73321122248012,177.42083078958177,181.91718025267528,160.0759954814619,180.50919983779468,183.01546293532118,25.492007195809464,24.9532284833037,2.3354321302710455,1.5377765416373619,32.54417486164805,INSPECTION
2026-09-23T10:37:07.081858,151.00916898365278,182.92999627660788,161.09835325926468,171.67144592964965,176.85574368961284,188.93166306900488,24.43915754897145,26.10763296174925,2.2547741962410734,1.5136876184168644,32.334155728469305,INSPECTION
2026-09-23T10:37:07.091858,164.25035978647233,155.94598621567314,147.70506803236302,179.4286791993588,167.1211207635882,171.14993754473136,25.06331069657378,25.043695491171672,2.1236244921682332,1.7171011951426436,31.496173730896864,INSPECTION
2026-09-23T10:37:07.101858,191.4457227308072,153.77689136600776,154.9380872705425,187.42833523712855,143.0362894278885,182.03360038752757,25.45577416946227,24.98437192883803,2.031248506731817,1.7332404718463357,31.761756079346966,INSPECTION
2026-09-23T10:37:07.111858,198.17107817498928,187.2901407485033,167.73557849034938,179.0193899814937,173.4744666128405,191.27388067734142,24.087629784340354,23.519942971499088,1.8424254832694067,1.6011328342992046,33.28415148209334,INSPECTION
2026-09-23T10:37:07.121858,185.02185934366844,167.62307910189378,180.28451610101658,175.12218894371497,203.35538983962843,156.3004905615714,24.580741759530415,25.507583737757106,2.277333806060289,1.6698975974418575,31.5722191139585,INSPECTION
2026-09-23T10:37:07.131858,183.87380967828486,188.46860988730808,173.63259894429487,183.56314032207092,184.2783352352982,176.28575282956348,25.512105059031434,24.79532311179997,2.3194487133144146,1.7061850694179181,32.54609165913036,INSPECTION
2026-09-23T10:37:07.141858,153.56119646398636,173.0468639184612,171.8797550662591,179.6851391836157,173.85986491025852,176.18066359459309,24.371878629348565,26.019911237201253,1.8570838060786987,1.5947944901782565,30.79919021530322,INSPECTION
2026-09-23T10:37:07.151858,170.10215797374946,173.87959822309543,183.224883272583,159.06072944538244,182.53153551218378,156.9909947164083,25.479932854069578,24.516201346335944,2.184130321732908,1.5301719767168178,30.70111193349081,INSPECTION
2026-09-23T10:37:07.161858,202.86542771431562,168.1786596314171,157.95098769280904,174.61617137461852,195.3867716676462,193.37418542783257,24.87482169511176,24.961178763024993,2.0237780600675475,1.684989297597821,30.971904908181017,INSPECTION
2026-09-23T10:37:07.171858,186.02663953366547,161.12219110595797,157.33774898827906,170.35081422698138,174.84559709965743,156.27993990375631,24.628992649289664,25.218802192763757,2.1118341405466574,1.7750557266450464,32.1255471818078,INSPECTION
2026-09-23T10:37:07.181858,179.27357927955478,149.7130677285174,148.22257953088564,176.1548991325507,216.18316954039258,200.54734473332542,25.087042190375257,23.510400949880953,2.181707317793018,2.077649028071309,31.436494040803538,INSPECTION
2026-09-23T10:37:07.191858,184.68544828705728,179.08954143888639,153.17929006127588,187.08531898681986,180.4842172138763,186.96529879468542,25.291979502405454,25.086514856068085,2.3017740264995954,1.910745931367313,31.678016076006696,INSPECTION
2026-09-23T10:37:07.201858,192.92872498679702,191.2624363665116,173.25576315620748,166.05628893562508,165.85939196321215,200.18238364932822,25.41321168239057,24.03508287786249,2.2495508314318675,1.4751038137278227,29.915842026419167,INSPECTION
2026-09-23T10:37:07.211858,210.16388080837893,174.4199507100316,173.5893008544388,180.50168584798956,177.47195709324387,177.59094865509945,25.219834587773313,24.663836759908772,2.208901689092536,1.629953965134008,33.091694438267346,INSPECTION
2026-09-23T10:37:07.221858,174.68991774510894,171.20356024787824,156.06377907618068,169.67148141776494,183.97923014509746,177.3784749700064,25.219736894078842,24.030408739060302,1.9769888625746461,2.1450578549276,32.42636697540594,INSPECTION
2026-09-23T10:37:07.231858,168.01729098722112,149.41839600785158,160.86793601253885,166.92711020342094,190.99893990571542,202.5962329154736,24.83219197585918,25.055776863241142,1.7586148242049777,2.020562821536354,32.03718716170377,INSPECTION
2026-09-23T10:37:07.241858,172.38536726709006,185.47189392847997,178.43513896734495,186.9158000838909,166.79151605407637,218.30758987811612,23.66203974818229,25.846773123269458,2.1874207536928885,1.8650073236213291,32.358101442640624,INSPECTION
2026-09-23T10:37:07.251858,163.71720905688866,198.4338772149115,142.23394711803803,153.76233619501312,178.31351324123975,167.75566294888947,25.165468989033442,24.93655140110297,1.9471597266052787,1.8143663586411405,29.582000594208186,INSPECTION
2026-09-23T10:37:07.261858,185.545869361642,184.9077972544232,177.23094119905278,176.24754439163468,190.41047391026905,178.1701898547842,26.060751202200052,24.789618926173922,1.5198170661649724,1.7092443604475964,34.17364214757721,INSPECTION
2026-09-23T10:37:07.271858,162.73769173354236,178.5493679018411,147.55891541576196,156.86319084780118,180.78978467668878,164.94766947638735,24.91186260098763,25.529826872676882,1.8829442306654443,2.004077331268451,33.70997927277127,INSPECTION
2026-09-23T10:37:07.281858,203.93241291760833,187.43927693309888,170.31400303326473,155.40281144483234,187.70791571833269,173.13908906070048,25.232981694659774,24.483432973458278,1.9000473591141045,1.7272121918257515,31.671196688855883,INSPECTION
2026-09-23T10:37:07.291858,195.0450262297737,177.47215180968672,185.18386305124832,156.2286132008379,180.36017032223063,179.081042271625,25.017923189839337,25.12791844977892,2.027538264565576,1.7294571288401206,31.853544642876546,INSPECTION
2026-09-23T10:37:07.301858,176.59178355051705,167.1545599723584,182.9818481678693,172.40976894718557,182.3382668159734,160.24624982637823,25.80113777166964,25.018257618171145,1.8323009530667922,1.9115048708409395,32.351571879044826,INSPECTION
2026-09-23T10:37:07.311858,178.18020271767207,172.1973526416437,178.9145810745137,185.59444937154618,207.82027150954474,209.4839381923258,25.418167238672652,24.938137269308974,2.205636388172919,2.0236614475197503,31.37737436772275,INSPECTION
2026-09-23T10:37:07.321858,178.31560256863943,148.95476031675827,157.46506704295336,179.64975169492456,178.09558223687353,167.19576408299915,24.849417060201844,25.921675662849793,2.0404449710430064,2.217138441994147,33.16255941220668,INSPECTION
2026-09-23T10:37:07.331858,186.32802851485673,176.33009810145825,155.07721518825593,142.65313528362606,175.56690826408663,182.9264611613979,25.076091959611436,25.58295405775375,1.9518560557423694,1.4692151830404074,32.08921962844368,INSPECTION
2026-09-23T10:37:07.341858,176.0724517550012,165.29555424080945,148.1603175788561,166.24602546175836,161.08909463299176,193.94860447926172,25.297774763648746,24.659786376243726,2.114355305529294,1.883961724192501,32.764595136116654,INSPECTION
2026-09-23T10:37:07.351858,192.94029984420385,172.5160203626911,182.60298637312027,159.74962538852563,204.57529664416396,169.92486339585741,24.61742431421821,25.124119997129213,2.0340397208427796,2.0666244384016896,32.661952082035754,INSPECTION
2026-09-23T10:37:07.361858,157.52311525785143,156.57037592460256,158.64353305923,170.66591204008233,174.69033493441538,172.62778388832004,24.86142320269836,24.93323413237321,2.06720936563268,1.8054931932013447,31.847250216812093,INSPECTION
2026-09-23T10:37:07.371858,166.19539428095987,176.72522794476654,183.7005595434649,182.88119060241345,181.87931385462548,193.86219917700143,25.00932039176104,24.800646087966253,1.8938703119085936,1.71948920522158,32.13356410253407,INSPECTION
2026-09-23T10:37:07.381858,197.35066712749415,202.92835452424836,147.77434679539033,195.8077321138053,175.2049077787024,171.35246389746027,24.886064283209326,25.231782616749022,1.8756463932314256,1.9591318420953565,31.141679153213666,INSPECTION
2026-09-23T10:37:07.391858,170.09619301580003,173.17833967243513,172.0544888387991,190.96527619926906,188.20987993034592,164.22381646032477,26.012837874241566,24.678097614630143,2.3745133874289497,2.413664386068435,31.917979172327854,INSPECTION
2026-09-23T10:37:07.401858,190.87296850820402,168.54577363337722,173.3633270994785,149.14612090255903,177.3555639791535,177.61904840689945,25.463272505115764,25.495115360673207,1.7503172957304856,1.873019822541188,31.78101754393956,INSPECTION
2026-09-23T10:37:07.411858,171.20698237115124,153.83133352711238,140.6984041774597,196.09884975919783,178.31798437054132,180.4586249198304,24.637074745683865,25.47397159861592,1.9019008904851327,1.9560520155758259,30.89123017800945,INSPECTION
2026-09-23T10:37:07.421858,188.53760730892043,167.169226571796,168.6975272169752,179.5609783787004,175.57383496598945,172.00445261796102,24.643492459391037,26.004058914449587,1.8808201977633943,1.8857862825181468,32.95937565252027,INSPECTION
2026-09-23T10:37:07.431858,177.67310506221997,161.5342220967353,166.59862980776393,154.28856892446078,198.14923518343602,170.78044554483955,25.99188641213823,25.482805828073758,1.7851967412540468,2.040234235522102,30.81298601341549,INSPECTION
2026-09-23T10:37:07.441858,157.065745351399,163.96861609114615,169.06888117890284,197.23198994315396,172.08928050179108,164.85527720463307,25.39802328826152,25.399833300878658,2.334854254660878,1.5160389533370442,30.880751066808816,INSPECTION
2026-09-23T10:37:07.451858,162.89517907127959,173.1133648439825,164.31710333694502,187.02791191242196,194.3405720404931,164.9974558304025,25.06102330368932,25.71535646616359,2.295071387205074,1.644688918160264,32.861490991662826,INSPECTION
2026-09-23T10:37:07.461858,207.8564767061273,169.50547508318434,171.5727547961512,176.64674170360175,187.21040265173852,185.1998935552249,24.42299389617305,25.353134211258634,2.3195126160184225,2.0106316902086103,31.841283953111308,INSPECTION
2026-09-23T10:37:07.471858,168.38168744501914,194.62100391430678,136.52573457923407,185.41196595298888,173.1728978087526,188.6545897462448,25.298583008998982,25.230674516355954,1.9662708971297984,1.5414233035565303,32.45895573592145,INSPECTION
2026-09-23T10:37:07.481858,153.77585664574144,195.07838656048372,163.35084898757532,200.402765090374,175.77890226387967,199.21662566428972,25.242680721799218,24.001866262460027,1.8383767117752843,1.718671997593015,32.965518213206884,INSPECTION
2026-09-23T10:37:07.491858,194.6426663102068,182.09303027354508,197.8470212786774,143.30640291051387,157.10581178174507,178.13480715273346,25.88935124140028,25.33805167291051,2.2240712567705763,1.6535825205317536,30.559768011634272,INSPECTION
2026-09-23T10:37:07.501858,201.06984463662243,169.9873660141189,159.47548026847323,181.18042628699575,165.11086673796515,193.68855654281808,25.20861530646628,24.13145446148277,2.1621383210739173,1.9923740496741031,32.130667620131355,INSPECTION
2026-09-23T10:37:07.511858,177.72095545707185,182.7814554896329,176.12578628764206,186.8541258326283,172.1398770411029,156.5507436717601,25.189768820320033,24.940236864701298,2.016759629750721,1.878956574199873,31.453972056505197,INSPECTION
2026-09-23T10:37:07.521858,161.89238825717177,167.46388494815267,160.05133898283114,153.66945835348253,158.7315277513359,193.8956668471084,24.167382032682458,25.553849606884604,1.8961722304953579,1.7662827899552296,30.89454491633289,INSPECTION
2026-09-23T10:37:07.531858,185.2029024134962,187.8226324476772,149.2835839596131,162.69935798788674,205.0103059711799,213.98117095385516,25.36496795041073,25.16942056887086,2.1351708829675613,1.7110167155780573,32.68152413134466,INSPECTION
2026-09-23T10:37:07.541858,194.53350511647898,193.40193040762787,176.84831163534275,174.79170971843317,211.077517295949,173.59289851353162,24.928060845784668,25.64642281597079,1.8768996864399152,1.7814956595296467,32.15409567048989,INSPECTION
2026-09-23T10:37:07.551858,199.47435389238433,164.69448236777524,159.94909331793227,181.93067363122418,165.43887806019396,167.84499517603425,24.117343858655104,25.195519259398182,1.7045475348608197,2.00274079956919,33.00068912461134,INSPECTION
2026-09-23T10:37:07.561858,175.3287640790335,162.2979617279314,172.20001609422346,191.30346430143405,188.14103793629863,175.9295265979794,25.017876640439738,25.09811009172702,1.8399358245493387,1.918789961117239,32.01944432249344,INSPECTION
2026-09-23T10:37:07.571858,212.0595157795313,172.92293511431262,161.51359777488565,182.53636084662588,183.59419838673978,189.5635137827432,25.186757895362103,24.84794441034956,2.2189721457953357,1.8937718549653766,33.41660429288366,INSPECTION
2026-09-23T10:37:07.581858,170.52490183526257,172.64740591368962,167.94636687832434,163.6279910456247,185.71927953711202,195.82581180835916,24.912728222590783,25.173439164986476,2.1443112154140644,1.945089422735518,32.30299928307498,INSPECTION
2026-09-23T10:37:07.591858,184.96778570854212,198.18670582487886,168.33803698019366,162.5148418577145,195.5274958160194,164.78134931651306,24.87427283484213,25.41575379289013,1.5285454618417817,1.8267526875560536,35.46222456073206,INSPECTION
2026-09-23T10:37:07.601858,188.14885663268896,177.78009899513032,182.52860207458713,156.46698585013405,168.55188553948364,149.66671435058674,24.849434603300192,25.11943384097945,1.9030494175680046,1.8352361972181643,32.75904620438806,INSPECTION
2026-09-23T10:37:07.611858,152.76079524504829,182.39109903296097,171.4244726107089,171.01348823380033,181.16541278131024,163.97366099115152,25.05179782687936,24.174007628585567,1.800709776361173,2.0425671360788913,30.54017744191056,INSPECTION
2026-09-23T10:37:07.621858,204.45176953529,153.69442927417919,153.4449781864351,186.05285915262888,183.31791486645878,169.18638905084063,26.123500079172363,24.71903171741346,2.2732317703279197,1.8551505106291661,32.340389950864925,INSPECTION
2026-09-23T10:37:07.631858,174.86107623486083,164.4319297339315,142.83402809100974,164.4959840785817,201.1602761622239,207.15006321406202,25.799998712730346,24.670266348406862,2.059809068800752,2.1732973558920694,31.638072473928247,INSPECTION
2026-09-23T10:37:07.641858,188.2006181417891,183.8949997072003,165.57269898344444,192.962306784588,162.5245390965869,192.47571398203698,25.650445897386447,25.729686333718732,1.8074333206211675,1.542568709806243,30.838148974999598,INSPECTION
2026-09-23T10:37:07.651858,153.60157423731363,172.66649499172374,156.36363213737633,186.56024510865421,207.44244179308376,198.0488157085817,25.002607917168124,25.130524103744357,2.025845256989361,1.998715622829939,32.71503847125975,INSPECTION
2026-09-23T10:37:07.661858,166.3215349037735,169.34657333020937,171.41879462880866,153.38537955883336,170.72609772853917,189.84400158613226,25.30650572011888,24.70209442041475,1.879463925618651,1.6173811201482564,30.047672133647158,INSPECTION
2026-09-23T10:37:07.671858,195.51541260632152,150.20976413621523,164.35349996557764,165.18141641437524,181.02390942366677,192.80622017782983,25.194057180158637,25.02199512449984,1.6752177449512922,2.0902617595815087,30.68332773318663,INSPECTION
2026-09-23T10:37:07.681858,166.00103080534154,164.84316127784925,150.90446300252054,168.80647162905623,201.4270497572315,193.6476877069143,25.870243409649795,25.213355577910654,2.2319396402882345,1.7220215503601826,31.43748444887448,INSPECTION
2026-09-23T10:37:07.691858,187.3569328104646,159.80973567351475,163.23130379443174,151.20368483926526,183.78008078162412,181.3458641593341,24.785737284886924,25.1915489006858,1.829736941873582,1.6636954473434133,32.645068326948234,INSPECTION
2026-09-23T10:37:07.701858,201.06610429642018,174.07434702405283,158.74613393499533,160.02978340223407,210.27270503229175,180.9292506288503,24.712084246722213,24.93316400697228,1.7584965502624699,1.9326188028293918,34.43465418468988,INSPECTION
2026-09-23T10:37:07.711858,182.76603307244486,173.0653937389828,158.1697223579039,187.1130647713677,185.23892979237738,160.84298357091984,24.751215218249456,25.38844655803701,1.9425553326771037,1.974102384701466,32.54034189931417,INSPECTION
2026-09-23T10:37:07.721858,183.8192637490288,190.1829189595257,179.36204813044426,171.6077488970319,181.61430864376064,158.57840584461596,25.60735884247119,25.11103507959841,2.1924776754607773,1.9621614515403378,30.052823381261366,INSPECTION
2026-09-23T10:37:07.731858,190.83898958174373,176.27669456849918,149.13983316394953,181.53036550471518,183.9700086363007,173.28155455783315,24.641689101174286,24.86608089274443,2.2465096353551433,1.5416188233483,33.111193313895676,INSPECTION
2026-09-23T10:37:07.741858,178.89873767494177,192.1391991959014,138.5222793729736,158.6803333324668,171.92811027764458,194.44360768228108,24.58011803016226,25.23825216610324,2.1229286596406656,1.7664239015355485,31.539267935363572,INSPECTION
2026-09-23T10:37:07.751858,180.37277991217508,162.49925393272702,170.09662135602494,187.11840060628765,191.27999249605816,189.8644960301263,24.110316312656483,25.112952359163643,2.1640525329326428,1.977401742428362,31.80625282801131,INSPECTION
2026-09-23T10:37:07.761858,200.05068771230225,181.3501433564132,150.17122957240525,175.99049049892434,199.47957396089348,201.04703663353854,25.406756313527648,25.459640844697766,2.2053551934949716,1.849092030960367,32.03669765742143,INSPECTION
2026-09-23T10:37:07.771858,169.6069671855215,178.00881816083447,146.4437154305237,161.12443650785616,186.25229599264262,178.9608942952885,24.79482530031143,24.362075345138244,2.007811915346813,2.1716971743097004,33.09912004848079,INSPECTION
2026-09-23T10:37:07.781858,183.82426646694034,168.9444644185902,162.1583868858658,183.43598300588488,201.6821269505571,206.1204788334961,25.458296098465812,25.580050245171744,2.124997245606833,2.0482207450717276,32.37602631383832,INSPECTION
2026-09-23T10:37:07.791858,167.6251291266227,180.11860937665134,165.61629876238976,161.23756933361548,201.76573515713292,228.70371751640235,25.31068906927583,24.86092464797207,1.709159062237565,1.683216114491247,31.34836273834677,INSPECTION
2026-09-23T10:37:07.801858,187.43897245155733,203.0781918581667,154.17980894220509,177.71051225769696,168.02915713353582,179.80965909439928,24.916863548612664,25.210533628999748,2.0296917263317646,2.0311105507409133,32.22003086030474,INSPECTION
2026-09-23T10:37:07.811858,168.24214211779938,149.53743709938777,161.62239462646363,172.7533714188422,186.34865660701828,191.3642600584956,25.170244974673064,25.23544583489945,2.143154121705848,2.4385805339814755,30.871425684639345,INSPECTION
2026-09-23T10:37:07.821858,139.60144459816627,177.10397954383333,162.74797184073608,182.67781152651236,150.13285957338894,166.08808187716082,23.699519266730324,25.79383029936685,1.830628389327829,2.002605690385351,30.831797253806656,INSPECTION
2026-09-23T10:37:07.831858,178.67798404735404,177.34384407002278,170.17264729036327,160.79507449006786,176.00110078032108,187.32778078016577,25.229761245152886,25.1236645356511,1.7216273022630353,2.0131799527166434,32.20649928529853,INSPECTION
2026-09-23T10:37:07.841858,180.00935193273295,182.90451141260914,172.86048626513684,164.03145777852765,167.80321496258668,199.79478702719533,24.073972826891353,25.29057480201999,2.122293853069182,1.8631783602338596,32.844305854702355,INSPECTION
2026-09-23T10:37:07.851858,186.83986421037008,170.88266408223978,163.60249198890148,167.8857712872935,218.86672758351065,187.35095984634478,24.757208297590925,25.669892048772486,1.6844900769714464,1.9756690896730038,32.028514699048934,INSPECTION
2026-09-23T10:37:07.861858,176.34151616870275,177.5696139284679,159.2826892788414,168.44499208341526,193.43674317604504,199.83953792068033,24.367072011723327,25.04862573606782,2.0308195091993033,1.6713531934471557,31.00260114045646,INSPECTION
2026-09-23T10:37:07.871858,166.94130274446695,167.75663726651507,170.33180351425975,175.72847481539154,189.10807317157028,171.74419416097567,25.2795413905256,24.133558803293898,1.8833916509261472,2.0064272933158724,31.338152468707378,INSPECTION
2026-09-23T10:37:07.881858,184.70208140253348,181.94635407028673,167.83254262200637,161.13947831831115,174.2762282152029,178.11472434256888,24.519637361517177,24.862991590710035,1.9758264205906386,1.7522629517755717,30.918938844651635,INSPECTION
2026-09-23T10:37:07.891858,184.00216067642725,173.64424012895827,168.32361990437687,191.42932354811919,174.9784309740436,204.93825489400632,24.200875223875254,25.28199286984077,2.022669784131899,1.7781660762435145,30.72546168647686,INSPECTION
2026-09-23T10:37:07.901858,192.84026689566872,143.81998561968712,168.86299782217128,154.12331247499355,185.18014104382982,201.58823785946387,25.21092889435733,25.00848801173624,1.9602896746786007,2.3603738809245884,32.48023974950952,INSPECTION
2026-09-23T10:37:07.911858,150.36923025959396,152.4433880797235,156.8029260422265,180.71228160473459,160.9372831897271,188.93289292244506,24.348324895952086,24.90057121642572,1.6145093464815445,1.6885644594898321,33.013392191534955,INSPECTION
2026-09-23T10:37:07.921858,154.49982167059432,156.65662408816996,163.17200857622137,157.82503294818315,160.39768316411153,173.626527693146,24.676800005335537,26.276545847709386,2.0149311150976827,1.9794768170174724,33.398794497522964,INSPECTION
2026-09-23T10:37:07.931858,193.9219349918419,167.7635226376742,164.42821120122125,184.7842306910448,162.0410346394095,173.32825299460598,24.678339872268,25.433824392178895,1.9421392099343673,2.1676428236329572,32.801938743349105,INSPECTION
2026-09-23T10:37:07.941858,191.81469536087846,192.75970965467167,149.98192010988606,175.41384796940076,197.96663819342763,182.18140485308845,25.45951950360211,25.113539677961892,2.3305467991042033,1.9028320390635391,32.47712010668476,INSPECTION
2026-09-23T10:37:07.951858,153.7646092760691,188.499345997065,157.43379201448894,163.70296135501766,211.52479096272663,171.9728603758416,25.088573722376143,25.232799915820994,2.0128239742408858,1.9680505111922535,31.129843502039726,INSPECTION
2026-09-23T10:37:07.961858,190.10350288333672,168.62589766288752,136.36542389637532,174.75662347849578,192.69441453397496,192.94310204492456,25.66930863609349,24.901380026450408,2.0555501963228084,1.6867610593210334,31.921135542061503,INSPECTION
2026-09-23T10:37:07.971858,190.5756148934164,197.13683118374672,142.994731141809,168.37814589211524,205.71761860238783,152.4396587729264,24.453256780691426,24.95743242930869,1.9972743539130917,2.0409244018692445,31.734090448742577,INSPECTION
2026-09-23T10:37:07.981858,188.4781748119325,181.70896632370238,164.38691670758308,125.77178993481934,182.67070918019908,191.3318697807614,24.11982951424463,24.061844841790624,2.341817704537716,2.0629728843501858,32.6027424255508,INSPECTION
2026-09-23T10:37:07.991858,180.9648935971622,175.93630559435664,151.8813764545809,170.44993118770736,190.48676558647642,179.21571103869914,24.878937233095883,23.787305858606516,2.0338539413507988,1.916360201891371,33.518717188321105,INSPECTION
2026-09-23T10:37:08.001858,183.4038485421262,175.787971494914,153.0265680388884,167.41703747313966,177.42006515257842,195.3304085015708,25.365247920404478,25.246953109573692,1.8423788810726036,2.02042620617702,31.91443642495587,INSPECTION
2026-09-23T10:37:08.011858,185.18489499196295,140.72667521645545,175.69425755566382,156.86729277964886,196.92593820355077,192.46326180241195,24.659085712104968,24.5639446875649,1.8007034789925591,1.7418800213442545,31.906046663198843,INSPECTION
2026-09-23T10:37:08.021858,179.9169104101378,180.68585228696796,182.3291159293375,171.32188419975517,179.10445772920238,185.99105644369766,26.124477994056182,24.916673814826165,1.7836644617309458,1.9613874299603957,32.02380048759181,INSPECTION
2026-09-23T10:37:08.038683,163.73856300579246,199.27063334200162,158.64857011505012,172.41006695631376,201.8996881239246,170.45550712210934,24.80659276404772,25.109255608813914,2.1270462025553867,1.9547951042262555,31.983161106265136,INSPECTION
2026-09-23T10:37:08.048683,172.84641635237787,173.73736192696893,174.72652838781087,161.42134298403812,162.3662898916838,170.6933456436943,25.774072071183628,23.635893590791564,1.9923366710452712,1.943058602868258,32.69679973221953,INSPECTION
2026-09-23T10:37:08.058683,174.41655382593726,165.2048268433739,192.80179633463518,173.99402949356627,172.4257854606682,168.30545961079915,24.70252913548372,25.05146601723908,2.1443201245787744,1.8107295084994024,31.27693812748387,INSPECTION
2026-09-23T10:37:08.068683,165.90939283458107,168.93976751080874,161.69194134074624,159.52177106573308,195.05672104223925,178.0272638628134,25.569518176826524,24.948468687994573,1.842052117587722,1.5659466807428046,31.863267841351103,INSPECTION
2026-09-23T10:37:08.078683,165.97293830053454,200.57149004804384,151.44619324509844,170.46405368813032,172.06280357461833,175.2234858506824,24.37588570936104,25.29833514039906,2.2540630260254417,2.037854965866633,31.912689933273768,INSPECTION
2026-09-23T10:37:08.088683,174.49675650353356,179.79570352927288,164.11551872033036,156.3532141823209,190.3827725327186,172.41969885814768,25.349021062772405,24.987823260701617,1.845174012714862,1.8295950420502196,30.014821887865114,INSPECTION
2026-09-23T10:37:08.098683,194.5712488962894,172.46874186752905,178.88657081064056,165.30039441564165,150.9945128108277,190.2567282131502,25.780993643863706,24.569430782989414,1.9316130046460493,1.5102434149703612,31.67812296067795,INSPECTION
2026-09-23T10:37:08.108683,191.00679456298678,172.8823390890175,147.64976163868022,153.34759637015776,176.94456761079155,169.50659070678873,24.789157999710575,25.0637990819793,1.8149882778632709,1.3144177155676524,32.77293025923221,INSPECTION
2026-09-23T10:37:08.118683,176.94219983105756,177.35387410537638,170.89092725579258,172.53989141113914,151.65085265608425,154.73228353812496,25.74696803567585,24.568084346899017,2.0807400030742706,1.8139023571320545,31.832008874666187,INSPECTION
2026-09-23T10:37:08.128683,199.50892608600245,154.92234191734508,158.96228269438572,171.44922533467403,190.5914445206745,176.80430469573804,25.072987537969354,25.084108007632434,1.913769851739468,1.6482147916320717,30.223394367063616,INSPECTION
2026-09-23T10:37:08.138683,157.28133033141967,166.9253317669095,171.79335516959765,167.35269600867716,194.7130162262066,162.70950268412625,24.57744572186996,24.78082993101709,2.0297938422646347,1.7433598403645107,34.63568952456375,INSPECTION
2026-09-23T10:37:08.148683,171.3675138675377,163.74189271111055,189.41026398935244,170.75216806222303,176.03848298056792,175.5491247047409,24.699930981928897,24.517762926265018,2.0489133868588127,1.8228476864510217,31.030377598804115,INSPECTION
2026-09-23T10:37:08.158683,176.1674528594219,194.01307943012534,160.45262930991578,176.17076179871046,195.7460978364343,158.74679989435205,24.40392265102521,25.10343013598846,2.0148245525878377,2.0763964635085426,31.54301824635066,INSPECTION
2026-09-23T10:37:08.168683,184.43634188642403,176.55311073530996,191.50136247789837,184.61359138751422,194.34962906434248,161.8081513107819,24.999798288166193,24.79164118192267,1.9637013530756986,1.9693943732970232,33.199251203931816,INSPECTION
2026-09-23T10:37:08.178683,188.52198477158487,179.09356764453923,173.67100884420861,169.69195357912892,210.76408752599846,169.13288123529546,24.579176292558596,25.137278926885937,2.065798079983787,1.9073858043675478,32.30767291510697,INSPECTION
2026-09-23T10:37:08.188683,178.85679993094845,157.06859432733128,160.5861575245552,163.4921691478368,198.47104854229926,164.33591299878822,24.537430208310905,25.459857404328275,2.2865663499295774,1.995573718373787,34.103244678985675,INSPECTION
2026-09-23T10:37:08.198683,169.77371102185887,187.4862763003522,143.74403260035783,162.13428342655357,186.36333093368694,187.33974193978474,24.919186051987154,24.96647157590845,2.155461754781006,2.112574697209939,33.06112433555771,INSPECTION
2026-09-23T10:37:08.208683,195.7751845563075,169.20110942428653,153.2994084279356,157.83494201144225,157.47111914395077,198.82408606191947,24.71581105605224,25.33147266804243,1.7616633038461906,2.0330014060304804,32.27051422246195,INSPECTION
2026-09-23T10:37:08.218683,184.1320823066178,193.8475242241073,164.17637967915536,171.78891657155407,182.86780112655663,183.41378445998706,25.200864036853936,24.928235819183772,1.800682780517672,1.846653503522088,33.11327041287173,INSPECTION
2026-09-23T10:37:08.228683,199.50168347220156,183.16852345666786,173.42478986813072,168.651939614924,194.56426617491405,183.76573910441078,24.981579433042793,25.248028718332616,1.8099952649491517,1.7032106865767576,31.425485390228772,INSPECTION
2026-09-23T10:37:08.238683,184.4895798963331,192.57678072944432,156.45116125409066,191.29736567969198,196.7428704295225,179.61353127772043,25.03469400179185,25.013874226586736,2.142809191012399,1.8337866192517756,31.824961567360145,INSPECTION
2026-09-23T10:37:08.248683,170.27879846807465,170.30823328487682,169.7053574884764,179.94821716933777,189.42634862980853,164.008727567709,25.53404046535546,24.53221988557883,1.8200727565621442,2.0267613829405087,32.785575384025194,INSPECTION
2026-09-23T10:37:08.258683,188.75500576716573,161.66204292607884,156.98815264674863,168.53789295373645,213.94282929080575,155.58418084856703,24.60129074638994,25.162809019279102,2.1107775756254794,2.0097165018838736,33.26789808561193,INSPECTION
2026-09-23T10:37:08.268683,180.84485949651437,163.43917180713294,161.08265472601138,161.1324910164589,211.1839694904723,175.5280010486181,24.98999599869539,24.47060209399492,1.9279584686406357,1.6606187835777388,29.974042377079687,INSPECTION
2026-09-23T10:37:08.278683,178.60598231129856,179.39430513752984,161.85304619444653,171.76095880439965,174.5863868321934,193.08803568649756,25.11074212964437,24.52150801789726,1.8515378129479507,1.7991480150094044,33.06336507407015,INSPECTION
2026-09-23T10:37:08.288683,191.63232760364912,181.8964068487834,160.26155703388093,154.60415830696078,172.61755403171435,162.50840613705833,25.143785577878276,23.912597003934344,1.9616416408034667,1.7853845049089065,30.865939924762305,INSPECTION
2026-09-23T10:37:08.298683,181.98826253613097,167.89588803856333,160.31340151523213,166.624214149022,190.34712162550613,195.70024883511334,25.644981841634042,24.948703525823404,2.1978520907968697,1.9111374599093185,32.60453545526694,INSPECTION
2026-09-23T10:37:08.308683,153.33329317528114,191.35145107864324,176.77197059668129,167.49462731141142,193.33579610891366,183.18568238992844,24.811800625976545,25.375165838967142,1.9773510543837387,1.8949093526627114,31.3396979678594,INSPECTION
2026-09-23T10:37:08.318683,170.40319828329228,160.77299822408062,154.41532185323715,149.48286996024805,186.66112490499873,174.9149225006383,23.696018837119105,25.095317889232266,1.8736846607301725,2.1660086584073044,29.601348185222562,INSPECTION
2026-09-23T10:37:08.328683,187.86121647903877,164.5592368721603,156.20442839095006,182.72498550014672,179.77126886998704,175.38887960285803,24.925300860761173,24.61091548502376,2.0627289598214014,1.9372780587667184,30.661135962477218,INSPECTION
2026-09-23T10:37:08.338683,140.33113427204725,191.11194809666875,161.96327761164574,172.89759075212314,203.0125060025204,190.37155194457122,25.37615964908375,25.538131278324276,1.9416101078819772,1.8151755086144994,32.19604465647736,INSPECTION
